timestamp,strikePrice,Theo ES,call_oi_sum,put_oi_sum,call_vol_sum,put_vol_sum,adj_call_vol,adj_put_vol,total_vol_sum,adj_sum,TV_Rank,Call_TV_Rank,Put_TV_Rank,Adj_Rank,Call_Adj_Rank,Put_Adj_Rank
2026-10-05 07:11:21,6250.0,6292.0,0,266,0,0,0,0,0,0,,,,,,
2026-10-05 07:11:21,6250.0,6292.0,0,1287,0,0,0,0,0,0,,,,,,
2026-10-05 07:11:21,6275.0,6317.0,0,0,0,0,0,0,0,0,,,,,,
2026-10-05 07:11:21,6300.0,6342.0,0,46752,0,0,0,0,0,0,,,,,,
2026-10-05 07:11:21,6300.0,6342.0,1,849,1,0,0,0,1,0,,,,,,
2026-10-05 07:11:21,6300.0,6342.0,0,711,0,300,0,0,300,0,,,,,,
2026-10-05 07:11:21,6300.0,6342.0,0,406,1,0,1,0,1,1,,,,,,
2026-10-05 07:11:21,6300.0,6342.0,20,22622,0,1,0,0,1,0,,,,,,
2026-10-05 07:11:21,6300.0,6342.0,1,6364,0,0,0,0,0,0,,,,,,
2026-10-05 07:11:21,6300.0,6342.0,0,161,0,1,0,0,1,0,,,,,,
2026-10-05 07:11:21,6300.0,6342.0,0,153,0,1,0,0,1,0,,,,,,
2026-10-05 07:11:21,6300.0,6342.0,0,205,0,8,0,0,8,0,,,,,,
2026-10-05 07:11:21,6325.0,6367.0,20,1001,0,0,0,0,0,0,,,,,,
2026-10-05 07:11:21,6350.0,6392.0,0,135,0,0,0,0,0,0,,,,,,
2026-10-05 07:11:21,6350.0,6392.0,1,3433,0,5,0,0,5,0,,,,,,
2026-10-05 07:11:21,6375.0,6417.0,0,4299,0,10,0,0,10,0,,,,,,
2026-10-05 07:11:21,6400.0,6442.0,0,46599,0,0,0,0,0,0,,,,,,
2026-10-05 07:11:21,6400.0,6442.0,0,2147,0,0,0,0,0,0,,,,,,
2026-10-05 07:11:21,6400.0,6442.0,0,3629,0,0,0,0,0,0,,,,,,
2026-10-05 07:11:21,6400.0,6442.0,0,1804,0,0,0,0,0,0,,,,,,
2026-10-05 07:11:21,6400.0,6442.0,0,11303,0,65,0,0,65,0,,,,,,
2026-10-05 07:11:21,6400.0,6442.0,0,1353,0,0,0,0,0,0,,,,,,
2026-10-05 07:11:21,6400.0,6442.0,0,296,0,3,0,0,3,0,,,,,,
2026-10-05 07:11:21,6400.0,6442.0,0,614,0,1,0,0,1,0,,,,,,
2026-10-05 07:11:21,6400.0,6442.0,0,3327,0,43,0,0,43,0,,,,,,
2026-10-05 07:11:21,6425.0,6467.0,0,153,0,0,0,0,0,0,,,,,,
2026-10-05 07:11:21,6450.0,6492.0,3,1996,0,0,0,0,0,0,,,,,,
2026-10-05 07:11:21,6475.0,6517.0,0,246,0,0,0,0,0,0,,,,,,
2026-10-05 07:11:21,6500.0,6542.0,0,756,0,0,0,0,0,0,,,,,,
2026-10-05 07:11:21,6500.0,6542.0,2,695,0,0,0,0,0,0,,,,,,
2026-10-05 07:11:21,6500.0,6542.0,0,143,0,0,0,0,0,0,,,,,,
2026-10-05 07:11:21,6500.0,6542.0,0,451,0,65,0,0,65,0,,,,,,
2026-10-05 07:11:21,6500.0,6542.0,2,1521,0,5,0,0,5,0,,,,,,
2026-10-05 07:11:21,6500.0,6542.0,1,2236,0,0,0,0,0,0,,,,,,
2026-10-05 07:11:21,6500.0,6542.0,0,212,0,0,0,0,0,0,,,,,,
2026-10-05 07:11:21,6500.0,6542.0,0,440,0,2,0,0,2,0,,,,,,
2026-10-05 07:11:21,6500.0,6542.0,1,307,0,1,0,0,1,0,,,,,,
2026-10-05 07:11:21,6525.0,6567.0,0,631,0,0,0,0,0,0,,,,,,
2026-10-05 07:11:21,6525.0,6567.0,0,119,0,0,0,0,0,0,,,,,,
2026-10-05 07:11:21,6525.0,6567.0,0,147,0,0,0,0,0,0,,,,,,
2026-10-05 07:11:21,6525.0,6567.0,0,158,0,20,0,0,20,0,,,,,,
2026-10-05 07:11:21,6525.0,6567.0,0,118,0,0,0,0,0,0,,,,,,
2026-10-05 07:11:21,6525.0,6567.0,0,89,0,0,0,0,0,0,,,,,,
2026-10-05 07:11:21,6525.0,6567.0,0,48,0,0,0,0,0,0,,,,,,
2026-10-05 07:11:21,6525.0,6567.0,0,15,0,17,0,2,17,2,,,,,,
2026-10-05 07:11:21,6525.0,6567.0,0,6,0,1,0,0,1,0,,,,,,
2026-10-05 07:11:21,6550.0,6592.0,0,897,0,0,0,0,0,0,,,,,,
2026-10-05 07:11:21,6550.0,6592.0,0,17,0,0,0,0,0,0,,,,,,
2026-10-05 07:11:21,6550.0,6592.0,0,139,0,0,0,0,0,0,,,,,,
2026-10-05 07:11:21,6550.0,6592.0,0,74,0,24,0,0,24,0,,,,,,
2026-10-05 07:11:21,6550.0,6592.0,52,482,0,0,0,0,0,0,,,,,,
2026-10-05 07:11:21,6550.0,6592.0,0,177,0,0,0,0,0,0,,,,,,
2026-10-05 07:11:21,6550.0,6592.0,0,2,0,0,0,0,0,0,,,,,,
2026-10-05 07:11:21,6550.0,6592.0,0,10,0,0,0,0,0,0,,,,,,
2026-10-05 07:11:21,6550.0,6592.0,0,3,0,0,0,0,0,0,,,,,,
2026-10-05 07:11:21,6575.0,6617.0,0,208,0,0,0,0,0,0,,,,,,
2026-10-05 07:11:21,6575.0,6617.0,0,50,0,0,0,0,0,0,,,,,,
2026-10-05 07:11:21,6575.0,6617.0,0,1346,0,0,0,0,0,0,,,,,,
2026-10-05 07:11:21,6575.0,6617.0,1,92,0,25,0,0,25,0,,,,,,
2026-10-05 07:11:21,6575.0,6617.0,1,257,0,0,0,0,0,0,,,,,,
2026-10-05 07:11:21,6575.0,6617.0,0,0,0,0,0,0,0,0,,,,,,
2026-10-05 07:11:21,6575.0,6617.0,0,1,0,0,0,0,0,0,,,,,,
2026-10-05 07:11:21,6575.0,6617.0,0,21,0,1,0,0,1,0,,,,,,
2026-10-05 07:11:21,6575.0,6617.0,0,2,0,1,0,0,1,0,,,,,,
2026-10-05 07:11:21,6600.0,6642.0,12,4254,1,0,0,0,1,0,,,,,,
2026-10-05 07:11:21,6600.0,6642.0,0,311,0,10,0,0,10,0,,,,,,
2026-10-05 07:11:21,6600.0,6642.0,0,139,1,0,1,0,1,1,,,,,,
2026-10-05 07:11:21,6600.0,6642.0,0,844,0,5,0,0,5,0,,,,,,
2026-10-05 07:11:21,6600.0,6642.0,1,2445,0,10,0,0,10,0,,,,,,
2026-10-05 07:11:21,6600.0,6642.0,0,6203,0,10,0,0,10,0,,,,,,
2026-10-05 07:11:21,6600.0,6642.0,0,20,0,5,0,0,5,0,,,,,,
2026-10-05 07:11:21,6600.0,6642.0,0,109,0,0,0,0,0,0,,,,,,
2026-10-05 07:11:21,6600.0,6642.0,3,713,0,0,0,0,0,0,,,,,,
2026-10-05 07:11:21,6625.0,6667.0,10,507,0,0,0,0,0,0,,,,,,
2026-10-05 07:11:21,6625.0,6667.0,0,243,0,0,0,0,0,0,,,,,,
2026-10-05 07:11:21,6625.0,6667.0,1,23,0,0,0,0,0,0,,,,,,
2026-10-05 07:11:21,6625.0,6667.0,0,218,0,0,0,0,0,0,,,,,,
2026-10-05 07:11:21,6625.0,6667.0,0,193,0,20,0,0,20,0,,,,,,
2026-10-05 07:11:21,6625.0,6667.0,0,24,0,1,0,0,1,0,,,,,,
2026-10-05 07:11:21,6625.0,6667.0,0,352,0,1,0,0,1,0,,,,,,
2026-10-05 07:11:21,6625.0,6667.0,0,96,0,0,0,0,0,0,,,,,,
2026-10-05 07:11:21,6625.0,6667.0,0,0,0,1,0,1,1,1,,,,,,
2026-10-05 07:11:21,6650.0,6692.0,1,471,0,0,0,0,0,0,,,,,,
2026-10-05 07:11:21,6650.0,6692.0,1,55,0,6,0,0,6,0,,,,,,
2026-10-05 07:11:21,6650.0,6692.0,0,251,0,5,0,0,5,0,,,,,,
2026-10-05 07:11:21,6650.0,6692.0,0,75,0,0,0,0,0,0,,,,,,
2026-10-05 07:11:21,6650.0,6692.0,0,945,0,80,0,0,80,0,,,,,,
2026-10-05 07:11:21,6650.0,6692.0,0,170,0,0,0,0,0,0,,,,,,
2026-10-05 07:11:21,6650.0,6692.0,0,47,0,0,0,0,0,0,,,,,,
2026-10-05 07:11:21,6650.0,6692.0,0,379,0,0,0,0,0,0,,,,,,
2026-10-05 07:11:21,6650.0,6692.0,0,204,0,1,0,0,1,0,,,,,,
2026-10-05 07:11:21,6675.0,6717.0,0,507,0,0,0,0,0,0,,,,,,
2026-10-05 07:11:21,6675.0,6717.0,0,825,0,0,0,0,0,0,,,,,,
2026-10-05 07:11:21,6675.0,6717.0,0,312,0,0,0,0,0,0,,,,,,
2026-10-05 07:11:21,6675.0,6717.0,0,29,0,0,0,0,0,0,,,,,,
2026-10-05 07:11:21,6675.0,6717.0,2,887,0,21,0,0,21,0,,,,,,
2026-10-05 07:11:21,6675.0,6717.0,0,82,0,0,0,0,0,0,,,,,,
2026-10-05 07:11:21,6675.0,6717.0,23,38,0,0,0,0,0,0,,,,,,
2026-10-05 07:11:21,6675.0,6717.0,0,54,0,1,0,0,1,0,,,,,,
2026-10-05 07:11:21,6675.0,6717.0,0,638,0,0,0,0,0,0,,,,,,
2026-10-05 07:11:21,6700.0,6742.0,0,1128,0,0,0,0,0,0,,,,,,
2026-10-05 07:11:21,6700.0,6742.0,0,451,0,21,0,0,21,0,,,,,,
2026-10-05 07:11:21,6700.0,6742.0,0,5260,0,0,0,0,0,0,,,,,,
2026-10-05 07:11:21,6700.0,6742.0,1,830,0,60,0,0,60,0,,,,,,
2026-10-05 07:11:21,6700.0,6742.0,4,2492,0,11,0,0,11,0,,,,,,
2026-10-05 07:11:21,6700.0,6742.0,0,274,0,121,0,0,121,0,,,,,,
2026-10-05 07:11:21,6700.0,6742.0,27,251,0,61,0,0,61,0,,,,,,
2026-10-05 07:11:21,6700.0,6742.0,0,289,0,0,0,0,0,0,,,,,,
2026-10-05 07:11:21,6700.0,6742.0,0,143,0,1,0,0,1,0,,,,,,
2026-10-05 07:11:21,6725.0,6767.0,0,530,0,0,0,0,0,0,,,,,,
2026-10-05 07:11:21,6725.0,6767.0,0,74,0,21,0,0,21,0,,,,,,
2026-10-05 07:11:21,6725.0,6767.0,0,32,0,0,0,0,0,0,,,,,,
2026-10-05 07:11:21,6725.0,6767.0,0,68,0,1,0,0,1,0,,,,,,
2026-10-05 07:11:21,6725.0,6767.0,6,214,0,0,0,0,0,0,,,,,,
2026-10-05 07:11:21,6725.0,6767.0,0,71,0,3,0,0,3,0,,,,,,
2026-10-05 07:11:21,6725.0,6767.0,0,3,0,1,0,0,1,0,,,,,,
2026-10-05 07:11:21,6725.0,6767.0,0,4,0,1,0,0,1,0,,,,,,
2026-10-05 07:11:21,6725.0,6767.0,1,118,0,0,0,0,0,0,,,,,,
2026-10-05 07:11:21,6750.0,6792.0,0,1788,0,0,0,0,0,0,,,,,,
2026-10-05 07:11:21,6750.0,6792.0,0,71,0,31,0,0,31,0,,,,,,
2026-10-05 07:11:21,6750.0,6792.0,0,74,0,5,0,0,5,0,,,,,,
2026-10-05 07:11:21,6750.0,6792.0,0,149,0,11,0,0,11,0,,,,,,
2026-10-05 07:11:21,6750.0,6792.0,0,1092,0,0,0,0,0,0,,,,,,
2026-10-05 07:11:21,6750.0,6792.0,0,358,0,0,0,0,0,0,,,,,,
2026-10-05 07:11:21,6750.0,6792.0,0,32,0,1,0,0,1,0,,,,,,
2026-10-05 07:11:21,6750.0,6792.0,0,83,0,0,0,0,0,0,,,,,,
2026-10-05 07:11:21,6750.0,6792.0,0,661,0,0,0,0,0,0,,,,,,
2026-10-05 07:11:21,6775.0,6817.0,0,2600,0,0,0,0,0,0,,,,,,
2026-10-05 07:11:21,6775.0,6817.0,0,18,0,43,0,25,43,25,,,,,,
2026-10-05 07:11:21,6775.0,6817.0,0,122,0,0,0,0,0,0,,,,,,
2026-10-05 07:11:21,6775.0,6817.0,0,207,0,14,0,0,14,0,,,,,,
2026-10-05 07:11:21,6775.0,6817.0,4,882,0,170,0,0,170,0,,,,,,
2026-10-05 07:11:21,6775.0,6817.0,0,495,0,190,0,0,190,0,,,,,,
2026-10-05 07:11:21,6775.0,6817.0,1,235,0,0,0,0,0,0,,,,,,
2026-10-05 07:11:21,6775.0,6817.0,0,35,0,1,0,0,1,0,,,,,,
2026-10-05 07:11:21,6775.0,6817.0,0,29,0,1,0,0,1,0,,,,,,
2026-10-05 07:11:21,6800.0,6842.0,0,3831,0,0,0,0,0,0,,,,,,
2026-10-05 07:11:21,6800.0,6842.0,0,411,0,236,0,0,236,0,,,,,,
2026-10-05 07:11:21,6800.0,6842.0,0,265,0,0,0,0,0,0,,,,,,
2026-10-05 07:11:21,6800.0,6842.0,0,134,0,21,0,0,21,0,,,,,,
2026-10-05 07:11:21,6800.0,6842.0,1,14107,0,51,0,0,51,0,,,,,,
2026-10-05 07:11:21,6800.0,6842.0,1,291,0,7,0,0,7,0,,,,,,
2026-10-05 07:11:21,6800.0,6842.0,0,162,0,0,0,0,0,0,,,,,,
2026-10-05 07:11:21,6800.0,6842.0,0,240,0,1,0,0,1,0,,,,,,
2026-10-05 07:11:21,6800.0,6842.0,0,61,0,0,0,0,0,0,,,,,,
2026-10-05 07:11:21,6810.0,6852.0,0,0,0,0,0,0,0,0,,,,,,
2026-10-05 07:11:21,6820.0,6862.0,0,0,0,0,0,0,0,0,,,,,,
2026-10-05 07:11:21,6825.0,6867.0,0,177,0,0,0,0,0,0,,,,,,
2026-10-05 07:11:21,6825.0,6867.0,0,10,0,178,0,168,178,168,,,,,,
2026-10-05 07:11:21,6825.0,6867.0,0,141,0,0,0,0,0,0,,,,,,
2026-10-05 07:11:21,6825.0,6867.0,0,143,0,0,0,0,0,0,,,,,,
2026-10-05 07:11:21,6825.0,6867.0,0,542,0,40,0,0,40,0,,,,,,
2026-10-05 07:11:21,6825.0,6867.0,0,1150,0,40,0,0,40,0,,,,,,
2026-10-05 07:11:21,6825.0,6867.0,0,4,0,0,0,0,0,0,,,,,,
2026-10-05 07:11:21,6825.0,6867.0,0,29,0,0,0,0,0,0,,,,,,
2026-10-05 07:11:21,6825.0,6867.0,0,224,0,0,0,0,0,0,,,,,,
2026-10-05 07:11:21,6830.0,6872.0,0,0,0,0,0,0,0,0,,,,,,
2026-10-05 07:11:21,6840.0,6882.0,0,0,0,0,0,0,0,0,,,,,,
2026-10-05 07:11:21,6850.0,6892.0,3,930,0,1,0,0,1,0,,,,,,
2026-10-05 07:11:21,6850.0,6892.0,0,124,0,30,0,0,30,0,,,,,,
2026-10-05 07:11:21,6850.0,6892.0,0,266,0,0,0,0,0,0,,,,,,
2026-10-05 07:11:21,6850.0,6892.0,0,119,0,0,0,0,0,0,,,,,,
2026-10-05 07:11:21,6850.0,6892.0,75,747,0,0,0,0,0,0,,,,,,
2026-10-05 07:11:21,6850.0,6892.0,0,303,0,9,0,0,9,0,,,,,,
2026-10-05 07:11:21,6850.0,6892.0,0,46,0,0,0,0,0,0,,,,,,
2026-10-05 07:11:21,6850.0,6892.0,0,128,0,0,0,0,0,0,,,,,,
2026-10-05 07:11:21,6850.0,6892.0,1,74,0,0,0,0,0,0,,,,,,
2026-10-05 07:11:21,6860.0,6902.0,0,0,0,0,0,0,0,0,,,,,,
2026-10-05 07:11:21,6870.0,6912.0,0,0,0,0,0,0,0,0,,,,,,
2026-10-05 07:11:21,6875.0,6917.0,0,252,0,0,0,0,0,0,,,,,,
2026-10-05 07:11:21,6875.0,6917.0,0,340,0,5,0,0,5,0,,,,,,
2026-10-05 07:11:21,6875.0,6917.0,0,145,0,0,0,0,0,0,,,,,,
2026-10-05 07:11:21,6875.0,6917.0,0,289,0,1,0,0,1,0,,,,,,
2026-10-05 07:11:21,6875.0,6917.0,1,407,0,0,0,0,0,0,,,,,,
2026-10-05 07:11:21,6875.0,6917.0,62,105,0,0,0,0,0,0,,,,,,
2026-10-05 07:11:21,6875.0,6917.0,0,78,0,0,0,0,0,0,,,,,,
2026-10-05 07:11:21,6875.0,6917.0,0,186,0,0,0,0,0,0,,,,,,
2026-10-05 07:11:21,6875.0,6917.0,0,94,0,0,0,0,0,0,,,,,,
2026-10-05 07:11:21,6880.0,6922.0,0,0,0,0,0,0,0,0,,,,,,
2026-10-05 07:11:21,6890.0,6932.0,0,0,0,0,0,0,0,0,,,,,,
2026-10-05 07:11:21,6900.0,6942.0,20,658,0,0,0,0,0,0,,,,,,
2026-10-05 07:11:21,6900.0,6942.0,10,215,0,4,0,0,4,0,,,,,,
2026-10-05 07:11:21,6900.0,6942.0,0,448,0,40,0,0,40,0,,,,,,
2026-10-05 07:11:21,6900.0,6942.0,10,268,0,21,0,0,21,0,,,,,,
2026-10-05 07:11:21,6900.0,6942.0,12,1510,0,0,0,0,0,0,,,,,,
2026-10-05 07:11:21,6900.0,6942.0,63,154,0,0,0,0,0,0,,,,,,
2026-10-05 07:11:21,6900.0,6942.0,10,43,0,0,0,0,0,0,,,,,,
2026-10-05 07:11:21,6900.0,6942.0,0,302,0,0,0,0,0,0,,,,,,
2026-10-05 07:11:21,6900.0,6942.0,0,667,0,0,0,0,0,0,,,,,,
2026-10-05 07:11:21,6910.0,6952.0,9,1775,0,0,0,0,0,0,,,,,,
2026-10-05 07:11:21,6920.0,6962.0,2,6,0,0,0,0,0,0,,,,,,
2026-10-05 07:11:21,6925.0,6967.0,0,61,0,0,0,0,0,0,,,,,,
2026-10-05 07:11:21,6925.0,6967.0,0,70,0,1,0,0,1,0,,,,,,
2026-10-05 07:11:21,6925.0,6967.0,0,239,0,1,0,0,1,0,,,,,,
2026-10-05 07:11:21,6925.0,6967.0,0,110,0,0,0,0,0,0,,,,,,
2026-10-05 07:11:21,6925.0,6967.0,0,859,0,0,0,0,0,0,,,,,,
2026-10-05 07:11:21,6925.0,6967.0,0,80,0,0,0,0,0,0,,,,,,
2026-10-05 07:11:21,6925.0,6967.0,0,70,0,0,0,0,0,0,,,,,,
2026-10-05 07:11:21,6925.0,6967.0,0,239,0,1,0,0,1,0,,,,,,
2026-10-05 07:11:21,6925.0,6967.0,0,263,0,0,0,0,0,0,,,,,,
2026-10-05 07:11:21,6930.0,6972.0,10,3,0,0,0,0,0,0,,,,,,
2026-10-05 07:11:21,6940.0,6982.0,33,55,0,0,0,0,0,0,,,,,,
2026-10-05 07:11:21,6950.0,6992.0,0,100,0,1,0,0,1,0,,,,,,
2026-10-05 07:11:21,6950.0,6992.0,1,186,0,6,0,0,6,0,,,,,,
2026-10-05 07:11:21,6950.0,6992.0,0,241,0,1,0,0,1,0,,,,,,
2026-10-05 07:11:21,6950.0,6992.0,1,46,0,0,0,0,0,0,,,,,,
2026-10-05 07:11:21,6950.0,6992.0,3,421,0,301,0,0,301,0,,,,,,
2026-10-05 07:11:21,6950.0,6992.0,0,193,0,30,0,0,30,0,,,,,,
2026-10-05 07:11:21,6950.0,6992.0,0,224,0,0,0,0,0,0,,,,,,
2026-10-05 07:11:21,6950.0,6992.0,0,97,0,0,0,0,0,0,,,,,,
2026-10-05 07:11:21,6950.0,6992.0,2,37,0,0,0,0,0,0,,,,,,
2026-10-05 07:11:21,6960.0,7002.0,0,100,0,0,0,0,0,0,,,,,,
2026-10-05 07:11:21,6970.0,7012.0,0,315,0,0,0,0,0,0,,,,,,
2026-10-05 07:11:21,6975.0,7017.0,1,227,0,0,0,0,0,0,,,,,,
2026-10-05 07:11:21,6975.0,7017.0,0,24,0,0,0,0,0,0,,,,,,
2026-10-05 07:11:21,6975.0,7017.0,0,145,0,0,0,0,0,0,,,,,,
2026-10-05 07:11:21,6975.0,7017.0,15,168,0,0,0,0,0,0,,,,,,
2026-10-05 07:11:21,6975.0,7017.0,10,397,0,0,0,0,0,0,,,,,,
2026-10-05 07:11:21,6975.0,7017.0,75,123,0,0,0,0,0,0,,,,,,
2026-10-05 07:11:21,6975.0,7017.0,0,5,0,0,0,0,0,0,,,,,,
2026-10-05 07:11:21,6975.0,7017.0,66,195,0,0,0,0,0,0,,,,,,
2026-10-05 07:11:21,6975.0,7017.0,6,677,0,0,0,0,0,0,,,,,,
2026-10-05 07:11:21,6980.0,7022.0,0,191,0,0,0,0,0,0,,,,,,
2026-10-05 07:11:21,6990.0,7032.0,0,206,0,0,0,0,0,0,,,,,,
2026-10-05 07:11:21,7000.0,7042.0,25,1790,0,1,0,0,1,0,,,,,,
2026-10-05 07:11:21,7000.0,7042.0,11,168,0,0,0,0,0,0,,,,,,
2026-10-05 07:11:21,7000.0,7042.0,0,1080,0,2,0,0,2,0,,,,,,
2026-10-05 07:11:21,7000.0,7042.0,10,433,0,1,0,0,1,0,,,,,,
2026-10-05 07:11:21,7000.0,7042.0,870,11726,2,127,0,0,129,0,,,,,,
2026-10-05 07:11:21,7000.0,7042.0,88,1381,0,38,0,0,38,0,,,,,,
2026-10-05 07:11:21,7000.0,7042.0,11,3079,0,0,0,0,0,0,,,,,,
2026-10-05 07:11:21,7000.0,7042.0,67,300,0,2,0,0,2,0,,,,,,
2026-10-05 07:11:21,7000.0,7042.0,6,342,0,0,0,0,0,0,,,,,,
2026-10-05 07:11:21,7010.0,7052.0,13,102,0,0,0,0,0,0,,,,,,
2026-10-05 07:11:21,7020.0,7062.0,0,46,0,0,0,0,0,0,,,,,,
2026-10-05 07:11:21,7025.0,7067.0,0,1024,0,2,0,0,2,0,,,,,,
2026-10-05 07:11:21,7025.0,7067.0,0,385,0,0,0,0,0,0,,,,,,
2026-10-05 07:11:21,7025.0,7067.0,0,1603,0,2,0,0,2,0,,,,,,
2026-10-05 07:11:21,7025.0,7067.0,1,191,0,0,0,0,0,0,,,,,,
2026-10-05 07:11:21,7025.0,7067.0,1,320,0,14,0,0,14,0,,,,,,
2026-10-05 07:11:21,7025.0,7067.0,0,54,0,0,0,0,0,0,,,,,,
2026-10-05 07:11:21,7025.0,7067.0,0,58,0,0,0,0,0,0,,,,,,
2026-10-05 07:11:21,7025.0,7067.0,0,60,0,0,0,0,0,0,,,,,,
2026-10-05 07:11:21,7025.0,7067.0,0,435,0,0,0,0,0,0,,,,,,
2026-10-05 07:11:21,7030.0,7072.0,125,195,0,10,0,0,10,0,,,,,,
2026-10-05 07:11:21,7040.0,7082.0,0,151,0,0,0,0,0,0,,,,,,
2026-10-05 07:11:21,7050.0,7092.0,14,885,0,0,0,0,0,0,,,,,,
2026-10-05 07:11:21,7050.0,7092.0,7,178,0,0,0,0,0,0,,,,,,
2026-10-05 07:11:21,7050.0,7092.0,0,214,0,0,0,0,0,0,,,,,,
2026-10-05 07:11:21,7050.0,7092.0,0,403,0,6,0,0,6,0,,,,,,
2026-10-05 07:11:21,7050.0,7092.0,1,1214,0,0,0,0,0,0,,,,,,
2026-10-05 07:11:21,7050.0,7092.0,13,173,0,8,0,0,8,0,,,,,,
2026-10-05 07:11:21,7050.0,7092.0,7,93,0,3,0,0,3,0,,,,,,
2026-10-05 07:11:21,7050.0,7092.0,0,620,0,0,0,0,0,0,,,,,,
2026-10-05 07:11:21,7050.0,7092.0,0,2069,0,0,0,0,0,0,,,,,,
2026-10-05 07:11:21,7060.0,7102.0,0,24,0,0,0,0,0,0,,,,,,
2026-10-05 07:11:21,7060.0,7102.0,0,26,0,0,0,0,0,0,,,,,,
2026-10-05 07:11:21,7060.0,7102.0,0,1,0,0,0,0,0,0,,,,,,
2026-10-05 07:11:21,7060.0,7102.0,0,0,0,0,0,0,0,0,,,,,,
2026-10-05 07:11:21,7060.0,7102.0,45,151,0,0,0,0,0,0,,,,,,
2026-10-05 07:11:21,7070.0,7112.0,0,68,0,0,0,0,0,0,,,,,,
2026-10-05 07:11:21,7070.0,7112.0,0,252,0,0,0,0,0,0,,,,,,
2026-10-05 07:11:21,7070.0,7112.0,0,3,0,0,0,0,0,0,,,,,,
2026-10-05 07:11:21,7070.0,7112.0,0,1,0,0,0,0,0,0,,,,,,
2026-10-05 07:11:21,7070.0,7112.0,0,119,0,30,0,0,30,0,,,,,,
2026-10-05 07:11:21,7075.0,7117.0,0,574,0,2,0,0,2,0,,,,,,
2026-10-05 07:11:21,7075.0,7117.0,0,515,0,0,0,0,0,0,,,,,,
2026-10-05 07:11:21,7075.0,7117.0,66,602,0,0,0,0,0,0,,,,,,
2026-10-05 07:11:21,7075.0,7117.0,86,463,0,20,0,0,20,0,,,,,,
2026-10-05 07:11:21,7075.0,7117.0,0,298,0,0,0,0,0,0,,,,,,
2026-10-05 07:11:21,7075.0,7117.0,0,102,0,45,0,0,45,0,,,,,,
2026-10-05 07:11:21,7075.0,7117.0,0,155,0,0,0,0,0,0,,,,,,
2026-10-05 07:11:21,7075.0,7117.0,0,120,0,0,0,0,0,0,,,,,,
2026-10-05 07:11:21,7075.0,7117.0,0,485,0,0,0,0,0,0,,,,,,
2026-10-05 07:11:21,7080.0,7122.0,0,321,0,0,0,0,0,0,,,,,,
2026-10-05 07:11:21,7080.0,7122.0,0,2,0,0,0,0,0,0,,,,,,
2026-10-05 07:11:21,7080.0,7122.0,56,2,0,0,0,0,0,0,,,,,,
2026-10-05 07:11:21,7080.0,7122.0,0,1,0,0,0,0,0,0,,,,,,
2026-10-05 07:11:21,7080.0,7122.0,0,78,0,0,0,0,0,0,,,,,,
2026-10-05 07:11:21,7090.0,7132.0,0,375,0,0,0,0,0,0,,,,,,
2026-10-05 07:11:21,7090.0,7132.0,33,11,0,0,0,0,0,0,,,,,,
2026-10-05 07:11:21,7090.0,7132.0,0,2,0,0,0,0,0,0,,,,,,
2026-10-05 07:11:21,7090.0,7132.0,0,1,0,0,0,0,0,0,,,,,,
2026-10-05 07:11:21,7090.0,7132.0,0,1137,0,0,0,0,0,0,,,,,,
2026-10-05 07:11:21,7100.0,7142.0,1,1672,0,1,0,0,1,0,,,,,,
2026-10-05 07:11:21,7100.0,7142.0,7,508,0,0,0,0,0,0,,,,,,
2026-10-05 07:11:21,7100.0,7142.0,10,336,0,0,0,0,0,0,,,,,,
2026-10-05 07:11:21,7100.0,7142.0,86,282,0,1,0,0,1,0,,,,,,
2026-10-05 07:11:21,7100.0,7142.0,0,3594,0,44,0,0,44,0,,,,,,
2026-10-05 07:11:21,7100.0,7142.0,0,1160,0,43,0,0,43,0,,,,,,
2026-10-05 07:11:21,7100.0,7142.0,8,60,0,0,0,0,0,0,,,,,,
2026-10-05 07:11:21,7100.0,7142.0,0,656,0,2,0,0,2,0,,,,,,
2026-10-05 07:11:21,7100.0,7142.0,6,245,0,0,0,0,0,0,,,,,,
2026-10-05 07:11:21,7110.0,7152.0,0,16,0,0,0,0,0,0,,,,,,
2026-10-05 07:11:21,7110.0,7152.0,0,5,0,31,0,26,31,26,,,,,,
2026-10-05 07:11:21,7110.0,7152.0,0,1,0,0,0,0,0,0,,,,,,
2026-10-05 07:11:21,7110.0,7152.0,0,1,0,0,0,0,0,0,,,,,,
2026-10-05 07:11:21,7110.0,7152.0,0,2828,0,0,0,0,0,0,,,,,,
2026-10-05 07:11:21,7120.0,7162.0,0,224,0,2,0,0,2,0,,,,,,
2026-10-05 07:11:21,7120.0,7162.0,0,23,0,0,0,0,0,0,,,,,,
2026-10-05 07:11:21,7120.0,7162.0,0,5,0,4,0,0,4,0,,,,,,
2026-10-05 07:11:21,7120.0,7162.0,0,0,0,0,0,0,0,0,,,,,,
2026-10-05 07:11:21,7120.0,7162.0,0,162,0,0,0,0,0,0,,,,,,
2026-10-05 07:11:21,7125.0,7167.0,0,500,0,0,0,0,0,0,,,,,,
2026-10-05 07:11:21,7125.0,7167.0,0,290,0,15,0,0,15,0,,,,,,
2026-10-05 07:11:21,7125.0,7167.0,20,166,0,0,0,0,0,0,,,,,,
2026-10-05 07:11:21,7125.0,7167.0,45,299,0,20,0,0,20,0,,,,,,
2026-10-05 07:11:21,7125.0,7167.0,15,554,0,14,0,0,14,0,,,,,,
2026-10-05 07:11:21,7125.0,7167.0,0,191,0,2,0,0,2,0,,,,,,
2026-10-05 07:11:21,7125.0,7167.0,0,143,0,0,0,0,0,0,,,,,,
2026-10-05 07:11:21,7125.0,7167.0,0,80,0,0,0,0,0,0,,,,,,
2026-10-05 07:11:21,7125.0,7167.0,0,669,0,4,0,0,4,0,,,,,,
2026-10-05 07:11:21,7130.0,7172.0,0,69,0,1,0,0,1,0,,,,,,
2026-10-05 07:11:21,7130.0,7172.0,0,10,0,0,0,0,0,0,,,,,,
2026-10-05 07:11:21,7130.0,7172.0,0,3,0,0,0,0,0,0,,,,,,
2026-10-05 07:11:21,7130.0,7172.0,0,2,0,0,0,0,0,0,,,,,,
2026-10-05 07:11:21,7130.0,7172.0,0,2157,0,0,0,0,0,0,,,,,,
2026-10-05 07:11:21,7140.0,7182.0,0,57,0,0,0,0,0,0,,,,,,
2026-10-05 07:11:21,7140.0,7182.0,0,69,0,0,0,0,0,0,,,,,,
2026-10-05 07:11:21,7140.0,7182.0,0,5,0,0,0,0,0,0,,,,,,
2026-10-05 07:11:21,7140.0,7182.0,0,8,0,1,0,0,1,0,,,,,,
2026-10-05 07:11:21,7140.0,7182.0,3,404,0,0,0,0,0,0,,,,,,
2026-10-05 07:11:21,7150.0,7192.0,4,14399,0,764,0,0,764,0,,,,,,
2026-10-05 07:11:21,7150.0,7192.0,0,417,0,97,0,0,97,0,,,,,,
2026-10-05 07:11:21,7150.0,7192.0,20,828,0,0,0,0,0,0,,,,,,
2026-10-05 07:11:21,7150.0,7192.0,4,353,0,0,0,0,0,0,,,,,,
2026-10-05 07:11:21,7150.0,7192.0,6,622,0,60,0,0,60,0,,,,,,
2026-10-05 07:11:21,7150.0,7192.0,20,235,0,11,0,0,11,0,,,,,,
2026-10-05 07:11:21,7150.0,7192.0,19,40,0,7,0,0,7,0,,,,,,
2026-10-05 07:11:21,7150.0,7192.0,0,110,0,0,0,0,0,0,,,,,,
2026-10-05 07:11:21,7150.0,7192.0,2,413,0,0,0,0,0,0,,,,,,
2026-10-05 07:11:21,7160.0,7202.0,0,33,0,0,0,0,0,0,,,,,,
2026-10-05 07:11:21,7160.0,7202.0,0,3,0,14,0,11,14,11,,,,,,
2026-10-05 07:11:21,7160.0,7202.0,0,4,0,0,0,0,0,0,,,,,,
2026-10-05 07:11:21,7160.0,7202.0,0,0,0,0,0,0,0,0,,,,,,
2026-10-05 07:11:21,7160.0,7202.0,11,236,0,0,0,0,0,0,,,,,,
2026-10-05 07:11:21,7170.0,7212.0,0,99,0,2,0,0,2,0,,,,,,
2026-10-05 07:11:21,7170.0,7212.0,0,3,0,1,0,0,1,0,,,,,,
2026-10-05 07:11:21,7170.0,7212.0,0,151,0,3,0,0,3,0,,,,,,
2026-10-05 07:11:21,7170.0,7212.0,0,0,0,0,0,0,0,0,,,,,,
2026-10-05 07:11:21,7170.0,7212.0,1,128,0,0,0,0,0,0,,,,,,
2026-10-05 07:11:21,7175.0,7217.0,0,278,0,0,0,0,0,0,,,,,,
2026-10-05 07:11:21,7175.0,7217.0,0,348,0,51,0,0,51,0,,,,,,
2026-10-05 07:11:21,7175.0,7217.0,1,287,0,3,0,0,3,0,,,,,,
2026-10-05 07:11:21,7175.0,7217.0,0,285,0,0,0,0,0,0,,,,,,
2026-10-05 07:11:21,7175.0,7217.0,0,271,0,0,0,0,0,0,,,,,,
2026-10-05 07:11:21,7175.0,7217.0,3,153,0,7,0,0,7,0,,,,,,
2026-10-05 07:11:21,7175.0,7217.0,0,118,0,0,0,0,0,0,,,,,,
2026-10-05 07:11:21,7175.0,7217.0,0,108,0,6,0,0,6,0,,,,,,
2026-10-05 07:11:21,7175.0,7217.0,0,122,0,20,0,0,20,0,,,,,,
2026-10-05 07:11:21,7180.0,7222.0,0,177,0,0,0,0,0,0,,,,,,
2026-10-05 07:11:21,7180.0,7222.0,0,142,0,0,0,0,0,0,,,,,,
2026-10-05 07:11:21,7180.0,7222.0,0,36,0,0,0,0,0,0,,,,,,
2026-10-05 07:11:21,7180.0,7222.0,0,1,0,0,0,0,0,0,,,,,,
2026-10-05 07:11:21,7180.0,7222.0,275,224,0,0,0,0,0,0,,,,,,
2026-10-05 07:11:21,7190.0,7232.0,0,367,0,0,0,0,0,0,,,,,,
2026-10-05 07:11:21,7190.0,7232.0,0,659,0,0,0,0,0,0,,,,,,
2026-10-05 07:11:21,7190.0,7232.0,0,38,0,733,0,695,733,695,,,,,,
2026-10-05 07:11:21,7190.0,7232.0,0,0,0,0,0,0,0,0,,,,,,
2026-10-05 07:11:21,7190.0,7232.0,11,307,0,5,0,0,5,0,,,,,,
2026-10-05 07:11:21,7200.0,7242.0,4,1576,0,0,0,0,0,0,,,,,,
2026-10-05 07:11:21,7200.0,7242.0,3,3363,0,52,0,0,52,0,,,,,,
2026-10-05 07:11:21,7200.0,7242.0,0,636,0,3,0,0,3,0,,,,,,
2026-10-05 07:11:21,7200.0,7242.0,20,175,0,8,0,0,8,0,,,,,,
2026-10-05 07:11:21,7200.0,7242.0,49,6170,10,74,0,0,84,0,,,,,,
2026-10-05 07:11:21,7200.0,7242.0,32,500,0,74,0,0,74,0,,,,,,
2026-10-05 07:11:21,7200.0,7242.0,0,3500,0,10,0,0,10,0,,,,,,
2026-10-05 07:11:21,7200.0,7242.0,0,293,0,2,0,0,2,0,,,,,,
2026-10-05 07:11:21,7200.0,7242.0,11,1263,0,20,0,0,20,0,,,,,,
2026-10-05 07:11:21,7210.0,7252.0,0,246,0,0,0,0,0,0,,,,,,
2026-10-05 07:11:21,7210.0,7252.0,0,34,0,1,0,0,1,0,,,,,,
2026-10-05 07:11:21,7210.0,7252.0,0,19,0,0,0,0,0,0,,,,,,
2026-10-05 07:11:21,7210.0,7252.0,0,11,0,1,0,0,1,0,,,,,,
2026-10-05 07:11:21,7210.0,7252.0,0,2925,0,0,0,0,0,0,,,,,,
2026-10-05 07:11:21,7210.0,7252.0,0,0,0,0,0,0,0,0,,,,,,
2026-10-05 07:11:21,7210.0,7252.0,0,3,0,0,0,0,0,0,,,,,,
2026-10-05 07:11:21,7210.0,7252.0,0,0,0,0,0,0,0,0,,,,,,
2026-10-05 07:11:21,7210.0,7252.0,0,0,0,0,0,0,0,0,,,,,,
2026-10-05 07:11:21,7215.0,7257.0,0,40,0,0,0,0,0,0,,,,,,
2026-10-05 07:11:21,7215.0,7257.0,0,2,0,0,0,0,0,0,,,,,,
2026-10-05 07:11:21,7215.0,7257.0,0,2,0,0,0,0,0,0,,,,,,
2026-10-05 07:11:21,7215.0,7257.0,0,0,0,0,0,0,0,0,,,,,,
2026-10-05 07:11:21,7220.0,7262.0,0,102,0,0,0,0,0,0,,,,,,
2026-10-05 07:11:21,7220.0,7262.0,0,198,0,0,0,0,0,0,,,,,,
2026-10-05 07:11:21,7220.0,7262.0,0,28,0,0,0,0,0,0,,,,,,
2026-10-05 07:11:21,7220.0,7262.0,0,323,0,0,0,0,0,0,,,,,,
2026-10-05 07:11:21,7220.0,7262.0,1,366,0,7,0,0,7,0,,,,,,
2026-10-05 07:11:21,7220.0,7262.0,0,6,0,0,0,0,0,0,,,,,,
2026-10-05 07:11:21,7220.0,7262.0,0,1,0,0,0,0,0,0,,,,,,
2026-10-05 07:11:21,7220.0,7262.0,0,1,0,0,0,0,0,0,,,,,,
2026-10-05 07:11:21,7220.0,7262.0,0,0,0,0,0,0,0,0,,,,,,
2026-10-05 07:11:21,7225.0,7267.0,0,453,0,0,0,0,0,0,,,,,,
2026-10-05 07:11:21,7225.0,7267.0,0,173,0,0,0,0,0,0,,,,,,
2026-10-05 07:11:21,7225.0,7267.0,0,129,0,4,0,0,4,0,,,,,,
2026-10-05 07:11:21,7225.0,7267.0,0,2896,0,0,0,0,0,0,,,,,,
2026-10-05 07:11:21,7225.0,7267.0,15,607,0,34,0,0,34,0,,,,,,
2026-10-05 07:11:21,7225.0,7267.0,1,50,0,1,0,0,1,0,,,,,,
2026-10-05 07:11:21,7225.0,7267.0,1,185,0,1,0,0,1,0,,,,,,
2026-10-05 07:11:21,7225.0,7267.0,5,71,0,0,0,0,0,0,,,,,,
2026-10-05 07:11:21,7225.0,7267.0,0,505,0,4,0,0,4,0,,,,,,
2026-10-05 07:11:21,7230.0,7272.0,0,128,0,0,0,0,0,0,,,,,,
2026-10-05 07:11:21,7230.0,7272.0,0,46,0,0,0,0,0,0,,,,,,
2026-10-05 07:11:21,7230.0,7272.0,0,29,0,0,0,0,0,0,,,,,,
2026-10-05 07:11:21,7230.0,7272.0,0,165,0,0,0,0,0,0,,,,,,
2026-10-05 07:11:21,7230.0,7272.0,1,275,0,4,0,0,4,0,,,,,,
2026-10-05 07:11:21,7230.0,7272.0,0,0,0,0,0,0,0,0,,,,,,
2026-10-05 07:11:21,7230.0,7272.0,0,0,0,0,0,0,0,0,,,,,,
2026-10-05 07:11:21,7230.0,7272.0,0,1,0,0,0,0,0,0,,,,,,
2026-10-05 07:11:21,7230.0,7272.0,0,0,0,0,0,0,0,0,,,,,,
2026-10-05 07:11:21,7235.0,7277.0,0,25,0,0,0,0,0,0,,,,,,
2026-10-05 07:11:21,7235.0,7277.0,0,18,0,0,0,0,0,0,,,,,,
2026-10-05 07:11:21,7235.0,7277.0,0,13,0,0,0,0,0,0,,,,,,
2026-10-05 07:11:21,7235.0,7277.0,0,1,0,0,0,0,0,0,,,,,,
2026-10-05 07:11:21,7240.0,7282.0,0,146,0,0,0,0,0,0,,,,,,
2026-10-05 07:11:21,7240.0,7282.0,0,301,0,0,0,0,0,0,,,,,,
2026-10-05 07:11:21,7240.0,7282.0,0,73,0,0,0,0,0,0,,,,,,
2026-10-05 07:11:21,7240.0,7282.0,0,35,0,0,0,0,0,0,,,,,,
2026-10-05 07:11:21,7240.0,7282.0,0,660,0,1,0,0,1,0,,,,,,
2026-10-05 07:11:21,7240.0,7282.0,0,0,0,0,0,0,0,0,,,,,,
2026-10-05 07:11:21,7240.0,7282.0,0,72,0,0,0,0,0,0,,,,,,
2026-10-05 07:11:21,7240.0,7282.0,0,0,0,0,0,0,0,0,,,,,,
2026-10-05 07:11:21,7240.0,7282.0,0,0,0,0,0,0,0,0,,,,,,
2026-10-05 07:11:21,7245.0,7287.0,0,773,0,0,0,0,0,0,,,,,,
2026-10-05 07:11:21,7245.0,7287.0,0,15,0,2,0,0,2,0,,,,,,
2026-10-05 07:11:21,7245.0,7287.0,0,6,0,0,0,0,0,0,,,,,,
2026-10-05 07:11:21,7245.0,7287.0,0,2,0,0,0,0,0,0,,,,,,
2026-10-05 07:11:21,7250.0,7292.0,0,847,0,2,0,0,2,0,,,,,,
2026-10-05 07:11:21,7250.0,7292.0,12,202,0,0,0,0,0,0,,,,,,
2026-10-05 07:11:21,7250.0,7292.0,0,350,0,0,0,0,0,0,,,,,,
2026-10-05 07:11:21,7250.0,7292.0,20,316,0,1,0,0,1,0,,,,,,
2026-10-05 07:11:21,7250.0,7292.0,25,908,10,66,0,0,76,0,,,,,,
2026-10-05 07:11:21,7250.0,7292.0,11,375,0,3,0,0,3,0,,,,,,
2026-10-05 07:11:21,7250.0,7292.0,2,193,0,12,0,0,12,0,,,,,,
2026-10-05 07:11:21,7250.0,7292.0,5,778,0,15,0,0,15,0,,,,,,
2026-10-05 07:11:21,7250.0,7292.0,5,115,0,0,0,0,0,0,,,,,,
2026-10-05 07:11:21,7255.0,7297.0,0,64,0,0,0,0,0,0,,,,,,
2026-10-05 07:11:21,7255.0,7297.0,0,19,0,0,0,0,0,0,,,,,,
2026-10-05 07:11:21,7255.0,7297.0,0,55,0,0,0,0,0,0,,,,,,
2026-10-05 07:11:21,7255.0,7297.0,0,3,0,0,0,0,0,0,,,,,,
2026-10-05 07:11:21,7260.0,7302.0,0,289,0,0,0,0,0,0,,,,,,
2026-10-05 07:11:21,7260.0,7302.0,0,45,0,1,0,0,1,0,,,,,,
2026-10-05 07:11:21,7260.0,7302.0,1,103,0,0,0,0,0,0,,,,,,
2026-10-05 07:11:21,7260.0,7302.0,0,113,0,0,0,0,0,0,,,,,,
2026-10-05 07:11:21,7260.0,7302.0,2,424,0,1,0,0,1,0,,,,,,
2026-10-05 07:11:21,7260.0,7302.0,0,18,0,0,0,0,0,0,,,,,,
2026-10-05 07:11:21,7260.0,7302.0,0,2,0,0,0,0,0,0,,,,,,
2026-10-05 07:11:21,7260.0,7302.0,0,7,0,0,0,0,0,0,,,,,,
2026-10-05 07:11:21,7260.0,7302.0,0,1,0,0,0,0,0,0,,,,,,
2026-10-05 07:11:21,7265.0,7307.0,0,286,0,0,0,0,0,0,,,,,,
2026-10-05 07:11:21,7265.0,7307.0,0,10,0,0,0,0,0,0,,,,,,
2026-10-05 07:11:21,7265.0,7307.0,0,21,0,0,0,0,0,0,,,,,,
2026-10-05 07:11:21,7265.0,7307.0,0,1,0,0,0,0,0,0,,,,,,
2026-10-05 07:11:21,7265.0,7307.0,0,0,0,0,0,0,0,0,,,,,,
2026-10-05 07:11:21,7270.0,7312.0,1,169,0,0,0,0,0,0,,,,,,
2026-10-05 07:11:21,7270.0,7312.0,0,61,0,15,0,0,15,0,,,,,,
2026-10-05 07:11:21,7270.0,7312.0,0,209,0,0,0,0,0,0,,,,,,
2026-10-05 07:11:21,7270.0,7312.0,0,145,0,0,0,0,0,0,,,,,,
2026-10-05 07:11:21,7270.0,7312.0,1,658,0,1,0,0,1,0,,,,,,
2026-10-05 07:11:21,7270.0,7312.0,0,40,0,0,0,0,0,0,,,,,,
2026-10-05 07:11:21,7270.0,7312.0,0,23,0,0,0,0,0,0,,,,,,
2026-10-05 07:11:21,7270.0,7312.0,0,132,0,0,0,0,0,0,,,,,,
2026-10-05 07:11:21,7270.0,7312.0,0,1,0,0,0,0,0,0,,,,,,
2026-10-05 07:11:21,7275.0,7317.0,0,290,0,0,0,0,0,0,,,,,,
2026-10-05 07:11:21,7275.0,7317.0,0,293,0,130,0,0,130,0,,,,,,
2026-10-05 07:11:21,7275.0,7317.0,0,1297,0,1,0,0,1,0,,,,,,
2026-10-05 07:11:21,7275.0,7317.0,0,357,0,5,0,0,5,0,,,,,,
2026-10-05 07:11:21,7275.0,7317.0,0,1343,0,3,0,0,3,0,,,,,,
2026-10-05 07:11:21,7275.0,7317.0,3,319,0,3,0,0,3,0,,,,,,
2026-10-05 07:11:21,7275.0,7317.0,42,154,0,7,0,0,7,0,,,,,,
2026-10-05 07:11:21,7275.0,7317.0,5,692,0,17,0,0,17,0,,,,,,
2026-10-05 07:11:21,7275.0,7317.0,1,97,0,2,0,0,2,0,,,,,,
2026-10-05 07:11:21,7280.0,7322.0,0,97,0,0,0,0,0,0,,,,,,
2026-10-05 07:11:21,7280.0,7322.0,0,111,0,1,0,0,1,0,,,,,,
2026-10-05 07:11:21,7280.0,7322.0,0,102,0,0,0,0,0,0,,,,,,
2026-10-05 07:11:21,7280.0,7322.0,0,120,0,0,0,0,0,0,,,,,,
2026-10-05 07:11:21,7280.0,7322.0,0,332,0,1,0,0,1,0,,,,,,
2026-10-05 07:11:21,7280.0,7322.0,0,30,0,0,0,0,0,0,,,,,,
2026-10-05 07:11:21,7280.0,7322.0,0,7,0,0,0,0,0,0,,,,,,
2026-10-05 07:11:21,7280.0,7322.0,1,9,0,0,0,0,0,0,,,,,,
2026-10-05 07:11:21,7280.0,7322.0,0,0,0,0,0,0,0,0,,,,,,
2026-10-05 07:11:21,7285.0,7327.0,0,136,0,301,0,165,301,165,,,,,,
2026-10-05 07:11:21,7285.0,7327.0,0,19,0,0,0,0,0,0,,,,,,
2026-10-05 07:11:21,7285.0,7327.0,0,1,0,0,0,0,0,0,,,,,,
2026-10-05 07:11:21,7285.0,7327.0,0,1,0,0,0,0,0,0,,,,,,
2026-10-05 07:11:21,7285.0,7327.0,0,0,0,0,0,0,0,0,,,,,,
2026-10-05 07:11:21,7290.0,7332.0,0,3241,0,0,0,0,0,0,,,,,,
2026-10-05 07:11:21,7290.0,7332.0,1,81,0,40,0,0,40,0,,,,,,
2026-10-05 07:11:21,7290.0,7332.0,0,110,0,0,0,0,0,0,,,,,,
2026-10-05 07:11:21,7290.0,7332.0,0,249,0,0,0,0,0,0,,,,,,
2026-10-05 07:11:21,7290.0,7332.0,5,399,0,6,0,0,6,0,,,,,,
2026-10-05 07:11:21,7290.0,7332.0,0,102,0,0,0,0,0,0,,,,,,
2026-10-05 07:11:21,7290.0,7332.0,0,59,0,0,0,0,0,0,,,,,,
2026-10-05 07:11:21,7290.0,7332.0,0,33,0,0,0,0,0,0,,,,,,
2026-10-05 07:11:21,7290.0,7332.0,0,189,0,0,0,0,0,0,,,,,,
2026-10-05 07:11:21,7295.0,7337.0,0,56,0,0,0,0,0,0,,,,,,
2026-10-05 07:11:21,7295.0,7337.0,0,42,0,1,0,0,1,0,,,,,,
2026-10-05 07:11:21,7295.0,7337.0,0,4,0,0,0,0,0,0,,,,,,
2026-10-05 07:11:21,7295.0,7337.0,0,45,0,0,0,0,0,0,,,,,,
2026-10-05 07:11:21,7295.0,7337.0,0,0,0,158,0,158,158,158,,,,,,
2026-10-05 07:11:21,7300.0,7342.0,4,1692,0,414,0,0,414,0,,,,,,
2026-10-05 07:11:21,7300.0,7342.0,3,1640,0,27,0,0,27,0,,,,,,
2026-10-05 07:11:21,7300.0,7342.0,3,1026,0,0,0,0,0,0,,,,,,
2026-10-05 07:11:21,7300.0,7342.0,0,449,0,16,0,0,16,0,,,,,,
2026-10-05 07:11:21,7300.0,7342.0,14,2363,0,39,0,0,39,0,,,,,,
2026-10-05 07:11:21,7300.0,7342.0,2,535,0,54,0,0,54,0,,,,,,
2026-10-05 07:11:21,7300.0,7342.0,4,187,0,0,0,0,0,0,,,,,,
2026-10-05 07:11:21,7300.0,7342.0,5,470,0,31,0,0,31,0,,,,,,
2026-10-05 07:11:21,7300.0,7342.0,21,391,0,5,0,0,5,0,,,,,,
2026-10-05 07:11:21,7305.0,7347.0,3,170,0,0,0,0,0,0,,,,,,
2026-10-05 07:11:21,7305.0,7347.0,0,22,0,1,0,0,1,0,,,,,,
2026-10-05 07:11:21,7305.0,7347.0,2,115,0,0,0,0,0,0,,,,,,
2026-10-05 07:11:21,7305.0,7347.0,0,2,0,0,0,0,0,0,,,,,,
2026-10-05 07:11:21,7305.0,7347.0,0,0,0,0,0,0,0,0,,,,,,
2026-10-05 07:11:21,7310.0,7352.0,1,578,0,2,0,0,2,0,,,,,,
2026-10-05 07:11:21,7310.0,7352.0,1,80,0,3,0,0,3,0,,,,,,
2026-10-05 07:11:21,7310.0,7352.0,0,142,0,41,0,0,41,0,,,,,,
2026-10-05 07:11:21,7310.0,7352.0,0,117,0,0,0,0,0,0,,,,,,
2026-10-05 07:11:21,7310.0,7352.0,2,1985,0,1,0,0,1,0,,,,,,
2026-10-05 07:11:21,7310.0,7352.0,0,25,0,27,0,2,27,2,,,,,,
2026-10-05 07:11:21,7310.0,7352.0,0,36,0,2,0,0,2,0,,,,,,
2026-10-05 07:11:21,7310.0,7352.0,0,16,0,0,0,0,0,0,,,,,,
2026-10-05 07:11:21,7310.0,7352.0,0,10,0,0,0,0,0,0,,,,,,
2026-10-05 07:11:21,7315.0,7357.0,0,49,0,0,0,0,0,0,,,,,,
2026-10-05 07:11:21,7315.0,7357.0,0,18,0,0,0,0,0,0,,,,,,
2026-10-05 07:11:21,7315.0,7357.0,0,41,0,0,0,0,0,0,,,,,,
2026-10-05 07:11:21,7315.0,7357.0,0,1,0,0,0,0,0,0,,,,,,
2026-10-05 07:11:21,7315.0,7357.0,0,0,0,0,0,0,0,0,,,,,,
2026-10-05 07:11:21,7320.0,7362.0,1,314,0,1,0,0,1,0,,,,,,
2026-10-05 07:11:21,7320.0,7362.0,0,128,0,20,0,0,20,0,,,,,,
2026-10-05 07:11:21,7320.0,7362.0,0,82,0,0,0,0,0,0,,,,,,
2026-10-05 07:11:21,7320.0,7362.0,0,122,0,0,0,0,0,0,,,,,,
2026-10-05 07:11:21,7320.0,7362.0,18,268,0,1,0,0,1,0,,,,,,
2026-10-05 07:11:21,7320.0,7362.0,2,143,0,0,0,0,0,0,,,,,,
2026-10-05 07:11:21,7320.0,7362.0,0,80,0,0,0,0,0,0,,,,,,
2026-10-05 07:11:21,7320.0,7362.0,0,28,0,0,0,0,0,0,,,,,,
2026-10-05 07:11:21,7320.0,7362.0,0,36,0,0,0,0,0,0,,,,,,
2026-10-05 07:11:21,7325.0,7367.0,2,854,0,0,0,0,0,0,,,,,,
2026-10-05 07:11:21,7325.0,7367.0,0,352,0,0,0,0,0,0,,,,,,
2026-10-05 07:11:21,7325.0,7367.0,0,357,0,4,0,0,4,0,,,,,,
2026-10-05 07:11:21,7325.0,7367.0,0,208,0,16,0,0,16,0,,,,,,
2026-10-05 07:11:21,7325.0,7367.0,51,3747,0,33,0,0,33,0,,,,,,
2026-10-05 07:11:21,7325.0,7367.0,2,357,0,15,0,0,15,0,,,,,,
2026-10-05 07:11:21,7325.0,7367.0,0,93,0,55,0,0,55,0,,,,,,
2026-10-05 07:11:21,7325.0,7367.0,0,225,0,5,0,0,5,0,,,,,,
2026-10-05 07:11:21,7325.0,7367.0,0,363,0,8,0,0,8,0,,,,,,
2026-10-05 07:11:21,7330.0,7372.0,0,505,0,12,0,0,12,0,,,,,,
2026-10-05 07:11:21,7330.0,7372.0,0,348,0,60,0,0,60,0,,,,,,
2026-10-05 07:11:21,7330.0,7372.0,0,177,0,1,0,0,1,0,,,,,,
2026-10-05 07:11:21,7330.0,7372.0,1,144,0,0,0,0,0,0,,,,,,
2026-10-05 07:11:21,7330.0,7372.0,3,478,0,23,0,0,23,0,,,,,,
2026-10-05 07:11:21,7330.0,7372.0,0,79,0,30,0,0,30,0,,,,,,
2026-10-05 07:11:21,7330.0,7372.0,0,60,0,0,0,0,0,0,,,,,,
2026-10-05 07:11:21,7330.0,7372.0,0,31,0,0,0,0,0,0,,,,,,
2026-10-05 07:11:21,7330.0,7372.0,0,145,0,2,0,0,2,0,,,,,,
2026-10-05 07:11:21,7335.0,7377.0,0,203,0,0,0,0,0,0,,,,,,
2026-10-05 07:11:21,7335.0,7377.0,0,79,0,0,0,0,0,0,,,,,,
2026-10-05 07:11:21,7335.0,7377.0,0,8,0,0,0,0,0,0,,,,,,
2026-10-05 07:11:21,7335.0,7377.0,0,45,0,0,0,0,0,0,,,,,,
2026-10-05 07:11:21,7335.0,7377.0,0,0,0,0,0,0,0,0,,,,,,
2026-10-05 07:11:21,7340.0,7382.0,0,269,0,0,0,0,0,0,,,,,,
2026-10-05 07:11:21,7340.0,7382.0,0,39,0,3,0,0,3,0,,,,,,
2026-10-05 07:11:21,7340.0,7382.0,0,218,0,0,0,0,0,0,,,,,,
2026-10-05 07:11:21,7340.0,7382.0,0,80,0,1,0,0,1,0,,,,,,
2026-10-05 07:11:21,7340.0,7382.0,125,268,0,5,0,0,5,0,,,,,,
2026-10-05 07:11:21,7340.0,7382.0,0,81,0,3,0,0,3,0,,,,,,
2026-10-05 07:11:21,7340.0,7382.0,0,84,0,0,0,0,0,0,,,,,,
2026-10-05 07:11:21,7340.0,7382.0,0,71,0,0,0,0,0,0,,,,,,
2026-10-05 07:11:21,7340.0,7382.0,0,112,0,1,0,0,1,0,,,,,,
2026-10-05 07:11:21,7345.0,7387.0,0,162,0,2,0,0,2,0,,,,,,
2026-10-05 07:11:21,7345.0,7387.0,0,29,0,31,0,2,31,2,,,,,,
2026-10-05 07:11:21,7345.0,7387.0,0,19,0,0,0,0,0,0,,,,,,
2026-10-05 07:11:21,7345.0,7387.0,0,5,0,0,0,0,0,0,,,,,,
2026-10-05 07:11:21,7345.0,7387.0,0,0,0,2,0,2,2,2,,,,,,
2026-10-05 07:11:21,7350.0,7392.0,3,517,0,126,0,0,126,0,,,,,,
2026-10-05 07:11:21,7350.0,7392.0,0,301,0,4,0,0,4,0,,,,,,
2026-10-05 07:11:21,7350.0,7392.0,1,395,0,0,0,0,0,0,,,,,,
2026-10-05 07:11:21,7350.0,7392.0,1,438,0,2,0,0,2,0,,,,,,
2026-10-05 07:11:21,7350.0,7392.0,28,2579,0,60,0,0,60,0,,,,,,
2026-10-05 07:11:21,7350.0,7392.0,0,380,0,7,0,0,7,0,,,,,,
2026-10-05 07:11:21,7350.0,7392.0,19,235,0,56,0,0,56,0,,,,,,
2026-10-05 07:11:21,7350.0,7392.0,0,347,0,6,0,0,6,0,,,,,,
2026-10-05 07:11:21,7350.0,7392.0,1,291,0,24,0,0,24,0,,,,,,
2026-10-05 07:11:21,7355.0,7397.0,0,49,0,294,0,245,294,245,,,,,,
2026-10-05 07:11:21,7355.0,7397.0,2,31,0,0,0,0,0,0,,,,,,
2026-10-05 07:11:21,7355.0,7397.0,0,31,0,2,0,0,2,0,,,,,,
2026-10-05 07:11:21,7355.0,7397.0,0,4,0,0,0,0,0,0,,,,,,
2026-10-05 07:11:21,7355.0,7397.0,0,0,0,0,0,0,0,0,,,,,,
2026-10-05 07:11:21,7360.0,7402.0,14,290,0,101,0,0,101,0,,,,,,
2026-10-05 07:11:21,7360.0,7402.0,1,312,0,0,0,0,0,0,,,,,,
2026-10-05 07:11:21,7360.0,7402.0,1,417,0,0,0,0,0,0,,,,,,
2026-10-05 07:11:21,7360.0,7402.0,1,138,1,2,0,0,3,0,,,,,,
2026-10-05 07:11:21,7360.0,7402.0,0,460,1,13,1,0,14,1,,,,,,
2026-10-05 07:11:21,7360.0,7402.0,0,188,0,0,0,0,0,0,,,,,,
2026-10-05 07:11:21,7360.0,7402.0,0,26,0,5,0,0,5,0,,,,,,
2026-10-05 07:11:21,7360.0,7402.0,0,134,0,0,0,0,0,0,,,,,,
2026-10-05 07:11:21,7360.0,7402.0,0,40,0,5,0,0,5,0,,,,,,
2026-10-05 07:11:21,7365.0,7407.0,10,394,0,193,0,0,193,0,,,,,,
2026-10-05 07:11:21,7365.0,7407.0,0,54,0,0,0,0,0,0,,,,,,
2026-10-05 07:11:21,7365.0,7407.0,0,107,0,0,0,0,0,0,,,,,,
2026-10-05 07:11:21,7365.0,7407.0,0,174,0,11,0,0,11,0,,,,,,
2026-10-05 07:11:21,7365.0,7407.0,4,202,0,1,0,0,1,0,,,,,,
2026-10-05 07:11:21,7365.0,7407.0,0,0,0,0,0,0,0,0,,,,,,
2026-10-05 07:11:21,7365.0,7407.0,0,8,0,0,0,0,0,0,,,,,,
2026-10-05 07:11:21,7365.0,7407.0,0,0,0,0,0,0,0,0,,,,,,
2026-10-05 07:11:21,7365.0,7407.0,0,0,0,0,0,0,0,0,,,,,,
2026-10-05 07:11:21,7370.0,7412.0,0,429,0,182,0,0,182,0,,,,,,
2026-10-05 07:11:21,7370.0,7412.0,0,167,0,20,0,0,20,0,,,,,,
2026-10-05 07:11:21,7370.0,7412.0,1,187,0,0,0,0,0,0,,,,,,
2026-10-05 07:11:21,7370.0,7412.0,1,219,0,1,0,0,1,0,,,,,,
2026-10-05 07:11:21,7370.0,7412.0,46,543,0,25,0,0,25,0,,,,,,
2026-10-05 07:11:21,7370.0,7412.0,1,110,0,13,0,0,13,0,,,,,,
2026-10-05 07:11:21,7370.0,7412.0,0,17,0,0,0,0,0,0,,,,,,
2026-10-05 07:11:21,7370.0,7412.0,30,98,0,2,0,0,2,0,,,,,,
2026-10-05 07:11:21,7370.0,7412.0,0,70,0,4,0,0,4,0,,,,,,
2026-10-05 07:11:21,7375.0,7417.0,0,2824,0,431,0,0,431,0,,,,,,
2026-10-05 07:11:21,7375.0,7417.0,24,831,0,65,0,0,65,0,,,,,,
2026-10-05 07:11:21,7375.0,7417.0,0,778,0,12,0,0,12,0,,,,,,
2026-10-05 07:11:21,7375.0,7417.0,2,327,0,0,0,0,0,0,,,,,,
2026-10-05 07:11:21,7375.0,7417.0,11,1145,0,9,0,0,9,0,,,,,,
2026-10-05 07:11:21,7375.0,7417.0,1,312,0,11,0,0,11,0,,,,,,
2026-10-05 07:11:21,7375.0,7417.0,1,155,0,10,0,0,10,0,,,,,,
2026-10-05 07:11:21,7375.0,7417.0,0,211,0,6,0,0,6,0,,,,,,
2026-10-05 07:11:21,7375.0,7417.0,2,224,0,21,0,0,21,0,,,,,,
2026-10-05 07:11:21,7380.0,7422.0,6,2461,0,386,0,0,386,0,,,,,,
2026-10-05 07:11:21,7380.0,7422.0,0,228,0,24,0,0,24,0,,,,,,
2026-10-05 07:11:21,7380.0,7422.0,30,3221,0,0,0,0,0,0,,,,,,
2026-10-05 07:11:21,7380.0,7422.0,1,253,0,7,0,0,7,0,,,,,,
2026-10-05 07:11:21,7380.0,7422.0,2,237,0,4,0,0,4,0,,,,,,
2026-10-05 07:11:21,7380.0,7422.0,0,47,0,7,0,0,7,0,,,,,,
2026-10-05 07:11:21,7380.0,7422.0,1,111,0,2,0,0,2,0,,,,,,
2026-10-05 07:11:21,7380.0,7422.0,0,61,0,1,0,0,1,0,,,,,,
2026-10-05 07:11:21,7380.0,7422.0,0,50,0,4,0,0,4,0,,,,,,
2026-10-05 07:11:21,7385.0,7427.0,1,146,0,49,0,0,49,0,,,,,,
2026-10-05 07:11:21,7385.0,7427.0,1,315,0,73,0,0,73,0,,,,,,
2026-10-05 07:11:21,7385.0,7427.0,4,247,0,10,0,0,10,0,,,,,,
2026-10-05 07:11:21,7385.0,7427.0,1,634,1,5,0,0,6,0,,,,,,
2026-10-05 07:11:21,7385.0,7427.0,0,134,1,4,1,0,5,1,,,,,,
2026-10-05 07:11:21,7385.0,7427.0,0,24,0,0,0,0,0,0,,,,,,
2026-10-05 07:11:21,7385.0,7427.0,0,10,0,2,0,0,2,0,,,,,,
2026-10-05 07:11:21,7385.0,7427.0,0,0,0,0,0,0,0,0,,,,,,
2026-10-05 07:11:21,7385.0,7427.0,0,0,0,1,0,1,1,1,,,,,,
2026-10-05 07:11:21,7390.0,7432.0,32,381,0,367,0,0,367,0,,,,,,
2026-10-05 07:11:21,7390.0,7432.0,0,451,0,9,0,0,9,0,,,,,,
2026-10-05 07:11:21,7390.0,7432.0,1,206,0,4,0,0,4,0,,,,,,
2026-10-05 07:11:21,7390.0,7432.0,0,295,0,15,0,0,15,0,,,,,,
2026-10-05 07:11:21,7390.0,7432.0,2,1460,0,20,0,0,20,0,,,,,,
2026-10-05 07:11:21,7390.0,7432.0,4,113,0,30,0,0,30,0,,,,,,
2026-10-05 07:11:21,7390.0,7432.0,0,64,0,1,0,0,1,0,,,,,,
2026-10-05 07:11:21,7390.0,7432.0,0,91,0,3,0,0,3,0,,,,,,
2026-10-05 07:11:21,7390.0,7432.0,0,115,0,9,0,0,9,0,,,,,,
2026-10-05 07:11:21,7395.0,7437.0,0,450,0,16,0,0,16,0,,,,,,
2026-10-05 07:11:21,7395.0,7437.0,0,235,0,0,0,0,0,0,,,,,,
2026-10-05 07:11:21,7395.0,7437.0,0,66,0,6,0,0,6,0,,,,,,
2026-10-05 07:11:21,7395.0,7437.0,0,168,0,0,0,0,0,0,,,,,,
2026-10-05 07:11:21,7395.0,7437.0,4,204,0,6,0,0,6,0,,,,,,
2026-10-05 07:11:21,7395.0,7437.0,0,18,0,3,0,0,3,0,,,,,,
2026-10-05 07:11:21,7395.0,7437.0,0,5,0,0,0,0,0,0,,,,,,
2026-10-05 07:11:21,7395.0,7437.0,0,0,0,8,0,8,8,8,,,,,,
2026-10-05 07:11:21,7395.0,7437.0,0,5,0,0,0,0,0,0,,,,,,
2026-10-05 07:11:21,7400.0,7442.0,33,7057,0,219,0,0,219,0,,,,,,
2026-10-05 07:11:21,7400.0,7442.0,5,1460,0,42,0,0,42,0,,,,,,
2026-10-05 07:11:21,7400.0,7442.0,9,577,0,22,0,0,22,0,,,,,,
2026-10-05 07:11:21,7400.0,7442.0,4,1445,0,18,0,0,18,0,,,,,,
2026-10-05 07:11:21,7400.0,7442.0,99,5536,0,133,0,0,133,0,,,,,,
2026-10-05 07:11:21,7400.0,7442.0,3,596,0,33,0,0,33,0,,,,,,
2026-10-05 07:11:21,7400.0,7442.0,0,239,0,9,0,0,9,0,,,,,,
2026-10-05 07:11:21,7400.0,7442.0,2,385,0,19,0,0,19,0,,,,,,
2026-10-05 07:11:21,7400.0,7442.0,21,351,0,9,0,0,9,0,,,,,,
2026-10-05 07:11:21,7405.0,7447.0,3,406,0,15,0,0,15,0,,,,,,
2026-10-05 07:11:21,7405.0,7447.0,0,296,0,14,0,0,14,0,,,,,,
2026-10-05 07:11:21,7405.0,7447.0,0,118,0,0,0,0,0,0,,,,,,
2026-10-05 07:11:21,7405.0,7447.0,0,178,0,18,0,0,18,0,,,,,,
2026-10-05 07:11:21,7405.0,7447.0,0,189,0,23,0,0,23,0,,,,,,
2026-10-05 07:11:21,7405.0,7447.0,0,65,0,9,0,0,9,0,,,,,,
2026-10-05 07:11:21,7405.0,7447.0,0,0,0,0,0,0,0,0,,,,,,
2026-10-05 07:11:21,7405.0,7447.0,0,21,0,0,0,0,0,0,,,,,,
2026-10-05 07:11:21,7405.0,7447.0,0,15,0,0,0,0,0,0,,,,,,
2026-10-05 07:11:21,7410.0,7452.0,8,567,1,39,0,0,40,0,,,,,,
2026-10-05 07:11:21,7410.0,7452.0,4,335,0,9,0,0,9,0,,,,,,
2026-10-05 07:11:21,7410.0,7452.0,4,247,0,57,0,0,57,0,,,,,,
2026-10-05 07:11:21,7410.0,7452.0,30,219,0,16,0,0,16,0,,,,,,
2026-10-05 07:11:21,7410.0,7452.0,8,635,0,50,0,0,50,0,,,,,,
2026-10-05 07:11:21,7410.0,7452.0,2,188,0,59,0,0,59,0,,,,,,
2026-10-05 07:11:21,7410.0,7452.0,30,34,0,0,0,0,0,0,,,,,,
2026-10-05 07:11:21,7410.0,7452.0,0,134,0,15,0,0,15,0,,,,,,
2026-10-05 07:11:21,7410.0,7452.0,30,68,0,1,0,0,1,0,,,,,,
2026-10-05 07:11:21,7415.0,7457.0,0,402,0,85,0,0,85,0,,,,,,
2026-10-05 07:11:21,7415.0,7457.0,1,230,0,8,0,0,8,0,,,,,,
2026-10-05 07:11:21,7415.0,7457.0,0,395,0,52,0,0,52,0,,,,,,
2026-10-05 07:11:21,7415.0,7457.0,0,136,0,7,0,0,7,0,,,,,,
2026-10-05 07:11:21,7415.0,7457.0,0,541,0,11,0,0,11,0,,,,,,
2026-10-05 07:11:21,7415.0,7457.0,0,67,0,7,0,0,7,0,,,,,,
2026-10-05 07:11:21,7415.0,7457.0,0,2,0,0,0,0,0,0,,,,,,
2026-10-05 07:11:21,7415.0,7457.0,0,14,0,0,0,0,0,0,,,,,,
2026-10-05 07:11:21,7415.0,7457.0,0,5,0,0,0,0,0,0,,,,,,
2026-10-05 07:11:21,7420.0,7462.0,5,518,0,93,0,0,93,0,,,,,,
2026-10-05 07:11:21,7420.0,7462.0,0,201,0,70,0,0,70,0,,,,,,
2026-10-05 07:11:21,7420.0,7462.0,1,176,0,23,0,0,23,0,,,,,,
2026-10-05 07:11:21,7420.0,7462.0,0,177,0,7,0,0,7,0,,,,,,
2026-10-05 07:11:21,7420.0,7462.0,8,513,0,40,0,0,40,0,,,,,,
2026-10-05 07:11:21,7420.0,7462.0,0,82,0,41,0,0,41,0,,,,,,
2026-10-05 07:11:21,7420.0,7462.0,1,49,0,8,0,0,8,0,,,,,,
2026-10-05 07:11:21,7420.0,7462.0,2,138,0,2,0,0,2,0,,,,,,
2026-10-05 07:11:21,7420.0,7462.0,0,89,0,0,0,0,0,0,,,,,,
2026-10-05 07:11:21,7425.0,7467.0,4,7684,0,44,0,0,44,0,,,,,,
2026-10-05 07:11:21,7425.0,7467.0,1,435,0,43,0,0,43,0,,,,,,
2026-10-05 07:11:21,7425.0,7467.0,0,1029,0,21,0,0,21,0,,,,,,
2026-10-05 07:11:21,7425.0,7467.0,1,258,0,36,0,0,36,0,,,,,,
2026-10-05 07:11:21,7425.0,7467.0,3,525,0,60,0,0,60,0,,,,,,
2026-10-05 07:11:21,7425.0,7467.0,0,308,0,31,0,0,31,0,,,,,,
2026-10-05 07:11:21,7425.0,7467.0,6,101,0,7,0,0,7,0,,,,,,
2026-10-05 07:11:21,7425.0,7467.0,2,120,0,12,0,0,12,0,,,,,,
2026-10-05 07:11:21,7425.0,7467.0,1,209,0,1,0,0,1,0,,,,,,
2026-10-05 07:11:21,7430.0,7472.0,7,2448,1,39,0,0,40,0,,,,,,
2026-10-05 07:11:21,7430.0,7472.0,3,265,0,30,0,0,30,0,,,,,,
2026-10-05 07:11:21,7430.0,7472.0,0,216,0,25,0,0,25,0,,,,,,
2026-10-05 07:11:21,7430.0,7472.0,1,263,0,12,0,0,12,0,,,,,,
2026-10-05 07:11:21,7430.0,7472.0,10,302,0,26,0,0,26,0,,,,,,
2026-10-05 07:11:21,7430.0,7472.0,0,111,0,9,0,0,9,0,,,,,,
2026-10-05 07:11:21,7430.0,7472.0,0,62,0,11,0,0,11,0,,,,,,
2026-10-05 07:11:21,7430.0,7472.0,0,53,0,2,0,0,2,0,,,,,,
2026-10-05 07:11:21,7430.0,7472.0,1,280,0,0,0,0,0,0,,,,,,
2026-10-05 07:11:21,7435.0,7477.0,0,4674,0,1,0,0,1,0,,,,,,
2026-10-05 07:11:21,7435.0,7477.0,0,299,0,6,0,0,6,0,,,,,,
2026-10-05 07:11:21,7435.0,7477.0,0,213,0,19,0,0,19,0,,,,,,
2026-10-05 07:11:21,7435.0,7477.0,0,750,0,0,0,0,0,0,,,,,,
2026-10-05 07:11:21,7435.0,7477.0,2,415,0,10,0,0,10,0,,,,,,
2026-10-05 07:11:21,7435.0,7477.0,0,22,0,14,0,0,14,0,,,,,,
2026-10-05 07:11:21,7435.0,7477.0,0,48,0,0,0,0,0,0,,,,,,
2026-10-05 07:11:21,7435.0,7477.0,0,14,0,4,0,0,4,0,,,,,,
2026-10-05 07:11:21,7435.0,7477.0,0,6,0,0,0,0,0,0,,,,,,
2026-10-05 07:11:21,7440.0,7482.0,6,3662,0,10,0,0,10,0,,,,,,
2026-10-05 07:11:21,7440.0,7482.0,1,432,0,3,0,0,3,0,,,,,,
2026-10-05 07:11:21,7440.0,7482.0,1,437,0,55,0,0,55,0,,,,,,
2026-10-05 07:11:21,7440.0,7482.0,7,216,0,2,0,0,2,0,,,,,,
2026-10-05 07:11:21,7440.0,7482.0,10,900,0,42,0,0,42,0,,,,,,
2026-10-05 07:11:21,7440.0,7482.0,30,82,0,7,0,0,7,0,,,,,,
2026-10-05 07:11:21,7440.0,7482.0,0,98,0,9,0,0,9,0,,,,,,
2026-10-05 07:11:21,7440.0,7482.0,10,572,0,1,0,0,1,0,,,,,,
2026-10-05 07:11:21,7440.0,7482.0,1,157,0,8,0,0,8,0,,,,,,
2026-10-05 07:11:21,7445.0,7487.0,0,315,0,52,0,0,52,0,,,,,,
2026-10-05 07:11:21,7445.0,7487.0,1,1615,0,20,0,0,20,0,,,,,,
2026-10-05 07:11:21,7445.0,7487.0,0,157,0,12,0,0,12,0,,,,,,
2026-10-05 07:11:21,7445.0,7487.0,1,1659,0,3,0,0,3,0,,,,,,
2026-10-05 07:11:21,7445.0,7487.0,7,241,0,9,0,0,9,0,,,,,,
2026-10-05 07:11:21,7445.0,7487.0,0,35,0,6,0,0,6,0,,,,,,
2026-10-05 07:11:21,7445.0,7487.0,0,25,0,0,0,0,0,0,,,,,,
2026-10-05 07:11:21,7445.0,7487.0,0,8,0,0,0,0,0,0,,,,,,
2026-10-05 07:11:21,7445.0,7487.0,0,10,0,0,0,0,0,0,,,,,,
2026-10-05 07:11:21,7450.0,7492.0,15,6091,1,115,0,0,116,0,,,,,,
2026-10-05 07:11:21,7450.0,7492.0,21,2966,1,1621,0,0,1622,0,,,,,,
2026-10-05 07:11:21,7450.0,7492.0,27,1024,0,84,0,0,84,0,,,,,,
2026-10-05 07:11:21,7450.0,7492.0,28,1843,0,55,0,0,55,0,,,,,,
2026-10-05 07:11:21,7450.0,7492.0,65,1564,1,165,0,0,166,0,,,,,,
2026-10-05 07:11:21,7450.0,7492.0,30,355,0,130,0,0,130,0,,,,,,
2026-10-05 07:11:21,7450.0,7492.0,2,127,0,12,0,0,12,0,,,,,,
2026-10-05 07:11:21,7450.0,7492.0,8,314,0,47,0,0,47,0,,,,,,
2026-10-05 07:11:21,7450.0,7492.0,12,193,0,8,0,0,8,0,,,,,,
2026-10-05 07:11:21,7455.0,7497.0,2,750,0,1,0,0,1,0,,,,,,
2026-10-05 07:11:21,7455.0,7497.0,0,240,0,25,0,0,25,0,,,,,,
2026-10-05 07:11:21,7455.0,7497.0,0,434,0,6,0,0,6,0,,,,,,
2026-10-05 07:11:21,7455.0,7497.0,0,131,0,20,0,0,20,0,,,,,,
2026-10-05 07:11:21,7455.0,7497.0,1,501,0,11,0,0,11,0,,,,,,
2026-10-05 07:11:21,7455.0,7497.0,2,30,0,29,0,0,29,0,,,,,,
2026-10-05 07:11:21,7455.0,7497.0,0,49,0,0,0,0,0,0,,,,,,
2026-10-05 07:11:21,7455.0,7497.0,0,3,0,2,0,0,2,0,,,,,,
2026-10-05 07:11:21,7455.0,7497.0,0,29,0,0,0,0,0,0,,,,,,
2026-10-05 07:11:21,7460.0,7502.0,4,638,0,6,0,0,6,0,,,,,,
2026-10-05 07:11:21,7460.0,7502.0,0,441,0,869,0,428,869,428,,,,,,
2026-10-05 07:11:21,7460.0,7502.0,0,705,0,31,0,0,31,0,,,,,,
2026-10-05 07:11:21,7460.0,7502.0,4,217,0,2,0,0,2,0,,,,,,
2026-10-05 07:11:21,7460.0,7502.0,27,673,0,16,0,0,16,0,,,,,,
2026-10-05 07:11:21,7460.0,7502.0,0,123,0,65,0,0,65,0,,,,,,
2026-10-05 07:11:21,7460.0,7502.0,0,99,0,1,0,0,1,0,,,,,,
2026-10-05 07:11:21,7460.0,7502.0,31,1325,0,3,0,0,3,0,,,,,,
2026-10-05 07:11:21,7460.0,7502.0,1,58,0,7,0,0,7,0,,,,,,
2026-10-05 07:11:21,7465.0,7507.0,1,3410,0,40,0,0,40,0,,,,,,
2026-10-05 07:11:21,7465.0,7507.0,0,272,0,9,0,0,9,0,,,,,,
2026-10-05 07:11:21,7465.0,7507.0,0,288,0,1,0,0,1,0,,,,,,
2026-10-05 07:11:21,7465.0,7507.0,0,802,0,11,0,0,11,0,,,,,,
2026-10-05 07:11:21,7465.0,7507.0,7,403,0,91,0,0,91,0,,,,,,
2026-10-05 07:11:21,7465.0,7507.0,0,32,0,26,0,0,26,0,,,,,,
2026-10-05 07:11:21,7465.0,7507.0,0,22,0,1,0,0,1,0,,,,,,
2026-10-05 07:11:21,7465.0,7507.0,0,6,0,0,0,0,0,0,,,,,,
2026-10-05 07:11:21,7465.0,7507.0,0,1,0,2,0,1,2,1,,,,,,
2026-10-05 07:11:21,7470.0,7512.0,1,1906,0,12,0,0,12,0,,,,,,
2026-10-05 07:11:21,7470.0,7512.0,0,257,0,14,0,0,14,0,,,,,,
2026-10-05 07:11:21,7470.0,7512.0,5,273,0,21,0,0,21,0,,,,,,
2026-10-05 07:11:21,7470.0,7512.0,50,295,0,10,0,0,10,0,,,,,,
2026-10-05 07:11:21,7470.0,7512.0,44,736,0,364,0,0,364,0,,,,,,
2026-10-05 07:11:21,7470.0,7512.0,5,138,0,28,0,0,28,0,,,,,,
2026-10-05 07:11:21,7470.0,7512.0,23,169,0,26,0,0,26,0,,,,,,
2026-10-05 07:11:21,7470.0,7512.0,30,328,0,7,0,0,7,0,,,,,,
2026-10-05 07:11:21,7470.0,7512.0,2,48,0,2,0,0,2,0,,,,,,
2026-10-05 07:11:21,7475.0,7517.0,52,3378,1,162,0,0,163,0,,,,,,
2026-10-05 07:11:21,7475.0,7517.0,0,2039,0,1605,0,0,1605,0,,,,,,
2026-10-05 07:11:21,7475.0,7517.0,80,1327,0,83,0,0,83,0,,,,,,
2026-10-05 07:11:21,7475.0,7517.0,5,200,0,19,0,0,19,0,,,,,,
2026-10-05 07:11:21,7475.0,7517.0,15,2381,0,104,0,0,104,0,,,,,,
2026-10-05 07:11:21,7475.0,7517.0,1,309,0,341,0,32,341,32,,,,,,
2026-10-05 07:11:21,7475.0,7517.0,0,121,0,59,0,0,59,0,,,,,,
2026-10-05 07:11:21,7475.0,7517.0,26,268,0,61,0,0,61,0,,,,,,
2026-10-05 07:11:21,7475.0,7517.0,7,302,0,11,0,0,11,0,,,,,,
2026-10-05 07:11:21,7480.0,7522.0,7,7711,0,10,0,0,10,0,,,,,,
2026-10-05 07:11:21,7480.0,7522.0,1,333,0,77,0,0,77,0,,,,,,
2026-10-05 07:11:21,7480.0,7522.0,31,275,0,12,0,0,12,0,,,,,,
2026-10-05 07:11:21,7480.0,7522.0,53,155,0,37,0,0,37,0,,,,,,
2026-10-05 07:11:21,7480.0,7522.0,60,1669,0,153,0,0,153,0,,,,,,
2026-10-05 07:11:21,7480.0,7522.0,10,141,0,107,0,0,107,0,,,,,,
2026-10-05 07:11:21,7480.0,7522.0,0,306,0,11,0,0,11,0,,,,,,
2026-10-05 07:11:21,7480.0,7522.0,1,138,0,13,0,0,13,0,,,,,,
2026-10-05 07:11:21,7480.0,7522.0,0,162,0,5,0,0,5,0,,,,,,
2026-10-05 07:11:21,7485.0,7527.0,51,557,0,65,0,0,65,0,,,,,,
2026-10-05 07:11:21,7485.0,7527.0,1,412,0,105,0,0,105,0,,,,,,
2026-10-05 07:11:21,7485.0,7527.0,5,922,0,13,0,0,13,0,,,,,,
2026-10-05 07:11:21,7485.0,7527.0,0,69,0,7,0,0,7,0,,,,,,
2026-10-05 07:11:21,7485.0,7527.0,1,560,0,667,0,107,667,107,,,,,,
2026-10-05 07:11:21,7485.0,7527.0,0,44,0,16,0,0,16,0,,,,,,
2026-10-05 07:11:21,7485.0,7527.0,0,7,0,0,0,0,0,0,,,,,,
2026-10-05 07:11:21,7485.0,7527.0,0,115,0,0,0,0,0,0,,,,,,
2026-10-05 07:11:21,7485.0,7527.0,0,2,0,12,0,10,12,10,,,,,,
2026-10-05 07:11:21,7490.0,7532.0,62,6241,0,314,0,0,314,0,,,,,,
2026-10-05 07:11:21,7490.0,7532.0,1,500,0,148,0,0,148,0,,,,,,
2026-10-05 07:11:21,7490.0,7532.0,4,855,0,17,0,0,17,0,,,,,,
2026-10-05 07:11:21,7490.0,7532.0,14,176,0,11,0,0,11,0,,,,,,
2026-10-05 07:11:21,7490.0,7532.0,7,866,0,55,0,0,55,0,,,,,,
2026-10-05 07:11:21,7490.0,7532.0,11,139,0,42,0,0,42,0,,,,,,
2026-10-05 07:11:21,7490.0,7532.0,2,329,0,16,0,0,16,0,,,,,,
2026-10-05 07:11:21,7490.0,7532.0,5,206,0,4,0,0,4,0,,,,,,
2026-10-05 07:11:21,7490.0,7532.0,0,219,0,5,0,0,5,0,,,,,,
2026-10-05 07:11:21,7495.0,7537.0,1,1863,0,375,0,0,375,0,,,,,,
2026-10-05 07:11:21,7495.0,7537.0,0,363,0,100,0,0,100,0,,,,,,
2026-10-05 07:11:21,7495.0,7537.0,0,1714,0,39,0,0,39,0,,,,,,
2026-10-05 07:11:21,7495.0,7537.0,0,151,0,0,0,0,0,0,,,,,,
2026-10-05 07:11:21,7495.0,7537.0,4,1216,0,701,0,0,701,0,,,,,,
2026-10-05 07:11:21,7495.0,7537.0,0,49,0,18,0,0,18,0,,,,,,
2026-10-05 07:11:21,7495.0,7537.0,0,67,0,40,0,0,40,0,,,,,,
2026-10-05 07:11:21,7495.0,7537.0,0,7,0,0,0,0,0,0,,,,,,
2026-10-05 07:11:21,7495.0,7537.0,0,2,0,0,0,0,0,0,,,,,,
2026-10-05 07:11:21,7500.0,7542.0,114,5340,7,1433,0,0,1440,0,,,,,,
2026-10-05 07:11:21,7500.0,7542.0,30,792,0,150,0,0,150,0,,,,,,
2026-10-05 07:11:21,7500.0,7542.0,11,4463,0,1118,0,0,1118,0,,,,,,
2026-10-05 07:11:21,7500.0,7542.0,4,1110,0,129,0,0,129,0,,,,,,
2026-10-05 07:11:21,7500.0,7542.0,56,3255,0,1104,0,0,1104,0,,,,,,
2026-10-05 07:11:21,7500.0,7542.0,41,481,0,161,0,0,161,0,,,,,,
2026-10-05 07:11:21,7500.0,7542.0,193,1407,0,7,0,0,7,0,,,,,,
2026-10-05 07:11:21,7500.0,7542.0,36,1690,0,30,0,0,30,0,,,,,,
2026-10-05 07:11:21,7500.0,7542.0,6,309,4,5,0,0,9,0,,,,,,
2026-10-05 07:11:21,7505.0,7547.0,3,635,0,106,0,0,106,0,,,,,,
2026-10-05 07:11:21,7505.0,7547.0,1,352,0,98,0,0,98,0,,,,,,
2026-10-05 07:11:21,7505.0,7547.0,1,353,0,54,0,0,54,0,,,,,,
2026-10-05 07:11:21,7505.0,7547.0,0,61,0,1,0,0,1,0,,,,,,
2026-10-05 07:11:21,7505.0,7547.0,3,530,0,204,0,0,204,0,,,,,,
2026-10-05 07:11:21,7505.0,7547.0,0,19,0,1,0,0,1,0,,,,,,
2026-10-05 07:11:21,7505.0,7547.0,0,21,0,7,0,0,7,0,,,,,,
2026-10-05 07:11:21,7505.0,7547.0,1,10,0,0,0,0,0,0,,,,,,
2026-10-05 07:11:21,7505.0,7547.0,0,0,0,0,0,0,0,0,,,,,,
2026-10-05 07:11:21,7510.0,7552.0,9,854,1,485,0,0,486,0,,,,,,
2026-10-05 07:11:21,7510.0,7552.0,6,1153,0,61,0,0,61,0,,,,,,
2026-10-05 07:11:21,7510.0,7552.0,2,714,0,71,0,0,71,0,,,,,,
2026-10-05 07:11:21,7510.0,7552.0,46,210,0,12,0,0,12,0,,,,,,
2026-10-05 07:11:21,7510.0,7552.0,79,697,0,69,0,0,69,0,,,,,,
2026-10-05 07:11:21,7510.0,7552.0,5,309,0,82,0,0,82,0,,,,,,
2026-10-05 07:11:21,7510.0,7552.0,31,289,0,1,0,0,1,0,,,,,,
2026-10-05 07:11:21,7510.0,7552.0,3,142,0,0,0,0,0,0,,,,,,
2026-10-05 07:11:21,7510.0,7552.0,74,68,0,2,0,0,2,0,,,,,,
2026-10-05 07:11:21,7515.0,7557.0,10,828,0,136,0,0,136,0,,,,,,
2026-10-05 07:11:21,7515.0,7557.0,2,161,0,78,0,0,78,0,,,,,,
2026-10-05 07:11:21,7515.0,7557.0,1,780,0,97,0,0,97,0,,,,,,
2026-10-05 07:11:21,7515.0,7557.0,1,381,0,6,0,0,6,0,,,,,,
2026-10-05 07:11:21,7515.0,7557.0,11,774,0,405,0,0,405,0,,,,,,
2026-10-05 07:11:21,7515.0,7557.0,0,126,0,63,0,0,63,0,,,,,,
2026-10-05 07:11:21,7515.0,7557.0,0,5,0,2,0,0,2,0,,,,,,
2026-10-05 07:11:21,7515.0,7557.0,0,25,0,0,0,0,0,0,,,,,,
2026-10-05 07:11:21,7515.0,7557.0,0,27,0,1,0,0,1,0,,,,,,
2026-10-05 07:11:21,7520.0,7562.0,3,1004,0,223,0,0,223,0,,,,,,
2026-10-05 07:11:21,7520.0,7562.0,23,555,0,191,0,0,191,0,,,,,,
2026-10-05 07:11:21,7520.0,7562.0,7,2822,0,955,0,0,955,0,,,,,,
2026-10-05 07:11:21,7520.0,7562.0,5,87,0,18,0,0,18,0,,,,,,
2026-10-05 07:11:21,7520.0,7562.0,15,2182,0,496,0,0,496,0,,,,,,
2026-10-05 07:11:21,7520.0,7562.0,29,349,0,200,0,0,200,0,,,,,,
2026-10-05 07:11:21,7520.0,7562.0,0,45,0,28,0,0,28,0,,,,,,
2026-10-05 07:11:21,7520.0,7562.0,0,2107,0,2,0,0,2,0,,,,,,
2026-10-05 07:11:21,7520.0,7562.0,0,117,0,10,0,0,10,0,,,,,,
2026-10-05 07:11:21,7525.0,7567.0,10,7982,5,586,0,0,591,0,,,,,,
2026-10-05 07:11:21,7525.0,7567.0,5,345,0,87,0,0,87,0,,,,,,
2026-10-05 07:11:21,7525.0,7567.0,11,957,0,74,0,0,74,0,,,,,,
2026-10-05 07:11:21,7525.0,7567.0,10,346,0,91,0,0,91,0,,,,,,
2026-10-05 07:11:21,7525.0,7567.0,115,3774,0,928,0,0,928,0,,,,,,
2026-10-05 07:11:21,7525.0,7567.0,10,413,1,92,0,0,93,0,,,,,,
2026-10-05 07:11:21,7525.0,7567.0,2,73,0,7,0,0,7,0,,,,,,
2026-10-05 07:11:21,7525.0,7567.0,4,515,0,51,0,0,51,0,,,,,,
2026-10-05 07:11:21,7525.0,7567.0,8,111,4,0,0,0,4,0,,,,,,
2026-10-05 07:11:21,7530.0,7572.0,14,2731,1,141,0,0,142,0,,,,,,
2026-10-05 07:11:21,7530.0,7572.0,8,454,0,202,0,0,202,0,,,,,,
2026-10-05 07:11:21,7530.0,7572.0,13,703,0,66,0,0,66,0,,,,,,
2026-10-05 07:11:21,7530.0,7572.0,9,226,0,22,0,0,22,0,,,,,,
2026-10-05 07:11:21,7530.0,7572.0,17,2910,0,341,0,0,341,0,,,,,,
2026-10-05 07:11:21,7530.0,7572.0,7,398,0,134,0,0,134,0,,,,,,
2026-10-05 07:11:21,7530.0,7572.0,6,73,0,22,0,0,22,0,,,,,,
2026-10-05 07:11:21,7530.0,7572.0,12,207,0,0,0,0,0,0,,,,,,
2026-10-05 07:11:21,7530.0,7572.0,3,147,0,0,0,0,0,0,,,,,,
2026-10-05 07:11:21,7535.0,7577.0,1,4601,0,112,0,0,112,0,,,,,,
2026-10-05 07:11:21,7535.0,7577.0,8,2193,0,29,0,0,29,0,,,,,,
2026-10-05 07:11:21,7535.0,7577.0,3,399,0,52,0,0,52,0,,,,,,
2026-10-05 07:11:21,7535.0,7577.0,7,131,0,45,0,0,45,0,,,,,,
2026-10-05 07:11:21,7535.0,7577.0,38,753,0,309,0,0,309,0,,,,,,
2026-10-05 07:11:21,7535.0,7577.0,1,46,0,38,0,0,38,0,,,,,,
2026-10-05 07:11:21,7535.0,7577.0,1,11,0,4,0,0,4,0,,,,,,
2026-10-05 07:11:21,7535.0,7577.0,0,2,0,0,0,0,0,0,,,,,,
2026-10-05 07:11:21,7535.0,7577.0,0,17,0,0,0,0,0,0,,,,,,
2026-10-05 07:11:21,7540.0,7582.0,12,3499,1,353,0,0,354,0,,,,,,
2026-10-05 07:11:21,7540.0,7582.0,4,278,0,87,0,0,87,0,,,,,,
2026-10-05 07:11:21,7540.0,7582.0,35,588,0,75,0,0,75,0,,,,,,
2026-10-05 07:11:21,7540.0,7582.0,9,464,0,50,0,0,50,0,,,,,,
2026-10-05 07:11:21,7540.0,7582.0,18,969,1,71,0,0,72,0,,,,,,
2026-10-05 07:11:21,7540.0,7582.0,42,1154,0,375,0,0,375,0,,,,,,
2026-10-05 07:11:21,7540.0,7582.0,0,97,0,4,0,0,4,0,,,,,,
2026-10-05 07:11:21,7540.0,7582.0,2,190,0,16,0,0,16,0,,,,,,
2026-10-05 07:11:21,7540.0,7582.0,27,228,0,0,0,0,0,0,,,,,,
2026-10-05 07:11:21,7545.0,7587.0,13,1835,0,121,0,0,121,0,,,,,,
2026-10-05 07:11:21,7545.0,7587.0,1,1782,0,103,0,0,103,0,,,,,,
2026-10-05 07:11:21,7545.0,7587.0,0,645,0,211,0,0,211,0,,,,,,
2026-10-05 07:11:21,7545.0,7587.0,19,134,0,22,0,0,22,0,,,,,,
2026-10-05 07:11:21,7545.0,7587.0,8,712,0,120,0,0,120,0,,,,,,
2026-10-05 07:11:21,7545.0,7587.0,0,66,0,41,0,0,41,0,,,,,,
2026-10-05 07:11:21,7545.0,7587.0,0,23,0,4,0,0,4,0,,,,,,
2026-10-05 07:11:21,7545.0,7587.0,2,110,0,3,0,0,3,0,,,,,,
2026-10-05 07:11:21,7545.0,7587.0,0,12,0,2,0,0,2,0,,,,,,
2026-10-05 07:11:21,7550.0,7592.0,128,6877,0,1517,0,0,1517,0,,,,,,
2026-10-05 07:11:21,7550.0,7592.0,13,562,0,1705,0,1143,1705,1143,,,,,,
2026-10-05 07:11:21,7550.0,7592.0,32,1584,0,631,0,0,631,0,,,,,,
2026-10-05 07:11:21,7550.0,7592.0,22,381,0,50,0,0,50,0,,,,,,
2026-10-05 07:11:21,7550.0,7592.0,166,2555,1,349,0,0,350,0,,,,,,
2026-10-05 07:11:21,7550.0,7592.0,11,524,2,288,0,0,290,0,,,,,,
2026-10-05 07:11:21,7550.0,7592.0,11,223,0,9,0,0,9,0,,,,,,
2026-10-05 07:11:21,7550.0,7592.0,70,343,0,22,0,0,22,0,,,,,,
2026-10-05 07:11:21,7550.0,7592.0,12,324,0,3,0,0,3,0,,,,,,
2026-10-05 07:11:21,7555.0,7597.0,13,853,0,973,0,120,973,120,,,,,,
2026-10-05 07:11:21,7555.0,7597.0,14,410,0,142,0,0,142,0,,,,,,
2026-10-05 07:11:21,7555.0,7597.0,4,309,0,49,0,0,49,0,,,,,,
2026-10-05 07:11:21,7555.0,7597.0,11,87,7,73,0,0,80,0,,,,,,
2026-10-05 07:11:21,7555.0,7597.0,35,588,0,249,0,0,249,0,,,,,,
2026-10-05 07:11:21,7555.0,7597.0,1,40,0,64,0,24,64,24,,,,,,
2026-10-05 07:11:21,7555.0,7597.0,2,32,0,6,0,0,6,0,,,,,,
2026-10-05 07:11:21,7555.0,7597.0,0,11,0,1,0,0,1,0,,,,,,
2026-10-05 07:11:21,7555.0,7597.0,1,46,0,1,0,0,1,0,,,,,,
2026-10-05 07:11:21,7560.0,7602.0,45,1540,15,395,0,0,410,0,,,,,,
2026-10-05 07:11:21,7560.0,7602.0,8,148,0,884,0,736,884,736,,,,,,
2026-10-05 07:11:21,7560.0,7602.0,117,476,0,136,0,0,136,0,,,,,,
2026-10-05 07:11:21,7560.0,7602.0,35,151,8,95,0,0,103,0,,,,,,
2026-10-05 07:11:21,7560.0,7602.0,56,1109,0,119,0,0,119,0,,,,,,
2026-10-05 07:11:21,7560.0,7602.0,9,678,0,268,0,0,268,0,,,,,,
2026-10-05 07:11:21,7560.0,7602.0,5,64,0,4,0,0,4,0,,,,,,
2026-10-05 07:11:21,7560.0,7602.0,4,163,0,3,0,0,3,0,,,,,,
2026-10-05 07:11:21,7560.0,7602.0,15,79,0,0,0,0,0,0,,,,,,
2026-10-05 07:11:21,7565.0,7607.0,42,3593,10,207,0,0,217,0,,,,,,
2026-10-05 07:11:21,7565.0,7607.0,27,327,0,43,0,0,43,0,,,,,,
2026-10-05 07:11:21,7565.0,7607.0,3,239,0,95,0,0,95,0,,,,,,
2026-10-05 07:11:21,7565.0,7607.0,5,81,0,250,0,169,250,169,,,,,,
2026-10-05 07:11:21,7565.0,7607.0,21,764,1,278,0,0,279,0,,,,,,
2026-10-05 07:11:21,7565.0,7607.0,0,147,0,36,0,0,36,0,,,,,,
2026-10-05 07:11:21,7565.0,7607.0,0,62,0,3,0,0,3,0,,,,,,
2026-10-05 07:11:21,7565.0,7607.0,1,25,0,2,0,0,2,0,,,,,,
2026-10-05 07:11:21,7565.0,7607.0,13,40,0,1,0,0,1,0,,,,,,
2026-10-05 07:11:21,7570.0,7612.0,16,2353,18,423,2,0,441,2,,,,,,
2026-10-05 07:11:21,7570.0,7612.0,3,361,0,106,0,0,106,0,,,,,,
2026-10-05 07:11:21,7570.0,7612.0,11,301,0,91,0,0,91,0,,,,,,
2026-10-05 07:11:21,7570.0,7612.0,24,321,0,90,0,0,90,0,,,,,,
2026-10-05 07:11:21,7570.0,7612.0,81,1213,0,122,0,0,122,0,,,,,,
2026-10-05 07:11:21,7570.0,7612.0,4,136,1,21,0,0,22,0,,,,,,
2026-10-05 07:11:21,7570.0,7612.0,32,103,0,0,0,0,0,0,,,,,,
2026-10-05 07:11:21,7570.0,7612.0,42,95,0,5,0,0,5,0,,,,,,
2026-10-05 07:11:21,7570.0,7612.0,17,114,0,3,0,0,3,0,,,,,,
2026-10-05 07:11:21,7575.0,7617.0,59,2537,0,478,0,0,478,0,,,,,,
2026-10-05 07:11:21,7575.0,7617.0,177,719,3,1656,0,937,1659,937,,,,,,
2026-10-05 07:11:21,7575.0,7617.0,6,553,0,170,0,0,170,0,,,,,,
2026-10-05 07:11:21,7575.0,7617.0,10,282,0,157,0,0,157,0,,,,,,
2026-10-05 07:11:21,7575.0,7617.0,86,1247,0,478,0,0,478,0,,,,,,
2026-10-05 07:11:21,7575.0,7617.0,11,244,0,48,0,0,48,0,,,,,,
2026-10-05 07:11:21,7575.0,7617.0,3,581,0,0,0,0,0,0,,,,,,
2026-10-05 07:11:21,7575.0,7617.0,8,464,0,5,0,0,5,0,,,,,,
2026-10-05 07:11:21,7575.0,7617.0,30,208,0,3,0,0,3,0,,,,,,
2026-10-05 07:11:21,7580.0,7622.0,221,1274,15,1524,0,250,1539,250,,,,,,
2026-10-05 07:11:21,7580.0,7622.0,26,996,5,163,0,0,168,0,,,,,,
2026-10-05 07:11:21,7580.0,7622.0,14,646,0,117,0,0,117,0,,,,,,
2026-10-05 07:11:21,7580.0,7622.0,5,627,0,50,0,0,50,0,,,,,,
2026-10-05 07:11:21,7580.0,7622.0,174,1092,0,175,0,0,175,0,,,,,,
2026-10-05 07:11:21,7580.0,7622.0,5,114,0,83,0,0,83,0,,,,,,
2026-10-05 07:11:21,7580.0,7622.0,8,63,0,3,0,0,3,0,,,,,,
2026-10-05 07:11:21,7580.0,7622.0,20,256,0,1,0,0,1,0,,,,,,
2026-10-05 07:11:21,7580.0,7622.0,166,140,1,8,0,0,9,0,,,,,,
2026-10-05 07:11:21,7585.0,7627.0,29,1816,5,687,0,0,692,0,,,,,,
2026-10-05 07:11:21,7585.0,7627.0,7,316,5,137,0,0,142,0,,,,,,
2026-10-05 07:11:21,7585.0,7627.0,4,171,0,43,0,0,43,0,,,,,,
2026-10-05 07:11:21,7585.0,7627.0,18,111,0,127,0,16,127,16,,,,,,
2026-10-05 07:11:21,7585.0,7627.0,65,550,0,61,0,0,61,0,,,,,,
2026-10-05 07:11:21,7585.0,7627.0,14,77,0,38,0,0,38,0,,,,,,
2026-10-05 07:11:21,7585.0,7627.0,1,398,0,6,0,0,6,0,,,,,,
2026-10-05 07:11:21,7585.0,7627.0,4,32,0,1,0,0,1,0,,,,,,
2026-10-05 07:11:21,7585.0,7627.0,4,45,1,1,0,0,2,0,,,,,,
2026-10-05 07:11:21,7590.0,7632.0,55,1493,0,1000,0,0,1000,0,,,,,,
2026-10-05 07:11:21,7590.0,7632.0,28,815,0,172,0,0,172,0,,,,,,
2026-10-05 07:11:21,7590.0,7632.0,11,310,0,55,0,0,55,0,,,,,,
2026-10-05 07:11:21,7590.0,7632.0,19,420,0,30,0,0,30,0,,,,,,
2026-10-05 07:11:21,7590.0,7632.0,314,1045,0,37,0,0,37,0,,,,,,
2026-10-05 07:11:21,7590.0,7632.0,67,205,0,18,0,0,18,0,,,,,,
2026-10-05 07:11:21,7590.0,7632.0,218,340,0,1,0,0,1,0,,,,,,
2026-10-05 07:11:21,7590.0,7632.0,67,313,0,0,0,0,0,0,,,,,,
2026-10-05 07:11:21,7590.0,7632.0,28,265,0,1,0,0,1,0,,,,,,
2026-10-05 07:11:21,7595.0,7637.0,14,1674,12,1746,0,72,1758,72,,,,,,
2026-10-05 07:11:21,7595.0,7637.0,32,318,0,63,0,0,63,0,,,,,,
2026-10-05 07:11:21,7595.0,7637.0,7,304,0,115,0,0,115,0,,,,,,
2026-10-05 07:11:21,7595.0,7637.0,14,158,0,85,0,0,85,0,,,,,,
2026-10-05 07:11:21,7595.0,7637.0,47,479,0,34,0,0,34,0,,,,,,
2026-10-05 07:11:21,7595.0,7637.0,7,363,0,71,0,0,71,0,,,,,,
2026-10-05 07:11:21,7595.0,7637.0,44,330,0,0,0,0,0,0,,,,,,
2026-10-05 07:11:21,7595.0,7637.0,3,73,0,0,0,0,0,0,,,,,,
2026-10-05 07:11:21,7595.0,7637.0,3,75,0,0,0,0,0,0,,,,,,
2026-10-05 07:11:21,7600.0,7642.0,179,4034,29,1590,0,0,1619,0,,,,,,
2026-10-05 07:11:21,7600.0,7642.0,421,3625,0,529,0,0,529,0,,,,,,
2026-10-05 07:11:21,7600.0,7642.0,80,1736,0,707,0,0,707,0,,,,,,
2026-10-05 07:11:21,7600.0,7642.0,50,1070,1,31,0,0,32,0,,,,,,
2026-10-05 07:11:21,7600.0,7642.0,610,5003,1,347,0,0,348,0,,,,,,
2026-10-05 07:11:21,7600.0,7642.0,365,704,0,179,0,0,179,0,,,,,,
2026-10-05 07:11:21,7600.0,7642.0,32,1378,0,7,0,0,7,0,,,,,,
2026-10-05 07:11:21,7600.0,7642.0,49,432,0,2,0,0,2,0,,,,,,
2026-10-05 07:11:21,7600.0,7642.0,462,617,1,1,0,0,2,0,,,,,,
2026-10-05 07:11:21,7605.0,7647.0,32,981,1,836,0,0,837,0,,,,,,
2026-10-05 07:11:21,7605.0,7647.0,56,208,0,132,0,0,132,0,,,,,,
2026-10-05 07:11:21,7605.0,7647.0,9,182,0,38,0,0,38,0,,,,,,
2026-10-05 07:11:21,7605.0,7647.0,26,104,0,21,0,0,21,0,,,,,,
2026-10-05 07:11:21,7605.0,7647.0,44,305,0,47,0,0,47,0,,,,,,
2026-10-05 07:11:21,7605.0,7647.0,9,474,0,198,0,0,198,0,,,,,,
2026-10-05 07:11:21,7605.0,7647.0,6,49,0,0,0,0,0,0,,,,,,
2026-10-05 07:11:21,7605.0,7647.0,27,138,0,1,0,0,1,0,,,,,,
2026-10-05 07:11:21,7605.0,7647.0,13,18,0,1,0,0,1,0,,,,,,
2026-10-05 07:11:21,7610.0,7652.0,153,1743,50,3051,0,1308,3101,1308,,,,,,
2026-10-05 07:11:21,7610.0,7652.0,45,398,20,258,0,0,278,0,,,,,,
2026-10-05 07:11:21,7610.0,7652.0,36,438,0,143,0,0,143,0,,,,,,
2026-10-05 07:11:21,7610.0,7652.0,76,448,0,16,0,0,16,0,,,,,,
2026-10-05 07:11:21,7610.0,7652.0,172,861,0,87,0,0,87,0,,,,,,
2026-10-05 07:11:21,7610.0,7652.0,77,175,5,75,0,0,80,0,,,,,,
2026-10-05 07:11:21,7610.0,7652.0,181,64,0,0,0,0,0,0,,,,,,
2026-10-05 07:11:21,7610.0,7652.0,71,158,0,17,0,0,17,0,,,,,,
2026-10-05 07:11:21,7610.0,7652.0,22,57,0,0,0,0,0,0,,,,,,
2026-10-05 07:11:21,7615.0,7657.0,58,1438,8,814,0,0,822,0,,,,,,
2026-10-05 07:11:21,7615.0,7657.0,40,294,0,155,0,0,155,0,,,,,,
2026-10-05 07:11:21,7615.0,7657.0,67,213,0,89,0,0,89,0,,,,,,
2026-10-05 07:11:21,7615.0,7657.0,29,577,0,71,0,0,71,0,,,,,,
2026-10-05 07:11:21,7615.0,7657.0,33,1663,0,129,0,0,129,0,,,,,,
2026-10-05 07:11:21,7615.0,7657.0,8,946,0,20,0,0,20,0,,,,,,
2026-10-05 07:11:21,7615.0,7657.0,13,53,0,0,0,0,0,0,,,,,,
2026-10-05 07:11:21,7615.0,7657.0,12,11,0,2,0,0,2,0,,,,,,
2026-10-05 07:11:21,7615.0,7657.0,26,40,0,0,0,0,0,0,,,,,,
2026-10-05 07:11:21,7620.0,7662.0,218,6420,17,1362,0,0,1379,0,,,,,,
2026-10-05 07:11:21,7620.0,7662.0,52,2998,2,651,0,0,653,0,,,,,,
2026-10-05 07:11:21,7620.0,7662.0,46,528,0,66,0,0,66,0,,,,,,
2026-10-05 07:11:21,7620.0,7662.0,95,378,0,22,0,0,22,0,,,,,,
2026-10-05 07:11:21,7620.0,7662.0,163,1279,0,252,0,0,252,0,,,,,,
2026-10-05 07:11:21,7620.0,7662.0,59,173,5,26,0,0,31,0,,,,,,
2026-10-05 07:11:21,7620.0,7662.0,70,1008,0,2,0,0,2,0,,,,,,
2026-10-05 07:11:21,7620.0,7662.0,65,122,0,2,0,0,2,0,,,,,,
2026-10-05 07:11:21,7620.0,7662.0,11,60,1,0,0,0,1,0,,,,,,
2026-10-05 07:11:21,7625.0,7667.0,188,3664,2,2294,0,0,2296,0,,,,,,
2026-10-05 07:11:21,7625.0,7667.0,43,1443,0,302,0,0,302,0,,,,,,
2026-10-05 07:11:21,7625.0,7667.0,66,576,0,193,0,0,193,0,,,,,,
2026-10-05 07:11:21,7625.0,7667.0,180,669,0,24,0,0,24,0,,,,,,
2026-10-05 07:11:21,7625.0,7667.0,592,2339,2,297,0,0,299,0,,,,,,
2026-10-05 07:11:21,7625.0,7667.0,111,348,0,15,0,0,15,0,,,,,,
2026-10-05 07:11:21,7625.0,7667.0,55,106,0,5,0,0,5,0,,,,,,
2026-10-05 07:11:21,7625.0,7667.0,46,121,0,0,0,0,0,0,,,,,,
2026-10-05 07:11:21,7625.0,7667.0,60,186,0,2,0,0,2,0,,,,,,
2026-10-05 07:11:21,7630.0,7672.0,260,1872,127,3872,0,2000,3999,2000,,,,,,
2026-10-05 07:11:21,7630.0,7672.0,82,466,0,165,0,0,165,0,,,,,,
2026-10-05 07:11:21,7630.0,7672.0,160,441,0,118,0,0,118,0,,,,,,
2026-10-05 07:11:21,7630.0,7672.0,61,453,0,24,0,0,24,0,,,,,,
2026-10-05 07:11:21,7630.0,7672.0,167,1050,2,123,0,0,125,0,,,,,,
2026-10-05 07:11:21,7630.0,7672.0,70,153,0,24,0,0,24,0,,,,,,
2026-10-05 07:11:21,7630.0,7672.0,25,67,0,7,0,0,7,0,,,,,,
2026-10-05 07:11:21,7630.0,7672.0,74,113,0,25,0,0,25,0,,,,,,
2026-10-05 07:11:21,7630.0,7672.0,70,106,0,1,0,0,1,0,,,,,,
2026-10-05 07:11:21,7635.0,7677.0,337,1017,1,1976,0,959,1977,959,,,,,,
2026-10-05 07:11:21,7635.0,7677.0,109,389,0,301,0,0,301,0,,,,,,
2026-10-05 07:11:21,7635.0,7677.0,74,1055,1,343,0,0,344,0,,,,,,
2026-10-05 07:11:21,7635.0,7677.0,48,131,2,7,0,0,9,0,,,,,,
2026-10-05 07:11:21,7635.0,7677.0,155,2079,3,69,0,0,72,0,,,,,,
2026-10-05 07:11:21,7635.0,7677.0,25,75,0,9,0,0,9,0,,,,,,
2026-10-05 07:11:21,7635.0,7677.0,30,53,0,0,0,0,0,0,,,,,,
2026-10-05 07:11:21,7635.0,7677.0,30,25,0,5,0,0,5,0,,,,,,
2026-10-05 07:11:21,7635.0,7677.0,20,97,0,0,0,0,0,0,,,,,,
2026-10-05 07:11:21,7640.0,7682.0,601,1629,138,3379,0,1750,3517,1750,,,,,,
2026-10-05 07:11:21,7640.0,7682.0,114,262,0,469,0,207,469,207,,,,,,
2026-10-05 07:11:21,7640.0,7682.0,163,451,1,78,0,0,79,0,,,,,,
2026-10-05 07:11:21,7640.0,7682.0,92,154,1,100,0,0,101,0,,,,,,
2026-10-05 07:11:21,7640.0,7682.0,278,1360,2,383,0,0,385,0,,,,,,
2026-10-05 07:11:21,7640.0,7682.0,127,274,0,17,0,0,17,0,,,,,,
2026-10-05 07:11:21,7640.0,7682.0,20,92,0,0,0,0,0,0,,,,,,
2026-10-05 07:11:21,7640.0,7682.0,98,129,1,6,0,0,7,0,,,,,,
2026-10-05 07:11:21,7640.0,7682.0,59,71,0,0,0,0,0,0,,,,,,
2026-10-05 07:11:21,7645.0,7687.0,122,1357,19,2998,0,1641,3017,1641,,,,,,
2026-10-05 07:11:21,7645.0,7687.0,75,223,0,194,0,0,194,0,,,,,,
2026-10-05 07:11:21,7645.0,7687.0,58,626,0,352,0,0,352,0,,,,,,
2026-10-05 07:11:21,7645.0,7687.0,44,278,1,169,0,0,170,0,,,,,,
2026-10-05 07:11:21,7645.0,7687.0,98,1459,1,82,0,0,83,0,,,,,,
2026-10-05 07:11:21,7645.0,7687.0,52,119,0,30,0,0,30,0,,,,,,
2026-10-05 07:11:21,7645.0,7687.0,27,117,0,0,0,0,0,0,,,,,,
2026-10-05 07:11:21,7645.0,7687.0,13,81,0,7,0,0,7,0,,,,,,
2026-10-05 07:11:21,7645.0,7687.0,5,76,0,1,0,0,1,0,,,,,,
2026-10-05 07:11:21,7650.0,7692.0,477,2053,84,3244,0,1191,3328,1191,,,,,,
2026-10-05 07:11:21,7650.0,7692.0,363,1713,2,493,0,0,495,0,,,,,,
2026-10-05 07:11:21,7650.0,7692.0,77,1308,0,91,0,0,91,0,,,,,,
2026-10-05 07:11:21,7650.0,7692.0,106,1555,0,14,0,0,14,0,,,,,,
2026-10-05 07:11:21,7650.0,7692.0,921,1851,61,275,0,0,336,0,,,,,,
2026-10-05 07:11:21,7650.0,7692.0,355,458,0,52,0,0,52,0,,,,,,
2026-10-05 07:11:21,7650.0,7692.0,579,252,0,6,0,0,6,0,,,,,,
2026-10-05 07:11:21,7650.0,7692.0,67,459,0,6,0,0,6,0,,,,,,
2026-10-05 07:11:21,7650.0,7692.0,114,278,0,0,0,0,0,0,,,,,,
2026-10-05 07:11:21,7655.0,7697.0,137,902,26,2285,0,1383,2311,1383,,,,,,
2026-10-05 07:11:21,7655.0,7697.0,125,319,0,718,0,399,718,399,,,,,,
2026-10-05 07:11:21,7655.0,7697.0,70,264,0,54,0,0,54,0,,,,,,
2026-10-05 07:11:21,7655.0,7697.0,58,218,1,4,0,0,5,0,,,,,,
2026-10-05 07:11:21,7655.0,7697.0,183,765,7,147,0,0,154,0,,,,,,
2026-10-05 07:11:21,7655.0,7697.0,44,152,0,36,0,0,36,0,,,,,,
2026-10-05 07:11:21,7655.0,7697.0,17,95,0,0,0,0,0,0,,,,,,
2026-10-05 07:11:21,7655.0,7697.0,13,56,0,0,0,0,0,0,,,,,,
2026-10-05 07:11:21,7655.0,7697.0,17,105,0,1,0,0,1,0,,,,,,
2026-10-05 07:11:21,7660.0,7702.0,224,1318,131,4093,0,2775,4224,2775,,,,,,
2026-10-05 07:11:21,7660.0,7702.0,102,724,18,244,0,0,262,0,,,,,,
2026-10-05 07:11:21,7660.0,7702.0,106,693,0,79,0,0,79,0,,,,,,
2026-10-05 07:11:21,7660.0,7702.0,81,189,0,17,0,0,17,0,,,,,,
2026-10-05 07:11:21,7660.0,7702.0,336,732,39,455,0,0,494,0,,,,,,
2026-10-05 07:11:21,7660.0,7702.0,119,213,1,97,0,0,98,0,,,,,,
2026-10-05 07:11:21,7660.0,7702.0,60,208,0,4,0,0,4,0,,,,,,
2026-10-05 07:11:21,7660.0,7702.0,40,122,0,0,0,0,0,0,,,,,,
2026-10-05 07:11:21,7660.0,7702.0,37,116,1,0,0,0,1,0,,,,,,
2026-10-05 07:11:21,7665.0,7707.0,210,4777,111,4653,0,0,4764,0,,,,,,
2026-10-05 07:11:21,7665.0,7707.0,88,216,35,184,0,0,219,0,,,,,,
2026-10-05 07:11:21,7665.0,7707.0,112,683,0,83,0,0,83,0,,,,,,
2026-10-05 07:11:21,7665.0,7707.0,110,108,0,36,0,0,36,0,,,,,,
2026-10-05 07:11:21,7665.0,7707.0,458,613,26,42,0,0,68,0,,,,,,
2026-10-05 07:11:21,7665.0,7707.0,42,86,0,39,0,0,39,0,,,,,,
2026-10-05 07:11:21,7665.0,7707.0,48,146,0,1,0,0,1,0,,,,,,
2026-10-05 07:11:21,7665.0,7707.0,18,197,0,0,0,0,0,0,,,,,,
2026-10-05 07:11:21,7665.0,7707.0,78,29,0,2,0,0,2,0,,,,,,
2026-10-05 07:11:21,7670.0,7712.0,496,2941,169,5591,0,2650,5760,2650,,,,,,
2026-10-05 07:11:21,7670.0,7712.0,379,609,17,318,0,0,335,0,,,,,,
2026-10-05 07:11:21,7670.0,7712.0,664,231,557,258,0,27,815,27,,,,,,
2026-10-05 07:11:21,7670.0,7712.0,215,239,8,80,0,0,88,0,,,,,,
2026-10-05 07:11:21,7670.0,7712.0,398,816,6,355,0,0,361,0,,,,,,
2026-10-05 07:11:21,7670.0,7712.0,191,163,1,26,0,0,27,0,,,,,,
2026-10-05 07:11:21,7670.0,7712.0,102,257,1,6,0,0,7,0,,,,,,
2026-10-05 07:11:21,7670.0,7712.0,28,198,4,32,0,0,36,0,,,,,,
2026-10-05 07:11:21,7670.0,7712.0,80,140,4,0,0,0,4,0,,,,,,
2026-10-05 07:11:21,7675.0,7717.0,698,1963,117,13766,0,11803,13883,11803,,,5,,,5
2026-10-05 07:11:21,7675.0,7717.0,278,2927,27,273,0,0,300,0,,,,,,
2026-10-05 07:11:21,7675.0,7717.0,1251,1104,549,89,0,0,638,0,,,,,,
2026-10-05 07:11:21,7675.0,7717.0,822,1095,6,34,0,0,40,0,,,,,,
2026-10-05 07:11:21,7675.0,7717.0,449,1563,28,84,0,0,112,0,,,,,,
2026-10-05 07:11:21,7675.0,7717.0,130,1024,0,48,0,0,48,0,,,,,,
2026-10-05 07:11:21,7675.0,7717.0,168,427,0,0,0,0,0,0,,,,,,
2026-10-05 07:11:21,7675.0,7717.0,90,450,4,11,0,0,15,0,,,,,,
2026-10-05 07:11:21,7675.0,7717.0,499,458,3,1,0,0,4,0,,,,,,
2026-10-05 07:11:21,7680.0,7722.0,530,2501,186,18531,0,16030,18717,16030,,,2,,,2
2026-10-05 07:11:21,7680.0,7722.0,129,307,22,243,0,0,265,0,,,,,,
2026-10-05 07:11:21,7680.0,7722.0,349,314,54,98,0,0,152,0,,,,,,
2026-10-05 07:11:21,7680.0,7722.0,168,4096,4,54,0,0,58,0,,,,,,
2026-10-05 07:11:21,7680.0,7722.0,296,1210,58,127,0,0,185,0,,,,,,
2026-10-05 07:11:21,7680.0,7722.0,76,270,1,42,0,0,43,0,,,,,,
2026-10-05 07:11:21,7680.0,7722.0,91,223,0,3,0,0,3,0,,,,,,
2026-10-05 07:11:21,7680.0,7722.0,40,206,4,5,0,0,9,0,,,,,,
2026-10-05 07:11:21,7680.0,7722.0,177,193,1,13,0,0,14,0,,,,,,
2026-10-05 07:11:21,7685.0,7727.0,481,1685,169,10609,0,8924,10778,8924,,,,,,
2026-10-05 07:11:21,7685.0,7727.0,219,517,28,291,0,0,319,0,,,,,,
2026-10-05 07:11:21,7685.0,7727.0,117,256,76,117,0,0,193,0,,,,,,
2026-10-05 07:11:21,7685.0,7727.0,38,348,0,116,0,0,116,0,,,,,,
2026-10-05 07:11:21,7685.0,7727.0,131,730,23,24,0,0,47,0,,,,,,
2026-10-05 07:11:21,7685.0,7727.0,100,76,2,23,0,0,25,0,,,,,,
2026-10-05 07:11:21,7685.0,7727.0,649,60,0,5,0,0,5,0,,,,,,
2026-10-05 07:11:21,7685.0,7727.0,83,57,4,3,0,0,7,0,,,,,,
2026-10-05 07:11:21,7685.0,7727.0,92,45,0,0,0,0,0,0,,,,,,
2026-10-05 07:11:21,7690.0,7732.0,549,2603,474,11897,0,9294,12371,9294,,,,,,
2026-10-05 07:11:21,7690.0,7732.0,233,458,30,528,0,70,558,70,,,,,,
2026-10-05 07:11:21,7690.0,7732.0,145,812,9,120,0,0,129,0,,,,,,
2026-10-05 07:11:21,7690.0,7732.0,188,169,5,17,0,0,22,0,,,,,,
2026-10-05 07:11:21,7690.0,7732.0,320,1034,6,89,0,0,95,0,,,,,,
2026-10-05 07:11:21,7690.0,7732.0,76,341,4,127,0,0,131,0,,,,,,
2026-10-05 07:11:21,7690.0,7732.0,58,97,0,4,0,0,4,0,,,,,,
2026-10-05 07:11:21,7690.0,7732.0,165,367,1,0,0,0,1,0,,,,,,
2026-10-05 07:11:21,7690.0,7732.0,127,41,2,1,0,0,3,0,,,,,,
2026-10-05 07:11:21,7695.0,7737.0,526,1054,216,7300,0,6246,7516,6246,,,,,,
2026-10-05 07:11:21,7695.0,7737.0,160,698,40,427,0,0,467,0,,,,,,
2026-10-05 07:11:21,7695.0,7737.0,132,261,27,77,0,0,104,0,,,,,,
2026-10-05 07:11:21,7695.0,7737.0,75,241,14,22,0,0,36,0,,,,,,
2026-10-05 07:11:21,7695.0,7737.0,249,223,32,296,0,73,328,73,,,,,,
2026-10-05 07:11:21,7695.0,7737.0,32,79,7,12,0,0,19,0,,,,,,
2026-10-05 07:11:21,7695.0,7737.0,75,47,0,0,0,0,0,0,,,,,,
2026-10-05 07:11:21,7695.0,7737.0,159,45,0,1,0,0,1,0,,,,,,
2026-10-05 07:11:21,7695.0,7737.0,27,101,1,0,0,0,1,0,,,,,,
2026-10-05 07:11:21,7700.0,7742.0,2466,4286,1313,21570,0,17284,22883,17284,5,,1,,,1
2026-10-05 07:11:21,7700.0,7742.0,426,1461,49,621,0,0,670,0,,,,,,
2026-10-05 07:11:21,7700.0,7742.0,674,1697,137,67,0,0,204,0,,,,,,
2026-10-05 07:11:21,7700.0,7742.0,1156,2282,25,247,0,0,272,0,,,,,,
2026-10-05 07:11:21,7700.0,7742.0,1656,3359,25,242,0,0,267,0,,,,,,
2026-10-05 07:11:21,7700.0,7742.0,1122,1185,26,90,0,0,116,0,,,,,,
2026-10-05 07:11:21,7700.0,7742.0,1077,436,1,144,0,0,145,0,,,,,,
2026-10-05 07:11:21,7700.0,7742.0,162,699,0,17,0,0,17,0,,,,,,
2026-10-05 07:11:21,7700.0,7742.0,582,509,0,107,0,0,107,0,,,,,,
2026-10-05 07:11:21,7705.0,7747.0,1482,1851,348,9224,0,7373,9572,7373,,,,,,
2026-10-05 07:11:21,7705.0,7747.0,223,257,280,308,57,51,588,108,,,,,,
2026-10-05 07:11:21,7705.0,7747.0,206,342,13,94,0,0,107,0,,,,,,
2026-10-05 07:11:21,7705.0,7747.0,4098,4113,5,95,0,0,100,0,,,,,,
2026-10-05 07:11:21,7705.0,7747.0,347,648,18,28,0,0,46,0,,,,,,
2026-10-05 07:11:21,7705.0,7747.0,53,120,7,22,0,0,29,0,,,,,,
2026-10-05 07:11:21,7705.0,7747.0,85,9,0,3,0,0,3,0,,,,,,
2026-10-05 07:11:21,7705.0,7747.0,56,18,2,8,0,0,10,0,,,,,,
2026-10-05 07:11:21,7705.0,7747.0,67,133,0,3,0,0,3,0,,,,,,
2026-10-05 07:11:21,7710.0,7752.0,1078,989,838,9104,0,8115,9942,8115,,,,,,
2026-10-05 07:11:21,7710.0,7752.0,805,391,487,153,0,0,640,0,,,,,,
2026-10-05 07:11:21,7710.0,7752.0,553,3096,28,295,0,0,323,0,,,,,,
2026-10-05 07:11:21,7710.0,7752.0,240,189,9,6,0,0,15,0,,,,,,
2026-10-05 07:11:21,7710.0,7752.0,566,449,50,63,0,0,113,0,,,,,,
2026-10-05 07:11:21,7710.0,7752.0,1232,151,38,54,0,0,92,0,,,,,,
2026-10-05 07:11:21,7710.0,7752.0,137,73,4,5,0,0,9,0,,,,,,
2026-10-05 07:11:21,7710.0,7752.0,617,169,2,12,0,0,14,0,,,,,,
2026-10-05 07:11:21,7710.0,7752.0,61,249,4,1,0,0,5,0,,,,,,
2026-10-05 07:11:21,7715.0,7757.0,694,971,1219,7717,525,6746,8936,7271,,,,,,
2026-10-05 07:11:21,7715.0,7757.0,458,590,228,133,0,0,361,0,,,,,,
2026-10-05 07:11:21,7715.0,7757.0,636,410,33,66,0,0,99,0,,,,,,
2026-10-05 07:11:21,7715.0,7757.0,112,219,9,56,0,0,65,0,,,,,,
2026-10-05 07:11:21,7715.0,7757.0,496,431,28,45,0,0,73,0,,,,,,
2026-10-05 07:11:21,7715.0,7757.0,52,58,2,7,0,0,9,0,,,,,,
2026-10-05 07:11:21,7715.0,7757.0,63,54,5,22,0,0,27,0,,,,,,
2026-10-05 07:11:21,7715.0,7757.0,29,57,0,1,0,0,1,0,,,,,,
2026-10-05 07:11:21,7715.0,7757.0,49,109,0,2,0,0,2,0,,,,,,
2026-10-05 07:11:21,7720.0,7762.0,1454,1231,3699,10615,2245,9384,14314,11629,,,,,,
2026-10-05 07:11:21,7720.0,7762.0,633,284,732,286,99,2,1018,101,,,,,,
2026-10-05 07:11:21,7720.0,7762.0,696,293,61,52,0,0,113,0,,,,,,
2026-10-05 07:11:21,7720.0,7762.0,183,161,15,33,0,0,48,0,,,,,,
2026-10-05 07:11:21,7720.0,7762.0,1021,2336,163,24,0,0,187,0,,,,,,
2026-10-05 07:11:21,7720.0,7762.0,988,43,105,23,0,0,128,0,,,,,,
2026-10-05 07:11:21,7720.0,7762.0,77,83,20,3,0,0,23,0,,,,,,
2026-10-05 07:11:21,7720.0,7762.0,164,156,0,45,0,0,45,0,,,,,,
2026-10-05 07:11:21,7720.0,7762.0,169,37,3,114,0,77,117,77,,,,,,
2026-10-05 07:11:21,7725.0,7767.0,2231,1371,6060,9990,3829,8619,16050,12448,,,,,,
2026-10-05 07:11:21,7725.0,7767.0,1384,445,238,291,0,0,529,0,,,,,,
2026-10-05 07:11:21,7725.0,7767.0,1453,284,111,64,0,0,175,0,,,,,,
2026-10-05 07:11:21,7725.0,7767.0,1457,1138,119,72,0,0,191,0,,,,,,
2026-10-05 07:11:21,7725.0,7767.0,4785,1032,149,134,0,0,283,0,,,,,,
2026-10-05 07:11:21,7725.0,7767.0,755,552,31,34,0,0,65,0,,,,,,
2026-10-05 07:11:21,7725.0,7767.0,70,29,3,5,0,0,8,0,,,,,,
2026-10-05 07:11:21,7725.0,7767.0,244,80,0,3,0,0,3,0,,,,,,
2026-10-05 07:11:21,7725.0,7767.0,188,165,1,5,0,0,6,0,,,,,,
2026-10-05 07:11:21,7730.0,7772.0,2797,1053,9837,15095,7040,14042,24932,21082,3,,3,4,,3
2026-10-05 07:11:21,7730.0,7772.0,840,261,354,478,0,217,832,217,,,,,,
2026-10-05 07:11:21,7730.0,7772.0,333,118,221,202,0,84,423,84,,,,,,
2026-10-05 07:11:21,7730.0,7772.0,4129,165,30,41,0,0,71,0,,,,,,
2026-10-05 07:11:21,7730.0,7772.0,658,1273,166,171,0,0,337,0,,,,,,
2026-10-05 07:11:21,7730.0,7772.0,182,79,47,21,0,0,68,0,,,,,,
2026-10-05 07:11:21,7730.0,7772.0,56,224,4,8,0,0,12,0,,,,,,
2026-10-05 07:11:21,7730.0,7772.0,137,63,2,7,0,0,9,0,,,,,,
2026-10-05 07:11:21,7730.0,7772.0,131,59,0,59,0,0,59,0,,,,,,
2026-10-05 07:11:21,7735.0,7777.0,829,358,15095,13867,14266,13509,28962,27775,2,,4,2,5,4
2026-10-05 07:11:21,7735.0,7777.0,441,151,580,659,139,508,1239,647,,,,,,
2026-10-05 07:11:21,7735.0,7777.0,2026,1983,242,126,0,0,368,0,,,,,,
2026-10-05 07:11:21,7735.0,7777.0,188,50,106,77,0,27,183,27,,,,,,
2026-10-05 07:11:21,7735.0,7777.0,828,523,134,154,0,0,288,0,,,,,,
2026-10-05 07:11:21,7735.0,7777.0,138,44,44,26,0,0,70,0,,,,,,
2026-10-05 07:11:21,7735.0,7777.0,64,12,9,0,0,0,9,0,,,,,,
2026-10-05 07:11:21,7735.0,7777.0,51,13,16,51,0,38,67,38,,,,,,
2026-10-05 07:11:21,7735.0,7777.0,6,30,10,86,4,56,96,60,,,,,,
2026-10-05 07:11:21,7740.0,7782.0,930,579,19507,10229,18577,9650,29736,28227,1,2,,1,2,
2026-10-05 07:11:21,7740.0,7782.0,822,346,824,478,2,132,1302,134,,,,,,
2026-10-05 07:11:21,7740.0,7782.0,294,144,210,71,0,0,281,0,,,,,,
2026-10-05 07:11:21,7740.0,7782.0,454,372,55,71,0,0,126,0,,,,,,
2026-10-05 07:11:21,7740.0,7782.0,773,336,174,145,0,0,319,0,,,,,,
2026-10-05 07:11:21,7740.0,7782.0,154,83,135,51,0,0,186,0,,,,,,
2026-10-05 07:11:21,7740.0,7782.0,100,33,17,6,0,0,23,0,,,,,,
2026-10-05 07:11:21,7740.0,7782.0,166,24,1,6,0,0,7,0,,,,,,
2026-10-05 07:11:21,7740.0,7782.0,183,11,3,7,0,0,10,0,,,,,,
2026-10-05 07:11:21,7745.0,7787.0,895,181,12558,4045,11663,3864,16603,15527,,,,,,
2026-10-05 07:11:21,7745.0,7787.0,286,101,407,132,121,31,539,152,,,,,,
2026-10-05 07:11:21,7745.0,7787.0,639,66,55,58,0,0,113,0,,,,,,
2026-10-05 07:11:21,7745.0,7787.0,139,51,6,35,0,0,41,0,,,,,,
2026-10-05 07:11:21,7745.0,7787.0,1476,1376,139,69,0,0,208,0,,,,,,
2026-10-05 07:11:21,7745.0,7787.0,104,29,110,14,6,0,124,6,,,,,,
2026-10-05 07:11:21,7745.0,7787.0,42,8,2,0,0,0,2,0,,,,,,
2026-10-05 07:11:21,7745.0,7787.0,98,50,0,0,0,0,0,0,,,,,,
2026-10-05 07:11:21,7745.0,7787.0,25,9,2,1,0,0,3,0,,,,,,
2026-10-05 07:11:21,7750.0,7792.0,3686,1584,18449,3510,14763,1926,21959,16689,,3,,,4,
2026-10-05 07:11:21,7750.0,7792.0,1403,506,540,176,0,0,716,0,,,,,,
2026-10-05 07:11:21,7750.0,7792.0,2648,600,167,32,0,0,199,0,,,,,,
2026-10-05 07:11:21,7750.0,7792.0,2176,352,160,32,0,0,192,0,,,,,,
2026-10-05 07:11:21,7750.0,7792.0,3929,1871,244,102,0,0,346,0,,,,,,
2026-10-05 07:11:21,7750.0,7792.0,1683,1407,47,78,0,0,125,0,,,,,,
2026-10-05 07:11:21,7750.0,7792.0,536,525,5,8,0,0,13,0,,,,,,
2026-10-05 07:11:21,7750.0,7792.0,1008,1006,2,12,0,0,14,0,,,,,,
2026-10-05 07:11:21,7750.0,7792.0,769,804,4,0,0,0,4,0,,,,,,
2026-10-05 07:11:21,7755.0,7797.0,1322,207,18315,1347,16993,1140,19662,18133,,4,,5,3,
2026-10-05 07:11:21,7755.0,7797.0,788,42,159,74,0,32,233,32,,,,,,
2026-10-05 07:11:21,7755.0,7797.0,459,29,26,20,0,0,46,0,,,,,,
2026-10-05 07:11:21,7755.0,7797.0,605,39,180,2,0,0,182,0,,,,,,
2026-10-05 07:11:21,7755.0,7797.0,687,299,55,0,0,0,55,0,,,,,,
2026-10-05 07:11:21,7755.0,7797.0,84,40,28,45,0,5,73,5,,,,,,
2026-10-05 07:11:21,7755.0,7797.0,69,3,0,6,0,3,6,3,,,,,,
2026-10-05 07:11:21,7755.0,7797.0,83,5,3,0,0,0,3,0,,,,,,
2026-10-05 07:11:21,7755.0,7797.0,14,46,9,0,0,0,9,0,,,,,,
2026-10-05 07:11:21,7760.0,7802.0,1033,398,23773,572,22740,174,24345,22914,4,1,,3,1,
2026-10-05 07:11:21,7760.0,7802.0,961,94,382,67,0,0,449,0,,,,,,
2026-10-05 07:11:21,7760.0,7802.0,2069,133,77,26,0,0,103,0,,,,,,
2026-10-05 07:11:21,7760.0,7802.0,240,38,53,21,0,0,74,0,,,,,,
2026-10-05 07:11:21,7760.0,7802.0,1091,275,121,7,0,0,128,0,,,,,,
2026-10-05 07:11:21,7760.0,7802.0,131,160,26,21,0,0,47,0,,,,,,
2026-10-05 07:11:21,7760.0,7802.0,94,34,4,11,0,0,15,0,,,,,,
2026-10-05 07:11:21,7760.0,7802.0,75,63,3,1,0,0,4,0,,,,,,
2026-10-05 07:11:21,7760.0,7802.0,69,13,1,1,0,0,2,0,,,,,,
2026-10-05 07:11:21,7765.0,7807.0,2407,104,12400,427,9993,323,12827,10316,,,,,,
2026-10-05 07:11:21,7765.0,7807.0,363,165,409,30,46,0,439,46,,,,,,
2026-10-05 07:11:21,7765.0,7807.0,457,82,44,21,0,0,65,0,,,,,,
2026-10-05 07:11:21,7765.0,7807.0,151,30,21,28,0,0,49,0,,,,,,
2026-10-05 07:11:21,7765.0,7807.0,282,57,44,10,0,0,54,0,,,,,,
2026-10-05 07:11:21,7765.0,7807.0,79,18,13,3,0,0,16,0,,,,,,
2026-10-05 07:11:21,7765.0,7807.0,54,4,0,0,0,0,0,0,,,,,,
2026-10-05 07:11:21,7765.0,7807.0,50,20,1,0,0,0,1,0,,,,,,
2026-10-05 07:11:21,7765.0,7807.0,111,3,2,0,0,0,2,0,,,,,,
2026-10-05 07:11:21,7770.0,7812.0,3490,313,16210,588,12720,275,16798,12995,,5,,,,
2026-10-05 07:11:21,7770.0,7812.0,791,176,474,5,0,0,479,0,,,,,,
2026-10-05 07:11:21,7770.0,7812.0,723,79,120,9,0,0,129,0,,,,,,
2026-10-05 07:11:21,7770.0,7812.0,281,55,40,0,0,0,40,0,,,,,,
2026-10-05 07:11:21,7770.0,7812.0,4704,118,123,5,0,0,128,0,,,,,,
2026-10-05 07:11:21,7770.0,7812.0,245,68,27,21,0,0,48,0,,,,,,
2026-10-05 07:11:21,7770.0,7812.0,50,17,19,4,0,0,23,0,,,,,,
2026-10-05 07:11:21,7770.0,7812.0,105,51,2,2,0,0,4,0,,,,,,
2026-10-05 07:11:21,7770.0,7812.0,71,39,5,0,0,0,5,0,,,,,,
2026-10-05 07:11:21,7775.0,7817.0,1682,216,10883,121,9201,0,11004,9201,,,,,,
2026-10-05 07:11:21,7775.0,7817.0,683,234,735,9,52,0,744,52,,,,,,
2026-10-05 07:11:21,7775.0,7817.0,324,62,103,5,0,0,108,0,,,,,,
2026-10-05 07:11:21,7775.0,7817.0,650,125,36,6,0,0,42,0,,,,,,
2026-10-05 07:11:21,7775.0,7817.0,2276,314,150,12,0,0,162,0,,,,,,
2026-10-05 07:11:21,7775.0,7817.0,753,59,23,5,0,0,28,0,,,,,,
2026-10-05 07:11:21,7775.0,7817.0,151,13,0,0,0,0,0,0,,,,,,
2026-10-05 07:11:21,7775.0,7817.0,780,52,4,0,0,0,4,0,,,,,,
2026-10-05 07:11:21,7775.0,7817.0,206,37,0,2,0,0,2,0,,,,,,
2026-10-05 07:11:21,7780.0,7822.0,1420,130,15104,189,13684,59,15293,13743,,,,,,
2026-10-05 07:11:21,7780.0,7822.0,429,49,403,16,0,0,419,0,,,,,,
2026-10-05 07:11:21,7780.0,7822.0,742,115,76,3,0,0,79,0,,,,,,
2026-10-05 07:11:21,7780.0,7822.0,126,25,31,2,0,0,33,0,,,,,,
2026-10-05 07:11:21,7780.0,7822.0,709,178,54,14,0,0,68,0,,,,,,
2026-10-05 07:11:21,7780.0,7822.0,202,47,39,48,0,1,87,1,,,,,,
2026-10-05 07:11:21,7780.0,7822.0,54,22,11,10,0,0,21,0,,,,,,
2026-10-05 07:11:21,7780.0,7822.0,79,26,0,0,0,0,0,0,,,,,,
2026-10-05 07:11:21,7780.0,7822.0,71,5,1,0,0,0,1,0,,,,,,
2026-10-05 07:11:21,7785.0,7827.0,2455,24,12432,35,9977,11,12467,9988,,,,,,
2026-10-05 07:11:21,7785.0,7827.0,489,30,369,0,0,0,369,0,,,,,,
2026-10-05 07:11:21,7785.0,7827.0,678,11,30,0,0,0,30,0,,,,,,
2026-10-05 07:11:21,7785.0,7827.0,144,13,34,1,0,0,35,0,,,,,,
2026-10-05 07:11:21,7785.0,7827.0,481,18,55,7,0,0,62,0,,,,,,
2026-10-05 07:11:21,7785.0,7827.0,656,4,43,1,0,0,44,0,,,,,,
2026-10-05 07:11:21,7785.0,7827.0,37,9,12,2,0,0,14,0,,,,,,
2026-10-05 07:11:21,7785.0,7827.0,13,2,9,0,0,0,9,0,,,,,,
2026-10-05 07:11:21,7785.0,7827.0,63,33,0,5,0,0,5,0,,,,,,
2026-10-05 07:11:21,7790.0,7832.0,1678,97,11683,47,10005,0,11730,10005,,,,,,
2026-10-05 07:11:21,7790.0,7832.0,706,14,508,20,0,6,528,6,,,,,,
2026-10-05 07:11:21,7790.0,7832.0,279,33,300,1,21,0,301,21,,,,,,
2026-10-05 07:11:21,7790.0,7832.0,336,10,79,0,0,0,79,0,,,,,,
2026-10-05 07:11:21,7790.0,7832.0,610,614,251,0,0,0,251,0,,,,,,
2026-10-05 07:11:21,7790.0,7832.0,170,29,39,2,0,0,41,0,,,,,,
2026-10-05 07:11:21,7790.0,7832.0,22,10,1,0,0,0,1,0,,,,,,
2026-10-05 07:11:21,7790.0,7832.0,42,23,26,1,0,0,27,0,,,,,,
2026-10-05 07:11:21,7790.0,7832.0,83,9,0,0,0,0,0,0,,,,,,
2026-10-05 07:11:21,7795.0,7837.0,1294,9,5383,12,4089,3,5395,4092,,,,,,
2026-10-05 07:11:21,7795.0,7837.0,320,1,337,0,17,0,337,17,,,,,,
2026-10-05 07:11:21,7795.0,7837.0,2326,3,97,0,0,0,97,0,,,,,,
2026-10-05 07:11:21,7795.0,7837.0,163,3,18,0,0,0,18,0,,,,,,
2026-10-05 07:11:21,7795.0,7837.0,1175,97,193,0,0,0,193,0,,,,,,
2026-10-05 07:11:21,7795.0,7837.0,93,31,11,1,0,0,12,0,,,,,,
2026-10-05 07:11:21,7795.0,7837.0,14,5,0,0,0,0,0,0,,,,,,
2026-10-05 07:11:21,7795.0,7837.0,13,7,0,0,0,0,0,0,,,,,,
2026-10-05 07:11:21,7795.0,7837.0,307,2,0,0,0,0,0,0,,,,,,
2026-10-05 07:11:21,7800.0,7842.0,5693,139,5461,129,0,0,5590,0,,,,,,
2026-10-05 07:11:21,7800.0,7842.0,1527,26,913,51,0,25,964,25,,,,,,
2026-10-05 07:11:21,7800.0,7842.0,1692,133,259,9,0,0,268,0,,,,,,
2026-10-05 07:11:21,7800.0,7842.0,654,258,171,1,0,0,172,0,,,,,,
2026-10-05 07:11:21,7800.0,7842.0,4832,548,1034,16,0,0,1050,0,,,,,,
2026-10-05 07:11:21,7800.0,7842.0,783,176,40,10,0,0,50,0,,,,,,
2026-10-05 07:11:21,7800.0,7842.0,503,102,37,2,0,0,39,0,,,,,,
2026-10-05 07:11:21,7800.0,7842.0,1687,361,0,0,0,0,0,0,,,,,,
2026-10-05 07:11:21,7800.0,7842.0,473,139,0,20,0,0,20,0,,,,,,
2026-10-05 07:11:21,7805.0,7847.0,2957,11,2378,1,0,0,2379,0,,,,,,
2026-10-05 07:11:21,7805.0,7847.0,499,16,540,1,41,0,541,41,,,,,,
2026-10-05 07:11:21,7805.0,7847.0,558,4,430,0,0,0,430,0,,,,,,
2026-10-05 07:11:21,7805.0,7847.0,323,7,15,0,0,0,15,0,,,,,,
2026-10-05 07:11:21,7805.0,7847.0,852,16,60,0,0,0,60,0,,,,,,
2026-10-05 07:11:21,7805.0,7847.0,142,2,17,0,0,0,17,0,,,,,,
2026-10-05 07:11:21,7805.0,7847.0,79,0,1666,0,1587,0,1666,1587,,,,,,
2026-10-05 07:11:21,7805.0,7847.0,12,1,0,0,0,0,0,0,,,,,,
2026-10-05 07:11:21,7805.0,7847.0,36,1,0,0,0,0,0,0,,,,,,
2026-10-05 07:11:21,7810.0,7852.0,1737,22,1687,3,0,0,1690,0,,,,,,
2026-10-05 07:11:21,7810.0,7852.0,740,8,874,2,134,0,876,134,,,,,,
2026-10-05 07:11:21,7810.0,7852.0,445,19,167,3,0,0,170,0,,,,,,
2026-10-05 07:11:21,7810.0,7852.0,566,20,85,1,0,0,86,0,,,,,,
2026-10-05 07:11:21,7810.0,7852.0,798,31,141,0,0,0,141,0,,,,,,
2026-10-05 07:11:21,7810.0,7852.0,128,4,36,0,0,0,36,0,,,,,,
2026-10-05 07:11:21,7810.0,7852.0,87,1,2,0,0,0,2,0,,,,,,
2026-10-05 07:11:21,7810.0,7852.0,106,2,4,0,0,0,4,0,,,,,,
2026-10-05 07:11:21,7810.0,7852.0,119,2,0,0,0,0,0,0,,,,,,
2026-10-05 07:11:21,7815.0,7857.0,1646,12,1157,1,0,0,1158,0,,,,,,
2026-10-05 07:11:21,7815.0,7857.0,374,16,335,2,0,0,337,0,,,,,,
2026-10-05 07:11:21,7815.0,7857.0,999,12,335,1,0,0,336,0,,,,,,
2026-10-05 07:11:21,7815.0,7857.0,279,4,8,0,0,0,8,0,,,,,,
2026-10-05 07:11:21,7815.0,7857.0,1343,19,85,0,0,0,85,0,,,,,,
2026-10-05 07:11:21,7815.0,7857.0,133,0,50,0,0,0,50,0,,,,,,
2026-10-05 07:11:21,7815.0,7857.0,72,0,1372,0,1300,0,1372,1300,,,,,,
2026-10-05 07:11:21,7815.0,7857.0,118,0,6,0,0,0,6,0,,,,,,
2026-10-05 07:11:21,7815.0,7857.0,36,1,0,0,0,0,0,0,,,,,,
2026-10-05 07:11:21,7820.0,7862.0,1302,18,1323,3,21,0,1326,21,,,,,,
2026-10-05 07:11:21,7820.0,7862.0,459,4,172,2,0,0,174,0,,,,,,
2026-10-05 07:11:21,7820.0,7862.0,1142,39,79,1,0,0,80,0,,,,,,
2026-10-05 07:11:21,7820.0,7862.0,486,4,69,0,0,0,69,0,,,,,,
2026-10-05 07:11:21,7820.0,7862.0,1922,16,222,0,0,0,222,0,,,,,,
2026-10-05 07:11:21,7820.0,7862.0,197,1,47,0,0,0,47,0,,,,,,
2026-10-05 07:11:21,7820.0,7862.0,298,9,331,0,33,0,331,33,,,,,,
2026-10-05 07:11:21,7820.0,7862.0,107,57,26,0,0,0,26,0,,,,,,
2026-10-05 07:11:21,7820.0,7862.0,122,17,4,0,0,0,4,0,,,,,,
2026-10-05 07:11:21,7825.0,7867.0,2701,25,956,6,0,0,962,0,,,,,,
2026-10-05 07:11:21,7825.0,7867.0,2140,34,306,0,0,0,306,0,,,,,,
2026-10-05 07:11:21,7825.0,7867.0,796,352,113,0,0,0,113,0,,,,,,
2026-10-05 07:11:21,7825.0,7867.0,1821,3,117,0,0,0,117,0,,,,,,
2026-10-05 07:11:21,7825.0,7867.0,2553,52,130,5,0,0,135,0,,,,,,
2026-10-05 07:11:21,7825.0,7867.0,457,13,24,0,0,0,24,0,,,,,,
2026-10-05 07:11:21,7825.0,7867.0,3820,2,3,0,0,0,3,0,,,,,,
2026-10-05 07:11:21,7825.0,7867.0,241,37,20,0,0,0,20,0,,,,,,
2026-10-05 07:11:21,7825.0,7867.0,375,8,3,0,0,0,3,0,,,,,,
2026-10-05 07:11:21,7830.0,7872.0,2712,6,1105,1,0,0,1106,0,,,,,,
2026-10-05 07:11:21,7830.0,7872.0,2054,9,292,0,0,0,292,0,,,,,,
2026-10-05 07:11:21,7830.0,7872.0,1176,14,62,1,0,0,63,0,,,,,,
2026-10-05 07:11:21,7830.0,7872.0,1664,1,132,0,0,0,132,0,,,,,,
2026-10-05 07:11:21,7830.0,7872.0,7094,47,137,0,0,0,137,0,,,,,,
2026-10-05 07:11:21,7830.0,7872.0,1607,9,66,1,0,0,67,0,,,,,,
2026-10-05 07:11:21,7830.0,7872.0,138,2,6,1,0,0,7,0,,,,,,
2026-10-05 07:11:21,7830.0,7872.0,57,4,1,0,0,0,1,0,,,,,,
2026-10-05 07:11:21,7830.0,7872.0,243,15,1,0,0,0,1,0,,,,,,
2026-10-05 07:11:21,7835.0,7877.0,2977,3,3045,0,68,0,3045,68,,,,,,
2026-10-05 07:11:21,7835.0,7877.0,474,1,216,0,0,0,216,0,,,,,,
2026-10-05 07:11:21,7835.0,7877.0,336,7,18,0,0,0,18,0,,,,,,
2026-10-05 07:11:21,7835.0,7877.0,372,20,87,0,0,0,87,0,,,,,,
2026-10-05 07:11:21,7835.0,7877.0,517,15,45,0,0,0,45,0,,,,,,
2026-10-05 07:11:21,7835.0,7877.0,153,2,22,1,0,0,23,0,,,,,,
2026-10-05 07:11:21,7835.0,7877.0,27,0,3,0,0,0,3,0,,,,,,
2026-10-05 07:11:21,7835.0,7877.0,0,0,0,0,0,0,0,0,,,,,,
2026-10-05 07:11:21,7835.0,7877.0,0,0,0,0,0,0,0,0,,,,,,
2026-10-05 07:11:21,7840.0,7882.0,1784,4,2577,34,793,30,2611,823,,,,,,
2026-10-05 07:11:21,7840.0,7882.0,797,6,1939,0,1142,0,1939,1142,,,,,,
2026-10-05 07:11:21,7840.0,7882.0,546,8,93,0,0,0,93,0,,,,,,
2026-10-05 07:11:21,7840.0,7882.0,447,1,66,2,0,1,68,1,,,,,,
2026-10-05 07:11:21,7840.0,7882.0,619,75,98,0,0,0,98,0,,,,,,
2026-10-05 07:11:21,7840.0,7882.0,1330,2,12,0,0,0,12,0,,,,,,
2026-10-05 07:11:21,7840.0,7882.0,87,1,3,0,0,0,3,0,,,,,,
2026-10-05 07:11:21,7840.0,7882.0,165,0,2,0,0,0,2,0,,,,,,
2026-10-05 07:11:21,7840.0,7882.0,185,25,0,0,0,0,0,0,,,,,,
2026-10-05 07:11:21,7845.0,7887.0,812,3,429,0,0,0,429,0,,,,,,
2026-10-05 07:11:21,7845.0,7887.0,504,3,6958,2,6454,0,6960,6454,,,,,,
2026-10-05 07:11:21,7845.0,7887.0,1377,7,86,0,0,0,86,0,,,,,,
2026-10-05 07:11:21,7845.0,7887.0,181,18,33,0,0,0,33,0,,,,,,
2026-10-05 07:11:21,7845.0,7887.0,951,11,76,0,0,0,76,0,,,,,,
2026-10-05 07:11:21,7845.0,7887.0,654,0,43,0,0,0,43,0,,,,,,
2026-10-05 07:11:21,7845.0,7887.0,38,1,5,1,0,0,6,0,,,,,,
2026-10-05 07:11:21,7845.0,7887.0,0,0,0,0,0,0,0,0,,,,,,
2026-10-05 07:11:21,7845.0,7887.0,0,0,0,0,0,0,0,0,,,,,,
2026-10-05 07:11:21,7850.0,7892.0,5237,38,400,4,0,0,404,0,,,,,,
2026-10-05 07:11:21,7850.0,7892.0,1314,18,437,3,0,0,440,0,,,,,,
2026-10-05 07:11:21,7850.0,7892.0,3965,32,97,0,0,0,97,0,,,,,,
2026-10-05 07:11:21,7850.0,7892.0,726,267,119,0,0,0,119,0,,,,,,
2026-10-05 07:11:21,7850.0,7892.0,12396,1035,469,0,0,0,469,0,,,,,,
2026-10-05 07:11:21,7850.0,7892.0,1452,20,259,0,0,0,259,0,,,,,,
2026-10-05 07:11:21,7850.0,7892.0,941,4,2,0,0,0,2,0,,,,,,
2026-10-05 07:11:21,7850.0,7892.0,2868,9,7,0,0,0,7,0,,,,,,
2026-10-05 07:11:21,7850.0,7892.0,361,36,1,0,0,0,1,0,,,,,,
2026-10-05 07:11:21,7855.0,7897.0,3221,2,168,0,0,0,168,0,,,,,,
2026-10-05 07:11:21,7855.0,7897.0,360,0,4251,0,3891,0,4251,3891,,,,,,
2026-10-05 07:11:21,7855.0,7897.0,370,3,393,3,23,0,396,23,,,,,,
2026-10-05 07:11:21,7855.0,7897.0,230,0,29,0,0,0,29,0,,,,,,
2026-10-05 07:11:21,7855.0,7897.0,1011,0,90,0,0,0,90,0,,,,,,
2026-10-05 07:11:21,7855.0,7897.0,0,0,19,0,19,0,19,19,,,,,,
2026-10-05 07:11:21,7855.0,7897.0,0,0,0,0,0,0,0,0,,,,,,
2026-10-05 07:11:21,7855.0,7897.0,0,0,0,0,0,0,0,0,,,,,,
2026-10-05 07:11:21,7855.0,7897.0,0,0,1,0,1,0,1,1,,,,,,
2026-10-05 07:11:21,7860.0,7902.0,2927,3,207,0,0,0,207,0,,,,,,
2026-10-05 07:11:21,7860.0,7902.0,388,3,954,0,566,0,954,566,,,,,,
2026-10-05 07:11:21,7860.0,7902.0,790,4,23,0,0,0,23,0,,,,,,
2026-10-05 07:11:21,7860.0,7902.0,566,0,9,0,0,0,9,0,,,,,,
2026-10-05 07:11:21,7860.0,7902.0,2498,281,217,0,0,0,217,0,,,,,,
2026-10-05 07:11:21,7860.0,7902.0,158,1,36,0,0,0,36,0,,,,,,
2026-10-05 07:11:21,7860.0,7902.0,117,1,2,0,0,0,2,0,,,,,,
2026-10-05 07:11:21,7860.0,7902.0,124,5,10,0,0,0,10,0,,,,,,
2026-10-05 07:11:21,7860.0,7902.0,172,0,0,0,0,0,0,0,,,,,,
2026-10-05 07:11:21,7865.0,7907.0,2959,3,252,1,0,0,253,0,,,,,,
2026-10-05 07:11:21,7865.0,7907.0,465,0,125,0,0,0,125,0,,,,,,
2026-10-05 07:11:21,7865.0,7907.0,1805,1,35,0,0,0,35,0,,,,,,
2026-10-05 07:11:21,7865.0,7907.0,254,1,12,0,0,0,12,0,,,,,,
2026-10-05 07:11:21,7865.0,7907.0,1851,48,61,0,0,0,61,0,,,,,,
2026-10-05 07:11:21,7865.0,7907.0,0,0,26,0,26,0,26,26,,,,,,
2026-10-05 07:11:21,7865.0,7907.0,0,0,0,0,0,0,0,0,,,,,,
2026-10-05 07:11:21,7865.0,7907.0,0,0,0,0,0,0,0,0,,,,,,
2026-10-05 07:11:21,7865.0,7907.0,0,0,1,0,1,0,1,1,,,,,,
2026-10-05 07:11:21,7870.0,7912.0,4187,3,168,1,0,0,169,0,,,,,,
2026-10-05 07:11:21,7870.0,7912.0,365,0,361,0,0,0,361,0,,,,,,
2026-10-05 07:11:21,7870.0,7912.0,1630,2,65,0,0,0,65,0,,,,,,
2026-10-05 07:11:21,7870.0,7912.0,266,0,15,0,0,0,15,0,,,,,,
2026-10-05 07:11:21,7870.0,7912.0,1150,10,222,0,0,0,222,0,,,,,,
2026-10-05 07:11:21,7870.0,7912.0,171,1,43,0,0,0,43,0,,,,,,
2026-10-05 07:11:21,7870.0,7912.0,216,1,14,0,0,0,14,0,,,,,,
2026-10-05 07:11:21,7870.0,7912.0,88,1,2,0,0,0,2,0,,,,,,
2026-10-05 07:11:21,7870.0,7912.0,45,0,0,0,0,0,0,0,,,,,,
2026-10-05 07:11:21,7875.0,7917.0,9447,54,78,0,0,0,78,0,,,,,,
2026-10-05 07:11:21,7875.0,7917.0,725,1,71,0,0,0,71,0,,,,,,
2026-10-05 07:11:21,7875.0,7917.0,504,9,96,0,0,0,96,0,,,,,,
2026-10-05 07:11:21,7875.0,7917.0,480,1,61,0,0,0,61,0,,,,,,
2026-10-05 07:11:21,7875.0,7917.0,3497,4,152,0,0,0,152,0,,,,,,
2026-10-05 07:11:21,7875.0,7917.0,581,0,24,0,0,0,24,0,,,,,,
2026-10-05 07:11:21,7875.0,7917.0,338,1,4,0,0,0,4,0,,,,,,
2026-10-05 07:11:21,7875.0,7917.0,493,4,3,0,0,0,3,0,,,,,,
2026-10-05 07:11:21,7875.0,7917.0,190,5,10,0,0,0,10,0,,,,,,
2026-10-05 07:11:21,7880.0,7922.0,695,0,429,0,0,0,429,0,,,,,,
2026-10-05 07:11:21,7880.0,7922.0,463,0,29,0,0,0,29,0,,,,,,
2026-10-05 07:11:21,7880.0,7922.0,461,1,65,0,0,0,65,0,,,,,,
2026-10-05 07:11:21,7880.0,7922.0,457,1,34,0,0,0,34,0,,,,,,
2026-10-05 07:11:21,7880.0,7922.0,932,202,94,0,0,0,94,0,,,,,,
2026-10-05 07:11:21,7880.0,7922.0,167,3,60,0,0,0,60,0,,,,,,
2026-10-05 07:11:21,7880.0,7922.0,77,0,3,0,0,0,3,0,,,,,,
2026-10-05 07:11:21,7880.0,7922.0,90,0,10,0,0,0,10,0,,,,,,
2026-10-05 07:11:21,7880.0,7922.0,125,0,18,0,0,0,18,0,,,,,,
2026-10-05 07:11:21,7885.0,7927.0,12995,2,1132,0,0,0,1132,0,,,,,,
2026-10-05 07:11:21,7885.0,7927.0,408,0,50,0,0,0,50,0,,,,,,
2026-10-05 07:11:21,7885.0,7927.0,322,0,24,0,0,0,24,0,,,,,,
2026-10-05 07:11:21,7885.0,7927.0,323,3,14,0,0,0,14,0,,,,,,
2026-10-05 07:11:21,7885.0,7927.0,301,2,72,0,0,0,72,0,,,,,,
2026-10-05 07:11:21,7890.0,7932.0,641,1,1129,0,488,0,1129,488,,,,,,
2026-10-05 07:11:21,7890.0,7932.0,363,0,24,0,0,0,24,0,,,,,,
2026-10-05 07:11:21,7890.0,7932.0,330,2,21,1,0,0,22,0,,,,,,
2026-10-05 07:11:21,7890.0,7932.0,511,0,96,0,0,0,96,0,,,,,,
2026-10-05 07:11:21,7890.0,7932.0,923,6,164,0,0,0,164,0,,,,,,
2026-10-05 07:11:21,7890.0,7932.0,130,1,43,0,0,0,43,0,,,,,,
2026-10-05 07:11:21,7890.0,7932.0,65,0,1,0,0,0,1,0,,,,,,
2026-10-05 07:11:21,7890.0,7932.0,64,1,3,0,0,0,3,0,,,,,,
2026-10-05 07:11:21,7890.0,7932.0,102,1,1,0,0,0,1,0,,,,,,
2026-10-05 07:11:21,7895.0,7937.0,790,3,1066,0,276,0,1066,276,,,,,,
2026-10-05 07:11:21,7895.0,7937.0,265,0,14,0,0,0,14,0,,,,,,
2026-10-05 07:11:21,7895.0,7937.0,439,0,22,0,0,0,22,0,,,,,,
2026-10-05 07:11:21,7895.0,7937.0,326,0,95,0,0,0,95,0,,,,,,
2026-10-05 07:11:21,7895.0,7937.0,437,0,39,0,0,0,39,0,,,,,,
2026-10-05 07:11:21,7900.0,7942.0,3630,43,882,1,0,0,883,0,,,,,,
2026-10-05 07:11:21,7900.0,7942.0,859,9,39,0,0,0,39,0,,,,,,
2026-10-05 07:11:21,7900.0,7942.0,1371,11,53,0,0,0,53,0,,,,,,
2026-10-05 07:11:21,7900.0,7942.0,860,9,387,0,0,0,387,0,,,,,,
2026-10-05 07:11:21,7900.0,7942.0,3891,40,747,0,0,0,747,0,,,,,,
2026-10-05 07:11:21,7900.0,7942.0,587,4,134,0,0,0,134,0,,,,,,
2026-10-05 07:11:21,7900.0,7942.0,551,0,10,0,0,0,10,0,,,,,,
2026-10-05 07:11:21,7900.0,7942.0,513,5,48,0,0,0,48,0,,,,,,
2026-10-05 07:11:21,7900.0,7942.0,341,1,4,0,0,0,4,0,,,,,,
2026-10-05 07:11:21,7905.0,7947.0,623,1,25,0,0,0,25,0,,,,,,
2026-10-05 07:11:21,7905.0,7947.0,302,0,14,0,0,0,14,0,,,,,,
2026-10-05 07:11:21,7905.0,7947.0,0,0,0,0,0,0,0,0,,,,,,
2026-10-05 07:11:21,7905.0,7947.0,0,0,84,0,84,0,84,84,,,,,,
2026-10-05 07:11:21,7905.0,7947.0,0,0,27,0,27,0,27,27,,,,,,
2026-10-05 07:11:21,7910.0,7952.0,2379,2,58,0,0,0,58,0,,,,,,
2026-10-05 07:11:21,7910.0,7952.0,437,0,1615,0,1178,0,1615,1178,,,,,,
2026-10-05 07:11:21,7910.0,7952.0,1013,1,25,0,0,0,25,0,,,,,,
2026-10-05 07:11:21,7910.0,7952.0,790,0,212,0,0,0,212,0,,,,,,
2026-10-05 07:11:21,7910.0,7952.0,3866,1,46,0,0,0,46,0,,,,,,
2026-10-05 07:11:21,7910.0,7952.0,838,0,56,0,0,0,56,0,,,,,,
2026-10-05 07:11:21,7910.0,7952.0,133,0,5,0,0,0,5,0,,,,,,
2026-10-05 07:11:21,7910.0,7952.0,165,0,33,0,0,0,33,0,,,,,,
2026-10-05 07:11:21,7910.0,7952.0,286,0,1,0,0,0,1,0,,,,,,
2026-10-05 07:11:21,7915.0,7957.0,617,2,130,0,0,0,130,0,,,,,,
2026-10-05 07:11:21,7915.0,7957.0,314,0,1501,0,1187,0,1501,1187,,,,,,
2026-10-05 07:11:21,7915.0,7957.0,0,0,2,0,2,0,2,2,,,,,,
2026-10-05 07:11:21,7915.0,7957.0,0,0,1,0,1,0,1,1,,,,,,
2026-10-05 07:11:21,7915.0,7957.0,0,0,20,0,20,0,20,20,,,,,,
2026-10-05 07:11:21,7920.0,7962.0,527,1,74,0,0,0,74,0,,,,,,
2026-10-05 07:11:21,7920.0,7962.0,309,0,0,0,0,0,0,0,,,,,,
2026-10-05 07:11:21,7920.0,7962.0,877,1,24,0,0,0,24,0,,,,,,
2026-10-05 07:11:21,7920.0,7962.0,477,0,24,0,0,0,24,0,,,,,,
2026-10-05 07:11:21,7920.0,7962.0,1414,2,34,0,0,0,34,0,,,,,,
2026-10-05 07:11:21,7920.0,7962.0,395,0,88,0,0,0,88,0,,,,,,
2026-10-05 07:11:21,7920.0,7962.0,55,1,13,0,0,0,13,0,,,,,,
2026-10-05 07:11:21,7920.0,7962.0,359,0,20,0,0,0,20,0,,,,,,
2026-10-05 07:11:21,7920.0,7962.0,106,0,3,0,0,0,3,0,,,,,,
2026-10-05 07:11:21,7925.0,7967.0,1831,4,24,0,0,0,24,0,,,,,,
2026-10-05 07:11:21,7925.0,7967.0,582,5,63,0,0,0,63,0,,,,,,
2026-10-05 07:11:21,7925.0,7967.0,776,0,15,0,0,0,15,0,,,,,,
2026-10-05 07:11:21,7925.0,7967.0,1607,451,20,0,0,0,20,0,,,,,,
2026-10-05 07:11:21,7925.0,7967.0,935,6,83,0,0,0,83,0,,,,,,
2026-10-05 07:11:21,7925.0,7967.0,998,1,40,0,0,0,40,0,,,,,,
2026-10-05 07:11:21,7925.0,7967.0,163,1,3,0,0,0,3,0,,,,,,
2026-10-05 07:11:21,7925.0,7967.0,293,0,20,0,0,0,20,0,,,,,,
2026-10-05 07:11:21,7925.0,7967.0,308,1,11,0,0,0,11,0,,,,,,
2026-10-05 07:11:21,7930.0,7972.0,662,1,51,0,0,0,51,0,,,,,,
2026-10-05 07:11:21,7930.0,7972.0,564,0,3224,0,2660,0,3224,2660,,,,,,
2026-10-05 07:11:21,7930.0,7972.0,427,1,16,0,0,0,16,0,,,,,,
2026-10-05 07:11:21,7930.0,7972.0,403,0,15,0,0,0,15,0,,,,,,
2026-10-05 07:11:21,7930.0,7972.0,1153,0,55,0,0,0,55,0,,,,,,
2026-10-05 07:11:21,7930.0,7972.0,98,0,80,0,0,0,80,0,,,,,,
2026-10-05 07:11:21,7930.0,7972.0,63,0,2,0,0,0,2,0,,,,,,
2026-10-05 07:11:21,7930.0,7972.0,55,0,19,0,0,0,19,0,,,,,,
2026-10-05 07:11:21,7930.0,7972.0,9,0,5,0,0,0,5,0,,,,,,
2026-10-05 07:11:21,7935.0,7977.0,0,0,2,0,2,0,2,2,,,,,,
2026-10-05 07:11:21,7935.0,7977.0,0,0,1084,0,1084,0,1084,1084,,,,,,
2026-10-05 07:11:21,7935.0,7977.0,0,0,0,0,0,0,0,0,,,,,,
2026-10-05 07:11:21,7935.0,7977.0,0,0,0,0,0,0,0,0,,,,,,
2026-10-05 07:11:21,7935.0,7977.0,0,0,3,0,3,0,3,3,,,,,,
2026-10-05 07:11:21,7940.0,7982.0,1618,1,6,0,0,0,6,0,,,,,,
2026-10-05 07:11:21,7940.0,7982.0,450,5,0,0,0,0,0,0,,,,,,
2026-10-05 07:11:21,7940.0,7982.0,950,0,1,0,0,0,1,0,,,,,,
2026-10-05 07:11:21,7940.0,7982.0,681,2,5,0,0,0,5,0,,,,,,
2026-10-05 07:11:21,7940.0,7982.0,727,3,37,0,0,0,37,0,,,,,,
2026-10-05 07:11:21,7940.0,7982.0,101,0,79,0,0,0,79,0,,,,,,
2026-10-05 07:11:21,7940.0,7982.0,69,0,2,0,0,0,2,0,,,,,,
2026-10-05 07:11:21,7940.0,7982.0,143,0,6,0,0,0,6,0,,,,,,
2026-10-05 07:11:21,7940.0,7982.0,121,2,8,0,0,0,8,0,,,,,,
2026-10-05 07:11:21,7945.0,7987.0,0,0,3,0,3,0,3,3,,,,,,
2026-10-05 07:11:21,7945.0,7987.0,0,0,5336,0,5336,0,5336,5336,,,,,,
2026-10-05 07:11:21,7945.0,7987.0,0,0,0,0,0,0,0,0,,,,,,
2026-10-05 07:11:21,7945.0,7987.0,0,0,0,0,0,0,0,0,,,,,,
2026-10-05 07:11:21,7945.0,7987.0,0,0,1,0,1,0,1,1,,,,,,
2026-10-05 07:11:21,7950.0,7992.0,1220,3,1,0,0,0,1,0,,,,,,
2026-10-05 07:11:21,7950.0,7992.0,576,2,8,0,0,0,8,0,,,,,,
2026-10-05 07:11:21,7950.0,7992.0,1177,5,2,0,0,0,2,0,,,,,,
2026-10-05 07:11:21,7950.0,7992.0,488,2,11,0,0,0,11,0,,,,,,
2026-10-05 07:11:21,7950.0,7992.0,3175,16,105,0,0,0,105,0,,,,,,
2026-10-05 07:11:21,7950.0,7992.0,576,5,114,0,0,0,114,0,,,,,,
2026-10-05 07:11:21,7950.0,7992.0,375,0,35,0,0,0,35,0,,,,,,
2026-10-05 07:11:21,7950.0,7992.0,301,2,1,0,0,0,1,0,,,,,,
2026-10-05 07:11:21,7950.0,7992.0,361,0,1,0,0,0,1,0,,,,,,
2026-10-05 07:11:21,7960.0,8002.0,11550,10,5,0,0,0,5,0,,,,,,
2026-10-05 07:11:21,7960.0,8002.0,582,0,507,0,0,0,507,0,,,,,,
2026-10-05 07:11:21,7960.0,8002.0,277,0,0,0,0,0,0,0,,,,,,
2026-10-05 07:11:21,7960.0,8002.0,258,0,3,0,0,0,3,0,,,,,,
2026-10-05 07:11:21,7960.0,8002.0,915,2,462,0,0,0,462,0,,,,,,
2026-10-05 07:11:21,7960.0,8002.0,164,0,28,0,0,0,28,0,,,,,,
2026-10-05 07:11:21,7960.0,8002.0,129,0,24,0,0,0,24,0,,,,,,
2026-10-05 07:11:21,7970.0,8012.0,3102,2,0,1,0,0,1,0,,,,,,
2026-10-05 07:11:21,7970.0,8012.0,228,0,64,0,0,0,64,0,,,,,,
2026-10-05 07:11:21,7970.0,8012.0,269,0,1,0,0,0,1,0,,,,,,
2026-10-05 07:11:21,7970.0,8012.0,138,0,4,0,0,0,4,0,,,,,,
2026-10-05 07:11:21,7970.0,8012.0,482,0,5,0,0,0,5,0,,,,,,
2026-10-05 07:11:21,7975.0,8017.0,2893,3,1,0,0,0,1,0,,,,,,
2026-10-05 07:11:21,7975.0,8017.0,476,0,109,0,0,0,109,0,,,,,,
2026-10-05 07:11:21,7975.0,8017.0,449,0,0,0,0,0,0,0,,,,,,
2026-10-05 07:11:21,7975.0,8017.0,569,0,2,0,0,0,2,0,,,,,,
2026-10-05 07:11:21,7975.0,8017.0,1152,28,11,0,0,0,11,0,,,,,,
2026-10-05 07:11:21,7975.0,8017.0,452,2,338,0,0,0,338,0,,,,,,
2026-10-05 07:11:21,7975.0,8017.0,87,1,13,0,0,0,13,0,,,,,,
2026-10-05 07:11:21,7975.0,8017.0,308,0,3,0,0,0,3,0,,,,,,
2026-10-05 07:11:21,7975.0,8017.0,167,0,17,0,0,0,17,0,,,,,,
2026-10-05 07:11:21,7980.0,8022.0,11942,0,1,1,0,1,2,1,,,,,,
2026-10-05 07:11:21,7980.0,8022.0,253,0,254,0,1,0,254,1,,,,,,
2026-10-05 07:11:21,7980.0,8022.0,0,0,0,0,0,0,0,0,,,,,,
2026-10-05 07:11:21,7980.0,8022.0,0,0,0,0,0,0,0,0,,,,,,
2026-10-05 07:11:21,7980.0,8022.0,626,6,4,0,0,0,4,0,,,,,,
2026-10-05 07:11:21,7990.0,8032.0,514,1,0,0,0,0,0,0,,,,,,
2026-10-05 07:11:21,7990.0,8032.0,315,0,44,0,0,0,44,0,,,,,,
2026-10-05 07:11:21,7990.0,8032.0,0,0,0,0,0,0,0,0,,,,,,
2026-10-05 07:11:21,7990.0,8032.0,0,0,0,0,0,0,0,0,,,,,,
2026-10-05 07:11:21,7990.0,8032.0,542,1,23,0,0,0,23,0,,,,,,
2026-10-05 07:11:21,8000.0,8042.0,3986,13,36,0,0,0,36,0,,,,,,
2026-10-05 07:11:21,8000.0,8042.0,1161,0,12,0,0,0,12,0,,,,,,
2026-10-05 07:11:21,8000.0,8042.0,3578,3,1,0,0,0,1,0,,,,,,
2026-10-05 07:11:21,8000.0,8042.0,420,2,0,0,0,0,0,0,,,,,,
2026-10-05 07:11:21,8000.0,8042.0,2847,67,65,0,0,0,65,0,,,,,,
2026-10-05 07:11:21,8000.0,8042.0,663,6,40,0,0,0,40,0,,,,,,
2026-10-05 07:11:21,8000.0,8042.0,411,0,0,0,0,0,0,0,,,,,,
2026-10-05 07:11:21,8000.0,8042.0,425,11,25,0,0,0,25,0,,,,,,
2026-10-05 07:11:21,8000.0,8042.0,824,1,1,0,0,0,1,0,,,,,,
2026-10-05 07:11:21,8010.0,8052.0,0,0,0,0,0,0,0,0,,,,,,
2026-10-05 07:11:21,8010.0,8052.0,0,0,0,0,0,0,0,0,,,,,,
2026-10-05 07:11:21,8010.0,8052.0,0,0,0,0,0,0,0,0,,,,,,
2026-10-05 07:11:21,8010.0,8052.0,0,0,0,0,0,0,0,0,,,,,,
2026-10-05 07:11:21,8010.0,8052.0,333,1,3,0,0,0,3,0,,,,,,
2026-10-05 07:11:21,8020.0,8062.0,0,0,0,0,0,0,0,0,,,,,,
2026-10-05 07:11:21,8020.0,8062.0,0,0,0,0,0,0,0,0,,,,,,
2026-10-05 07:11:21,8020.0,8062.0,0,0,0,0,0,0,0,0,,,,,,
2026-10-05 07:11:21,8020.0,8062.0,0,0,0,0,0,0,0,0,,,,,,
2026-10-05 07:11:21,8020.0,8062.0,351,0,4,0,0,0,4,0,,,,,,
2026-10-05 07:11:21,8025.0,8067.0,1211,2,0,0,0,0,0,0,,,,,,
2026-10-05 07:11:21,8025.0,8067.0,419,0,9,0,0,0,9,0,,,,,,
2026-10-05 07:11:21,8025.0,8067.0,357,4,2,0,0,0,2,0,,,,,,
2026-10-05 07:11:21,8025.0,8067.0,323,0,10,0,0,0,10,0,,,,,,
2026-10-05 07:11:21,8025.0,8067.0,1085,0,17,0,0,0,17,0,,,,,,
2026-10-05 07:11:21,8025.0,8067.0,333,5,333,0,0,0,333,0,,,,,,
2026-10-05 07:11:21,8025.0,8067.0,108,0,0,0,0,0,0,0,,,,,,
2026-10-05 07:11:21,8025.0,8067.0,194,0,8,0,0,0,8,0,,,,,,
2026-10-05 07:11:21,8025.0,8067.0,360,1,18,0,0,0,18,0,,,,,,
2026-10-05 07:11:21,8030.0,8072.0,0,0,0,0,0,0,0,0,,,,,,
2026-10-05 07:11:21,8030.0,8072.0,0,0,0,0,0,0,0,0,,,,,,
2026-10-05 07:11:21,8030.0,8072.0,0,0,0,0,0,0,0,0,,,,,,
2026-10-05 07:11:21,8030.0,8072.0,0,0,0,0,0,0,0,0,,,,,,
2026-10-05 07:11:21,8030.0,8072.0,136,0,0,0,0,0,0,0,,,,,,
2026-10-05 07:11:21,8040.0,8082.0,115,0,100,0,0,0,100,0,,,,,,
2026-10-05 07:11:21,8050.0,8092.0,2872,1,0,0,0,0,0,0,,,,,,
2026-10-05 07:11:21,8050.0,8092.0,448,0,10,0,0,0,10,0,,,,,,
2026-10-05 07:11:21,8050.0,8092.0,900,0,0,0,0,0,0,0,,,,,,
2026-10-05 07:11:21,8050.0,8092.0,425,0,0,0,0,0,0,0,,,,,,
2026-10-05 07:11:21,8050.0,8092.0,514,0,22,0,0,0,22,0,,,,,,
2026-10-05 07:11:21,8050.0,8092.0,228,0,14,0,0,0,14,0,,,,,,
2026-10-05 07:11:21,8050.0,8092.0,93,0,0,0,0,0,0,0,,,,,,
2026-10-05 07:11:21,8050.0,8092.0,216,0,2,0,0,0,2,0,,,,,,
2026-10-05 07:11:21,8050.0,8092.0,343,0,10,0,0,0,10,0,,,,,,
2026-10-05 07:11:21,8060.0,8102.0,762,0,3,0,0,0,3,0,,,,,,
2026-10-05 07:11:21,8070.0,8112.0,26,0,2,0,0,0,2,0,,,,,,
2026-10-05 07:11:21,8075.0,8117.0,462,0,0,0,0,0,0,0,,,,,,
2026-10-05 07:11:21,8075.0,8117.0,401,1,0,0,0,0,0,0,,,,,,
2026-10-05 07:11:21,8075.0,8117.0,784,3,210,0,0,0,210,0,,,,,,
2026-10-05 07:11:21,8075.0,8117.0,520,1,0,0,0,0,0,0,,,,,,
2026-10-05 07:11:21,8075.0,8117.0,1118,62,10,0,0,0,10,0,,,,,,
2026-10-05 07:11:21,8075.0,8117.0,75,0,3,0,0,0,3,0,,,,,,
2026-10-05 07:11:21,8075.0,8117.0,366,0,0,0,0,0,0,0,,,,,,
2026-10-05 07:11:21,8075.0,8117.0,127,0,8,0,0,0,8,0,,,,,,
2026-10-05 07:11:21,8075.0,8117.0,233,0,0,0,0,0,0,0,,,,,,
2026-10-05 07:11:21,8080.0,8122.0,93,0,0,0,0,0,0,0,,,,,,
2026-10-05 07:11:21,8090.0,8132.0,75,30,0,0,0,0,0,0,,,,,,
2026-10-05 07:11:21,8100.0,8142.0,507,5,0,0,0,0,0,0,,,,,,
2026-10-05 07:11:21,8100.0,8142.0,390,3,0,0,0,0,0,0,,,,,,
2026-10-05 07:11:21,8100.0,8142.0,128,1,0,0,0,0,0,0,,,,,,
2026-10-05 07:11:21,8100.0,8142.0,315,2,0,0,0,0,0,0,,,,,,
2026-10-05 07:11:21,8100.0,8142.0,853,25,12,0,0,0,12,0,,,,,,
2026-10-05 07:11:21,8100.0,8142.0,207,0,6,0,0,0,6,0,,,,,,
2026-10-05 07:11:21,8100.0,8142.0,72,1,0,0,0,0,0,0,,,,,,
2026-10-05 07:11:21,8100.0,8142.0,244,0,2,0,0,0,2,0,,,,,,
2026-10-05 07:11:21,8100.0,8142.0,148,0,0,0,0,0,0,0,,,,,,
2026-10-05 07:11:21,8110.0,8152.0,18,37,0,0,0,0,0,0,,,,,,
2026-10-05 07:11:21,8120.0,8162.0,234,0,100,0,0,0,100,0,,,,,,
2026-10-05 07:11:21,8125.0,8167.0,1178,0,34,0,0,0,34,0,,,,,,
2026-10-05 07:11:21,8125.0,8167.0,126,0,0,0,0,0,0,0,,,,,,
2026-10-05 07:11:21,8125.0,8167.0,73,2,1,0,0,0,1,0,,,,,,
2026-10-05 07:11:21,8125.0,8167.0,15,0,0,0,0,0,0,0,,,,,,
2026-10-05 07:11:21,8125.0,8167.0,525,32,0,0,0,0,0,0,,,,,,
2026-10-05 07:11:21,8125.0,8167.0,56,0,1,0,0,0,1,0,,,,,,
2026-10-05 07:11:21,8125.0,8167.0,17,0,10,0,0,0,10,0,,,,,,
2026-10-05 07:11:21,8125.0,8167.0,18,0,0,0,0,0,0,0,,,,,,
2026-10-05 07:11:21,8125.0,8167.0,12,0,0,0,0,0,0,0,,,,,,
2026-10-05 07:11:21,8130.0,8172.0,551,2,271,0,0,0,271,0,,,,,,
2026-10-05 07:11:21,8140.0,8182.0,0,0,0,0,0,0,0,0,,,,,,
2026-10-05 07:11:21,8150.0,8192.0,473,1,0,0,0,0,0,0,,,,,,
2026-10-05 07:11:21,8150.0,8192.0,137,0,0,0,0,0,0,0,,,,,,
2026-10-05 07:11:21,8150.0,8192.0,18,0,2,0,0,0,2,0,,,,,,
2026-10-05 07:11:21,8150.0,8192.0,26,0,0,0,0,0,0,0,,,,,,
2026-10-05 07:11:21,8150.0,8192.0,1392,2,0,0,0,0,0,0,,,,,,
2026-10-05 07:11:21,8150.0,8192.0,59,0,1,0,0,0,1,0,,,,,,
2026-10-05 07:11:21,8150.0,8192.0,2,0,0,0,0,0,0,0,,,,,,
2026-10-05 07:11:21,8150.0,8192.0,13,0,0,0,0,0,0,0,,,,,,
2026-10-05 07:11:21,8150.0,8192.0,14,0,2,0,0,0,2,0,,,,,,
2026-10-05 07:11:21,8160.0,8202.0,0,0,300,0,300,0,300,300,,,,,,
2026-10-05 07:11:21,8170.0,8212.0,0,0,0,0,0,0,0,0,,,,,,
2026-10-05 07:11:21,8175.0,8217.0,630,1,0,0,0,0,0,0,,,,,,
2026-10-05 07:11:21,8175.0,8217.0,67,0,0,0,0,0,0,0,,,,,,
2026-10-05 07:11:21,8175.0,8217.0,27,1,0,0,0,0,0,0,,,,,,
2026-10-05 07:11:21,8175.0,8217.0,6,0,0,0,0,0,0,0,,,,,,
2026-10-05 07:11:21,8175.0,8217.0,314,0,0,0,0,0,0,0,,,,,,
2026-10-05 07:11:21,8175.0,8217.0,7,0,0,0,0,0,0,0,,,,,,
2026-10-05 07:11:21,8175.0,8217.0,0,0,0,0,0,0,0,0,,,,,,
2026-10-05 07:11:21,8175.0,8217.0,2,0,0,0,0,0,0,0,,,,,,
2026-10-05 07:11:21,8175.0,8217.0,13,0,0,0,0,0,0,0,,,,,,
2026-10-05 07:11:21,8180.0,8222.0,0,0,0,0,0,0,0,0,,,,,,
2026-10-05 07:11:21,8200.0,8242.0,695,1,0,0,0,0,0,0,,,,,,
2026-10-05 07:11:21,8200.0,8242.0,90,0,0,0,0,0,0,0,,,,,,
2026-10-05 07:11:21,8200.0,8242.0,19,0,0,0,0,0,0,0,,,,,,
2026-10-05 07:11:21,8200.0,8242.0,8,1,2,0,0,0,2,0,,,,,,
2026-10-05 07:11:21,8200.0,8242.0,1160,0,41,0,0,0,41,0,,,,,,
2026-10-05 07:11:21,8200.0,8242.0,172,1,18,0,0,0,18,0,,,,,,
2026-10-05 07:11:21,8200.0,8242.0,90,0,0,0,0,0,0,0,,,,,,
2026-10-05 07:11:21,8200.0,8242.0,17,0,3,0,0,0,3,0,,,,,,
2026-10-05 07:11:21,8200.0,8242.0,18,0,0,0,0,0,0,0,,,,,,
2026-10-05 07:11:21,8225.0,8267.0,328,0,0,0,0,0,0,0,,,,,,
2026-10-05 07:11:21,8225.0,8267.0,67,0,0,0,0,0,0,0,,,,,,
2026-10-05 07:11:21,8225.0,8267.0,7,0,0,0,0,0,0,0,,,,,,
2026-10-05 07:11:21,8225.0,8267.0,21,0,0,0,0,0,0,0,,,,,,
2026-10-05 07:11:21,8225.0,8267.0,812,0,0,0,0,0,0,0,,,,,,
2026-10-05 07:11:21,8225.0,8267.0,2,0,0,0,0,0,0,0,,,,,,
2026-10-05 07:11:21,8225.0,8267.0,2,0,0,0,0,0,0,0,,,,,,
2026-10-05 07:11:21,8225.0,8267.0,63,0,0,0,0,0,0,0,,,,,,
2026-10-05 07:11:21,8225.0,8267.0,4,0,2,0,0,0,2,0,,,,,,
2026-10-05 07:11:21,8250.0,8292.0,199,0,0,0,0,0,0,0,,,,,,
2026-10-05 07:11:21,8250.0,8292.0,133,0,0,0,0,0,0,0,,,,,,
2026-10-05 07:11:21,8250.0,8292.0,5,0,0,0,0,0,0,0,,,,,,
2026-10-05 07:11:21,8250.0,8292.0,3,0,0,0,0,0,0,0,,,,,,
2026-10-05 07:11:21,8250.0,8292.0,279,0,0,0,0,0,0,0,,,,,,
2026-10-05 07:11:21,8250.0,8292.0,125,0,0,0,0,0,0,0,,,,,,
2026-10-05 07:11:21,8250.0,8292.0,3,0,0,0,0,0,0,0,,,,,,
2026-10-05 07:11:21,8250.0,8292.0,100,0,0,0,0,0,0,0,,,,,,
2026-10-05 07:11:21,8250.0,8292.0,0,0,0,0,0,0,0,0,,,,,,
2026-10-05 07:11:21,8275.0,8317.0,454,0,0,0,0,0,0,0,,,,,,
2026-10-05 07:11:21,8275.0,8317.0,98,0,0,0,0,0,0,0,,,,,,
2026-10-05 07:11:21,8275.0,8317.0,7,0,0,0,0,0,0,0,,,,,,
2026-10-05 07:11:21,8275.0,8317.0,5,0,0,0,0,0,0,0,,,,,,
2026-10-05 07:11:21,8275.0,8317.0,8,0,0,0,0,0,0,0,,,,,,
2026-10-05 07:11:21,8275.0,8317.0,1,0,0,0,0,0,0,0,,,,,,
2026-10-05 07:11:21,8275.0,8317.0,0,0,0,0,0,0,0,0,,,,,,
2026-10-05 07:11:21,8275.0,8317.0,50,0,0,0,0,0,0,0,,,,,,
2026-10-05 07:11:21,8275.0,8317.0,0,0,0,0,0,0,0,0,,,,,,
2026-10-05 07:11:21,8300.0,8342.0,149,1,0,0,0,0,0,0,,,,,,
2026-10-05 07:11:21,8300.0,8342.0,120,0,0,0,0,0,0,0,,,,,,
2026-10-05 07:11:21,8300.0,8342.0,18,0,2,0,0,0,2,0,,,,,,
2026-10-05 07:11:21,8300.0,8342.0,17,2,0,0,0,0,0,0,,,,,,
2026-10-05 07:11:21,8300.0,8342.0,2168,0,0,0,0,0,0,0,,,,,,
2026-10-05 07:11:21,8300.0,8342.0,58,1,0,0,0,0,0,0,,,,,,
2026-10-05 07:11:21,8300.0,8342.0,56,0,0,0,0,0,0,0,,,,,,
2026-10-05 07:11:21,8300.0,8342.0,162,0,0,0,0,0,0,0,,,,,,
2026-10-05 07:11:21,8300.0,8342.0,16,0,0,0,0,0,0,0,,,,,,
2026-10-05 07:11:21,8325.0,8367.0,2,0,0,0,0,0,0,0,,,,,,
2026-10-05 07:11:21,8350.0,8392.0,872,4,0,0,0,0,0,0,,,,,,
2026-10-05 07:11:21,8375.0,8417.0,6250,1,0,0,0,0,0,0,,,,,,
2026-10-05 07:11:21,8400.0,8442.0,692,1,0,0,0,0,0,0,,,,,,
2026-10-05 07:11:21,8400.0,8442.0,45,0,0,0,0,0,0,0,,,,,,
2026-10-05 07:11:21,8400.0,8442.0,9,0,0,0,0,0,0,0,,,,,,
2026-10-05 07:11:21,8400.0,8442.0,12,0,18,0,6,0,18,6,,,,,,
2026-10-05 07:11:21,8400.0,8442.0,1011,3,0,0,0,0,0,0,,,,,,
2026-10-05 07:11:21,8400.0,8442.0,60,0,0,0,0,0,0,0,,,,,,
2026-10-05 07:11:21,8400.0,8442.0,17,0,0,0,0,0,0,0,,,,,,
2026-10-05 07:11:21,8400.0,8442.0,12,0,0,0,0,0,0,0,,,,,,
2026-10-05 07:11:21,8400.0,8442.0,124,0,0,0,0,0,0,0,,,,,,
2026-10-05 07:11:21,8425.0,8467.0,0,2,0,0,0,0,0,0,,,,,,
2026-10-05 07:11:21,8450.0,8492.0,708,0,0,0,0,0,0,0,,,,,,
2026-10-05 07:11:21,8475.0,8517.0,0,0,0,0,0,0,0,0,,,,,,
2026-10-05 07:11:21,8500.0,8542.0,106,0,0,0,0,0,0,0,,,,,,
2026-10-05 07:11:21,8500.0,8542.0,13,2,0,0,0,0,0,0,,,,,,
2026-10-05 07:11:21,8500.0,8542.0,48,0,0,0,0,0,0,0,,,,,,
2026-10-05 07:11:21,8500.0,8542.0,5,0,0,0,0,0,0,0,,,,,,
2026-10-05 07:11:21,8500.0,8542.0,793,0,5,0,0,0,5,0,,,,,,
2026-10-05 07:11:21,8500.0,8542.0,7,0,0,0,0,0,0,0,,,,,,
2026-10-05 07:11:21,8500.0,8542.0,0,0,0,0,0,0,0,0,,,,,,
2026-10-05 07:11:21,8500.0,8542.0,34,0,0,0,0,0,0,0,,,,,,
2026-10-05 07:11:21,8500.0,8542.0,1,0,0,0,0,0,0,0,,,,,,
2026-10-05 07:11:21,8600.0,8642.0,28,0,0,0,0,0,0,0,,,,,,
2026-10-05 07:11:21,8600.0,8642.0,114,0,0,0,0,0,0,0,,,,,,
2026-10-05 07:11:21,8600.0,8642.0,38,0,0,0,0,0,0,0,,,,,,
2026-10-05 07:11:21,8600.0,8642.0,20,0,0,0,0,0,0,0,,,,,,
2026-10-05 07:11:21,8600.0,8642.0,905,0,0,0,0,0,0,0,,,,,,
2026-10-05 07:11:21,8600.0,8642.0,55,0,0,0,0,0,0,0,,,,,,
2026-10-05 07:11:21,8600.0,8642.0,2,0,0,0,0,0,0,0,,,,,,
2026-10-05 07:11:21,8600.0,8642.0,1,0,0,0,0,0,0,0,,,,,,
2026-10-05 07:11:21,8600.0,8642.0,15,4,0,0,0,0,0,0,,,,,,
2026-10-05 07:11:21,8700.0,8742.0,3,0,10,0,7,0,10,7,,,,,,
2026-10-05 07:11:21,8800.0,8842.0,54,1,0,1,0,0,1,0,,,,,,
2026-10-05 07:11:21,8800.0,8842.0,8,0,0,1,0,1,1,1,,,,,,
2026-10-05 07:11:21,8800.0,8842.0,11,0,0,0,0,0,0,0,,,,,,
2026-10-05 07:11:21,8800.0,8842.0,3000,0,0,0,0,0,0,0,,,,,,
2026-10-05 07:11:21,8800.0,8842.0,63,0,0,0,0,0,0,0,,,,,,
2026-10-05 07:11:21,8800.0,8842.0,4,0,0,0,0,0,0,0,,,,,,
2026-10-05 07:11:21,8800.0,8842.0,5,0,0,0,0,0,0,0,,,,,,
2026-10-05 07:11:21,8800.0,8842.0,1,0,0,0,0,0,0,0,,,,,,
2026-10-05 07:11:21,8800.0,8842.0,2,0,0,0,0,0,0,0,,,,,,
2026-10-05 07:11:21,9000.0,9042.0,36,0,0,0,0,0,0,0,,,,,,
2026-10-05 07:11:21,9000.0,9042.0,41,0,0,0,0,0,0,0,,,,,,
2026-10-05 07:11:21,9000.0,9042.0,0,0,0,0,0,0,0,0,,,,,,
2026-10-05 07:11:21,9000.0,9042.0,1,0,0,0,0,0,0,0,,,,,,
2026-10-05 07:11:21,9000.0,9042.0,1153,1002,0,0,0,0,0,0,,,,,,
2026-10-05 07:11:21,9000.0,9042.0,140,0,0,0,0,0,0,0,,,,,,
2026-10-05 07:11:21,9000.0,9042.0,0,0,0,0,0,0,0,0,,,,,,
2026-10-05 07:11:21,9000.0,9042.0,3,0,0,0,0,0,0,0,,,,,,
2026-10-05 07:11:21,9000.0,9042.0,1,0,0,0,0,0,0,0,,,,,,
2026-10-05 07:11:21,9200.0,9242.0,2,0,0,0,0,0,0,0,,,,,,
2026-10-05 07:11:21,9200.0,9242.0,2,0,0,0,0,0,0,0,,,,,,
2026-10-05 07:11:21,9200.0,9242.0,2,0,0,0,0,0,0,0,,,,,,
2026-10-05 07:11:21,9200.0,9242.0,91,0,0,0,0,0,0,0,,,,,,
2026-10-05 07:11:21,9200.0,9242.0,39,0,0,0,0,0,0,0,,,,,,
2026-10-05 07:11:21,9200.0,9242.0,10,0,0,0,0,0,0,0,,,,,,
2026-10-05 07:11:21,9200.0,9242.0,1,0,0,0,0,0,0,0,,,,,,
2026-10-05 07:11:21,9200.0,9242.0,0,0,0,0,0,0,0,0,,,,,,
2026-10-05 07:11:21,9200.0,9242.0,2,0,0,0,0,0,0,0,,,,,,
2026-10-05 07:11:24,6250.0,6292.0,145,40533,0,4,0,0,4,0,,,,,,
2026-10-05 07:11:24,6250.0,6292.0,0,404,0,32,0,0,32,0,,,,,,
2026-10-05 07:11:24,6260.0,6302.0,32,932,0,89,0,0,89,0,,,,,,
2026-10-05 07:11:24,6270.0,6312.0,13,271,0,0,0,0,0,0,,,,,,
2026-10-05 07:11:24,6275.0,6317.0,8,1625,0,0,0,0,0,0,,,,,,
2026-10-05 07:11:24,6280.0,6322.0,12,746,0,0,0,0,0,0,,,,,,
2026-10-05 07:11:24,6290.0,6332.0,1,796,0,0,0,0,0,0,,,,,,
2026-10-05 07:11:24,6300.0,6342.0,143,32298,0,36,0,0,36,0,,,,,,
2026-10-05 07:11:24,6300.0,6342.0,0,636,0,0,0,0,0,0,,,,,,
2026-10-05 07:11:24,6300.0,6342.0,0,112,0,1,0,0,1,0,,,,,,
2026-10-05 07:11:24,6300.0,6342.0,0,109,0,0,0,0,0,0,,,,,,
2026-10-05 07:11:24,6300.0,6342.0,0,181,0,0,0,0,0,0,,,,,,
2026-10-05 07:11:24,6300.0,6342.0,0,58172,0,18,0,0,18,0,,,,,,
2026-10-05 07:11:24,6310.0,6352.0,20,595,0,8,0,0,8,0,,,,,,
2026-10-05 07:11:24,6320.0,6362.0,8,526,0,18,0,0,18,0,,,,,,
2026-10-05 07:11:24,6325.0,6367.0,17,3220,0,44,0,0,44,0,,,,,,
2026-10-05 07:11:24,6330.0,6372.0,0,682,0,1,0,0,1,0,,,,,,
2026-10-05 07:11:24,6340.0,6382.0,20,573,0,0,0,0,0,0,,,,,,
2026-10-05 07:11:24,6350.0,6392.0,127,32965,0,0,0,0,0,0,,,,,,
2026-10-05 07:11:24,6350.0,6392.0,0,2936,0,14,0,0,14,0,,,,,,
2026-10-05 07:11:24,6360.0,6402.0,8,981,0,8,0,0,8,0,,,,,,
2026-10-05 07:11:24,6370.0,6412.0,25,460,0,0,0,0,0,0,,,,,,
2026-10-05 07:11:24,6375.0,6417.0,192,3226,0,0,0,0,0,0,,,,,,
2026-10-05 07:11:24,6375.0,6417.0,0,0,0,0,0,0,0,0,,,,,,
2026-10-05 07:11:24,6380.0,6422.0,1,233,0,0,0,0,0,0,,,,,,
2026-10-05 07:11:24,6390.0,6432.0,8,356,0,0,0,0,0,0,,,,,,
2026-10-05 07:11:24,6400.0,6442.0,715,16461,0,22,0,0,22,0,,,,,,
2026-10-05 07:11:24,6400.0,6442.0,0,169,0,0,0,0,0,0,,,,,,
2026-10-05 07:11:24,6400.0,6442.0,0,184,0,0,0,0,0,0,,,,,,
2026-10-05 07:11:24,6400.0,6442.0,0,323,0,1,0,0,1,0,,,,,,
2026-10-05 07:11:24,6400.0,6442.0,0,148,0,0,0,0,0,0,,,,,,
2026-10-05 07:11:24,6400.0,6442.0,0,62512,0,3,0,0,3,0,,,,,,
2026-10-05 07:11:24,6410.0,6452.0,11,397,0,99,0,0,99,0,,,,,,
2026-10-05 07:11:24,6420.0,6462.0,1,1199,0,0,0,0,0,0,,,,,,
2026-10-05 07:11:24,6425.0,6467.0,66,2262,0,0,0,0,0,0,,,,,,
2026-10-05 07:11:24,6425.0,6467.0,0,0,0,0,0,0,0,0,,,,,,
2026-10-05 07:11:24,6430.0,6472.0,5,919,0,0,0,0,0,0,,,,,,
2026-10-05 07:11:24,6440.0,6482.0,3,740,0,0,0,0,0,0,,,,,,
2026-10-05 07:11:24,6450.0,6492.0,97,8186,0,0,0,0,0,0,,,,,,
2026-10-05 07:11:24,6450.0,6492.0,0,381,0,0,0,0,0,0,,,,,,
2026-10-05 07:11:24,6460.0,6502.0,2,917,0,27,0,0,27,0,,,,,,
2026-10-05 07:11:24,6470.0,6512.0,1,419,0,0,0,0,0,0,,,,,,
2026-10-05 07:11:24,6475.0,6517.0,568,1862,0,0,0,0,0,0,,,,,,
2026-10-05 07:11:24,6475.0,6517.0,0,6,0,0,0,0,0,0,,,,,,
2026-10-05 07:11:24,6480.0,6522.0,2,385,0,0,0,0,0,0,,,,,,
2026-10-05 07:11:24,6490.0,6532.0,2,421,0,0,0,0,0,0,,,,,,
2026-10-05 07:11:24,6500.0,6542.0,834,23611,0,61,0,0,61,0,,,,,,
2026-10-05 07:11:24,6500.0,6542.0,0,291,0,1,0,0,1,0,,,,,,
2026-10-05 07:11:24,6500.0,6542.0,0,101,0,88,0,0,88,0,,,,,,
2026-10-05 07:11:24,6500.0,6542.0,0,283,0,0,0,0,0,0,,,,,,
2026-10-05 07:11:24,6500.0,6542.0,0,128,0,0,0,0,0,0,,,,,,
2026-10-05 07:11:24,6500.0,6542.0,22,615,0,10,0,0,10,0,,,,,,
2026-10-05 07:11:24,6510.0,6552.0,6,576,0,0,0,0,0,0,,,,,,
2026-10-05 07:11:24,6520.0,6562.0,2,1163,0,0,0,0,0,0,,,,,,
2026-10-05 07:11:24,6525.0,6567.0,141,959,0,0,0,0,0,0,,,,,,
2026-10-05 07:11:24,6525.0,6567.0,0,25,0,3,0,0,3,0,,,,,,
2026-10-05 07:11:24,6525.0,6567.0,0,12,0,0,0,0,0,0,,,,,,
2026-10-05 07:11:24,6525.0,6567.0,10,70,0,0,0,0,0,0,,,,,,
2026-10-05 07:11:24,6525.0,6567.0,0,91,0,0,0,0,0,0,,,,,,
2026-10-05 07:11:24,6530.0,6572.0,2,585,0,0,0,0,0,0,,,,,,
2026-10-05 07:11:24,6540.0,6582.0,3,488,0,0,0,0,0,0,,,,,,
2026-10-05 07:11:24,6550.0,6592.0,1072,5130,0,0,0,0,0,0,,,,,,
2026-10-05 07:11:24,6550.0,6592.0,0,502,0,0,0,0,0,0,,,,,,
2026-10-05 07:11:24,6550.0,6592.0,0,47,0,0,0,0,0,0,,,,,,
2026-10-05 07:11:24,6550.0,6592.0,10,10,0,1,0,0,1,0,,,,,,
2026-10-05 07:11:24,6550.0,6592.0,0,293,0,0,0,0,0,0,,,,,,
2026-10-05 07:11:24,6560.0,6602.0,9,787,0,0,0,0,0,0,,,,,,
2026-10-05 07:11:24,6570.0,6612.0,1,1793,0,0,0,0,0,0,,,,,,
2026-10-05 07:11:24,6575.0,6617.0,269,2236,0,0,0,0,0,0,,,,,,
2026-10-05 07:11:24,6575.0,6617.0,0,14,0,0,0,0,0,0,,,,,,
2026-10-05 07:11:24,6575.0,6617.0,0,0,0,1,0,1,1,1,,,,,,
2026-10-05 07:11:24,6575.0,6617.0,0,3,0,20,0,17,20,17,,,,,,4
2026-10-05 07:11:24,6575.0,6617.0,0,18,0,0,0,0,0,0,,,,,,
2026-10-05 07:11:24,6575.0,6617.0,0,29,0,0,0,0,0,0,,,,,,
2026-10-05 07:11:24,6580.0,6622.0,3,956,0,0,0,0,0,0,,,,,,
2026-10-05 07:11:24,6590.0,6632.0,2,1427,0,0,0,0,0,0,,,,,,
2026-10-05 07:11:24,6600.0,6642.0,4786,31878,0,13,0,0,13,0,,,,,,
2026-10-05 07:11:24,6600.0,6642.0,0,50,0,46,0,0,46,0,,,,,,
2026-10-05 07:11:24,6600.0,6642.0,0,29,0,0,0,0,0,0,,,,,,
2026-10-05 07:11:24,6600.0,6642.0,0,456,0,0,0,0,0,0,,,,,,
2026-10-05 07:11:24,6600.0,6642.0,0,9036,0,0,0,0,0,0,,,,,,
2026-10-05 07:11:24,6600.0,6642.0,0,943,0,0,0,0,0,0,,,,,,
2026-10-05 07:11:24,6610.0,6652.0,4,452,0,0,0,0,0,0,,,,,,
2026-10-05 07:11:24,6620.0,6662.0,3,809,0,0,0,0,0,0,,,,,,
2026-10-05 07:11:24,6625.0,6667.0,741,3737,0,1,0,0,1,0,,,,,,
2026-10-05 07:11:24,6625.0,6667.0,0,37,0,0,0,0,0,0,,,,,,
2026-10-05 07:11:24,6625.0,6667.0,0,48,0,0,0,0,0,0,,,,,,
2026-10-05 07:11:24,6625.0,6667.0,0,29,0,0,0,0,0,0,,,,,,
2026-10-05 07:11:24,6625.0,6667.0,0,203,0,0,0,0,0,0,,,,,,
2026-10-05 07:11:24,6625.0,6667.0,0,433,0,0,0,0,0,0,,,,,,
2026-10-05 07:11:24,6630.0,6672.0,354,522,0,0,0,0,0,0,,,,,,
2026-10-05 07:11:24,6640.0,6682.0,2,541,0,0,0,0,0,0,,,,,,
2026-10-05 07:11:24,6650.0,6692.0,4047,16990,0,0,0,0,0,0,,,,,,
2026-10-05 07:11:24,6650.0,6692.0,0,87,0,40,0,0,40,0,,,,,,
2026-10-05 07:11:24,6650.0,6692.0,0,0,0,0,0,0,0,0,,,,,,
2026-10-05 07:11:24,6650.0,6692.0,0,300,0,0,0,0,0,0,,,,,,
2026-10-05 07:11:24,6650.0,6692.0,0,115,0,0,0,0,0,0,,,,,,
2026-10-05 07:11:24,6650.0,6692.0,0,680,0,1,0,0,1,0,,,,,,
2026-10-05 07:11:24,6660.0,6702.0,5,666,0,0,0,0,0,0,,,,,,
2026-10-05 07:11:24,6670.0,6712.0,392,565,0,0,0,0,0,0,,,,,,
2026-10-05 07:11:24,6675.0,6717.0,1846,2076,0,0,0,0,0,0,,,,,,
2026-10-05 07:11:24,6675.0,6717.0,0,78,0,0,0,0,0,0,,,,,,
2026-10-05 07:11:24,6675.0,6717.0,0,131,0,0,0,0,0,0,,,,,,
2026-10-05 07:11:24,6675.0,6717.0,0,0,0,10,0,10,10,10,,,,,,
2026-10-05 07:11:24,6675.0,6717.0,0,4,0,0,0,0,0,0,,,,,,
2026-10-05 07:11:24,6675.0,6717.0,0,22,0,0,0,0,0,0,,,,,,
2026-10-05 07:11:24,6680.0,6722.0,0,488,0,0,0,0,0,0,,,,,,
2026-10-05 07:11:24,6690.0,6732.0,10,597,0,0,0,0,0,0,,,,,,
2026-10-05 07:11:24,6700.0,6742.0,6111,14530,0,3,0,0,3,0,,,,,,
2026-10-05 07:11:24,6700.0,6742.0,0,68,0,0,0,0,0,0,,,,,,
2026-10-05 07:11:24,6700.0,6742.0,0,46,0,0,0,0,0,0,,,,,,
2026-10-05 07:11:24,6700.0,6742.0,0,77,0,0,0,0,0,0,,,,,,
2026-10-05 07:11:24,6700.0,6742.0,0,39,0,0,0,0,0,0,,,,,,
2026-10-05 07:11:24,6700.0,6742.0,5,540,0,1,0,0,1,0,,,,,,
2026-10-05 07:11:24,6710.0,6752.0,9,929,0,0,0,0,0,0,,,,,,
2026-10-05 07:11:24,6720.0,6762.0,1,963,0,60,0,0,60,0,,,,,,
2026-10-05 07:11:24,6725.0,6767.0,1421,1932,0,0,0,0,0,0,,,,,,
2026-10-05 07:11:24,6725.0,6767.0,0,5,0,0,0,0,0,0,,,,,,
2026-10-05 07:11:24,6725.0,6767.0,0,10,0,0,0,0,0,0,,,,,,
2026-10-05 07:11:24,6725.0,6767.0,0,0,0,0,0,0,0,0,,,,,,
2026-10-05 07:11:24,6725.0,6767.0,0,47,0,0,0,0,0,0,,,,,,
2026-10-05 07:11:24,6725.0,6767.0,0,298,0,0,0,0,0,0,,,,,,
2026-10-05 07:11:24,6730.0,6772.0,4,657,0,9,0,0,9,0,,,,,,
2026-10-05 07:11:24,6740.0,6782.0,13,960,0,0,0,0,0,0,,,,,,
2026-10-05 07:11:24,6750.0,6792.0,1741,8601,0,2,0,0,2,0,,,,,,
2026-10-05 07:11:24,6750.0,6792.0,0,10,0,0,0,0,0,0,,,,,,
2026-10-05 07:11:24,6750.0,6792.0,0,26,0,0,0,0,0,0,,,,,,
2026-10-05 07:11:24,6750.0,6792.0,0,64,0,0,0,0,0,0,,,,,,
2026-10-05 07:11:24,6750.0,6792.0,0,53,0,0,0,0,0,0,,,,,,
2026-10-05 07:11:24,6750.0,6792.0,1,813,0,0,0,0,0,0,,,,,,
2026-10-05 07:11:24,6760.0,6802.0,5,516,0,0,0,0,0,0,,,,,,
2026-10-05 07:11:24,6770.0,6812.0,7,615,0,3,0,0,3,0,,,,,,
2026-10-05 07:11:24,6775.0,6817.0,1139,4161,0,1,0,0,1,0,,,,,,
2026-10-05 07:11:24,6775.0,6817.0,0,20,0,20,0,0,20,0,,,,,,
2026-10-05 07:11:24,6775.0,6817.0,0,12,0,0,0,0,0,0,,,,,,
2026-10-05 07:11:24,6775.0,6817.0,0,1,0,0,0,0,0,0,,,,,,
2026-10-05 07:11:24,6775.0,6817.0,0,49,0,0,0,0,0,0,,,,,,
2026-10-05 07:11:24,6775.0,6817.0,0,91,0,0,0,0,0,0,,,,,,
2026-10-05 07:11:24,6780.0,6822.0,4,823,0,0,0,0,0,0,,,,,,
2026-10-05 07:11:24,6790.0,6832.0,3,501,0,2,0,0,2,0,,,,,,
2026-10-05 07:11:24,6800.0,6842.0,2177,14691,0,2,0,0,2,0,,,,,,
2026-10-05 07:11:24,6800.0,6842.0,0,330,0,93,0,0,93,0,,,,,,
2026-10-05 07:11:24,6800.0,6842.0,0,30,0,0,0,0,0,0,,,,,,
2026-10-05 07:11:24,6800.0,6842.0,0,477,0,0,0,0,0,0,,,,,,
2026-10-05 07:11:24,6800.0,6842.0,0,3025,0,0,0,0,0,0,,,,,,
2026-10-05 07:11:24,6800.0,6842.0,1,998,0,22,0,0,22,0,,,,,,
2026-10-05 07:11:24,6810.0,6852.0,104,720,0,0,0,0,0,0,,,,,,
2026-10-05 07:11:24,6820.0,6862.0,3,1663,0,0,0,0,0,0,,,,,,
2026-10-05 07:11:24,6825.0,6867.0,939,3311,0,0,0,0,0,0,,,,,,
2026-10-05 07:11:24,6825.0,6867.0,23,72,0,0,0,0,0,0,,,,,,
2026-10-05 07:11:24,6825.0,6867.0,0,24,0,0,0,0,0,0,,,,,,
2026-10-05 07:11:24,6825.0,6867.0,0,5,0,0,0,0,0,0,,,,,,
2026-10-05 07:11:24,6825.0,6867.0,0,3,0,0,0,0,0,0,,,,,,
2026-10-05 07:11:24,6825.0,6867.0,0,93,0,5,0,0,5,0,,,,,,
2026-10-05 07:11:24,6830.0,6872.0,43,926,0,1,0,0,1,0,,,,,,
2026-10-05 07:11:24,6840.0,6882.0,8,1143,0,48,0,0,48,0,,,,,,
2026-10-05 07:11:24,6850.0,6892.0,2641,5153,0,0,0,0,0,0,,,,,,
2026-10-05 07:11:24,6850.0,6892.0,14,309,0,3,0,0,3,0,,,,,,
2026-10-05 07:11:24,6850.0,6892.0,0,38,0,0,0,0,0,0,,,,,,
2026-10-05 07:11:24,6850.0,6892.0,0,34,0,0,0,0,0,0,,,,,,
2026-10-05 07:11:24,6850.0,6892.0,0,81,0,0,0,0,0,0,,,,,,
2026-10-05 07:11:24,6850.0,6892.0,3,831,0,3,0,0,3,0,,,,,,
2026-10-05 07:11:24,6860.0,6902.0,1,610,0,0,0,0,0,0,,,,,,
2026-10-05 07:11:24,6865.0,6907.0,0,0,0,0,0,0,0,0,,,,,,
2026-10-05 07:11:24,6870.0,6912.0,29,775,0,0,0,0,0,0,,,,,,
2026-10-05 07:11:24,6875.0,6917.0,923,1826,0,0,0,0,0,0,,,,,,
2026-10-05 07:11:24,6875.0,6917.0,14,156,0,0,0,0,0,0,,,,,,
2026-10-05 07:11:24,6875.0,6917.0,16,120,0,0,0,0,0,0,,,,,,
2026-10-05 07:11:24,6875.0,6917.0,0,26,0,0,0,0,0,0,,,,,,
2026-10-05 07:11:24,6875.0,6917.0,5,28,0,0,0,0,0,0,,,,,,
2026-10-05 07:11:24,6875.0,6917.0,30,192,0,0,0,0,0,0,,,,,,
2026-10-05 07:11:24,6880.0,6922.0,7,1375,0,0,0,0,0,0,,,,,,
2026-10-05 07:11:24,6885.0,6927.0,0,393,0,0,0,0,0,0,,,,,,
2026-10-05 07:11:24,6890.0,6932.0,12,1208,0,1,0,0,1,0,,,,,,
2026-10-05 07:11:24,6895.0,6937.0,0,70,0,0,0,0,0,0,,,,,,
2026-10-05 07:11:24,6900.0,6942.0,2679,20872,0,12,0,0,12,0,,,,,,
2026-10-05 07:11:24,6900.0,6942.0,0,420,0,1,0,0,1,0,,,,,,
2026-10-05 07:11:24,6900.0,6942.0,16,75,0,0,0,0,0,0,,,,,,
2026-10-05 07:11:24,6900.0,6942.0,0,248,0,0,0,0,0,0,,,,,,
2026-10-05 07:11:24,6900.0,6942.0,38,58,0,0,0,0,0,0,,,,,,
2026-10-05 07:11:24,6900.0,6942.0,130,2261,0,8,0,0,8,0,,,,,,
2026-10-05 07:11:24,6905.0,6947.0,1,70,0,30,0,0,30,0,,,,,,
2026-10-05 07:11:24,6910.0,6952.0,21,1918,0,0,0,0,0,0,,,,,,
2026-10-05 07:11:24,6915.0,6957.0,0,43,0,0,0,0,0,0,,,,,,
2026-10-05 07:11:24,6920.0,6962.0,4,1827,0,0,0,0,0,0,,,,,,
2026-10-05 07:11:24,6925.0,6967.0,738,6953,0,1,0,0,1,0,,,,,,
2026-10-05 07:11:24,6925.0,6967.0,0,71,0,5,0,0,5,0,,,,,,
2026-10-05 07:11:24,6925.0,6967.0,0,78,0,5,0,0,5,0,,,,,,
2026-10-05 07:11:24,6925.0,6967.0,0,187,0,0,0,0,0,0,,,,,,
2026-10-05 07:11:24,6925.0,6967.0,0,27,0,0,0,0,0,0,,,,,,
2026-10-05 07:11:24,6925.0,6967.0,0,644,0,0,0,0,0,0,,,,,,
2026-10-05 07:11:24,6930.0,6972.0,11,674,0,75,0,0,75,0,,,,,,
2026-10-05 07:11:24,6935.0,6977.0,0,89,0,0,0,0,0,0,,,,,,
2026-10-05 07:11:24,6940.0,6982.0,8,433,0,4,0,0,4,0,,,,,,
2026-10-05 07:11:24,6945.0,6987.0,0,52,0,0,0,0,0,0,,,,,,
2026-10-05 07:11:24,6950.0,6992.0,962,6577,0,45,0,0,45,0,,,,,,
2026-10-05 07:11:24,6950.0,6992.0,0,114,0,10,0,0,10,0,,,,,,
2026-10-05 07:11:24,6950.0,6992.0,0,30,0,0,0,0,0,0,,,,,,
2026-10-05 07:11:24,6950.0,6992.0,6,53,0,14,0,0,14,0,,,,,,
2026-10-05 07:11:24,6950.0,6992.0,0,62,0,1,0,0,1,0,,,,,,
2026-10-05 07:11:24,6950.0,6992.0,2,430,0,4,0,0,4,0,,,,,,
2026-10-05 07:11:24,6955.0,6997.0,0,30,0,0,0,0,0,0,,,,,,
2026-10-05 07:11:24,6960.0,7002.0,3,1052,0,1,0,0,1,0,,,,,,
2026-10-05 07:11:24,6960.0,7002.0,0,0,0,0,0,0,0,0,,,,,,
2026-10-05 07:11:24,6965.0,7007.0,0,50,0,0,0,0,0,0,,,,,,
2026-10-05 07:11:24,6970.0,7012.0,3,887,0,0,0,0,0,0,,,,,,
2026-10-05 07:11:24,6970.0,7012.0,0,0,0,0,0,0,0,0,,,,,,
2026-10-05 07:11:24,6975.0,7017.0,574,2719,0,55,0,0,55,0,,,,,,
2026-10-05 07:11:24,6975.0,7017.0,11,64,0,5,0,0,5,0,,,,,,
2026-10-05 07:11:24,6975.0,7017.0,9,144,0,5,0,0,5,0,,,,,,
2026-10-05 07:11:24,6975.0,7017.0,6,57,0,0,0,0,0,0,,,,,,
2026-10-05 07:11:24,6975.0,7017.0,0,51,0,0,0,0,0,0,,,,,,
2026-10-05 07:11:24,6975.0,7017.0,0,419,0,0,0,0,0,0,,,,,,
2026-10-05 07:11:24,6980.0,7022.0,8,719,0,1,0,0,1,0,,,,,,
2026-10-05 07:11:24,6980.0,7022.0,0,0,0,0,0,0,0,0,,,,,,
2026-10-05 07:11:24,6985.0,7027.0,0,98,0,0,0,0,0,0,,,,,,
2026-10-05 07:11:24,6990.0,7032.0,4,3671,0,0,0,0,0,0,,,,,,
2026-10-05 07:11:24,6990.0,7032.0,0,0,0,0,0,0,0,0,,,,,,
2026-10-05 07:11:24,6995.0,7037.0,1,131,0,0,0,0,0,0,,,,,,
2026-10-05 07:11:24,7000.0,7042.0,206577,225674,0,74,0,0,74,0,,,,,,
2026-10-05 07:11:24,7000.0,7042.0,23,523,0,52,0,0,52,0,,,,,,
2026-10-05 07:11:24,7000.0,7042.0,9,306,0,6,0,0,6,0,,,,,,
2026-10-05 07:11:24,7000.0,7042.0,0,184,0,15,0,0,15,0,,,,,,
2026-10-05 07:11:24,7000.0,7042.0,0,106,0,0,0,0,0,0,,,,,,
2026-10-05 07:11:24,7000.0,7042.0,986,2209,10,4,0,0,14,0,,,,,,
2026-10-05 07:11:24,7005.0,7047.0,3,125,2,0,0,0,2,0,,,,,,
2026-10-05 07:11:24,7010.0,7052.0,33,898,0,0,0,0,0,0,,,,,,
2026-10-05 07:11:24,7010.0,7052.0,0,0,0,0,0,0,0,0,,,,,,
2026-10-05 07:11:24,7015.0,7057.0,11,443,0,1,0,0,1,0,,,,,,
2026-10-05 07:11:24,7020.0,7062.0,37,1588,0,1,0,0,1,0,,,,,,
2026-10-05 07:11:24,7020.0,7062.0,0,0,0,0,0,0,0,0,,,,,,
2026-10-05 07:11:24,7025.0,7067.0,413,1222,0,40,0,0,40,0,,,,,,
2026-10-05 07:11:24,7025.0,7067.0,0,88,0,0,0,0,0,0,,,,,,
2026-10-05 07:11:24,7025.0,7067.0,0,28,0,0,0,0,0,0,,,,,,
2026-10-05 07:11:24,7025.0,7067.0,0,42,0,0,0,0,0,0,,,,,,
2026-10-05 07:11:24,7025.0,7067.0,0,259,0,0,0,0,0,0,,,,,,
2026-10-05 07:11:24,7025.0,7067.0,0,442,0,0,0,0,0,0,,,,,,
2026-10-05 07:11:24,7030.0,7072.0,109,1066,0,1,0,0,1,0,,,,,,
2026-10-05 07:11:24,7030.0,7072.0,0,0,0,0,0,0,0,0,,,,,,
2026-10-05 07:11:24,7035.0,7077.0,0,188,0,0,0,0,0,0,,,,,,
2026-10-05 07:11:24,7040.0,7082.0,16,896,0,0,0,0,0,0,,,,,,
2026-10-05 07:11:24,7040.0,7082.0,0,0,0,0,0,0,0,0,,,,,,
2026-10-05 07:11:24,7045.0,7087.0,17,237,0,0,0,0,0,0,,,,,,
2026-10-05 07:11:24,7050.0,7092.0,1097,7583,0,7,0,0,7,0,,,,,,
2026-10-05 07:11:24,7050.0,7092.0,14,118,0,39,0,0,39,0,,,,,,
2026-10-05 07:11:24,7050.0,7092.0,13,509,0,5,0,0,5,0,,,,,,
2026-10-05 07:11:24,7050.0,7092.0,0,500,0,0,0,0,0,0,,,,,,
2026-10-05 07:11:24,7050.0,7092.0,10,230,0,0,0,0,0,0,,,,,,
2026-10-05 07:11:24,7050.0,7092.0,0,1078,0,5,0,0,5,0,,,,,,
2026-10-05 07:11:24,7055.0,7097.0,17,112,0,0,0,0,0,0,,,,,,
2026-10-05 07:11:24,7060.0,7102.0,4,1032,0,0,0,0,0,0,,,,,,
2026-10-05 07:11:24,7060.0,7102.0,0,8,0,2,0,0,2,0,,,,,,
2026-10-05 07:11:24,7065.0,7107.0,0,142,0,0,0,0,0,0,,,,,,
2026-10-05 07:11:24,7070.0,7112.0,39,874,0,2,0,0,2,0,,,,,,
2026-10-05 07:11:24,7070.0,7112.0,175,1,0,0,0,0,0,0,,,,,,
2026-10-05 07:11:24,7075.0,7117.0,575,1768,0,5,0,0,5,0,,,,,,
2026-10-05 07:11:24,7075.0,7117.0,0,391,0,35,0,0,35,0,,,,,,
2026-10-05 07:11:24,7075.0,7117.0,0,151,0,0,0,0,0,0,,,,,,
2026-10-05 07:11:24,7075.0,7117.0,2,88,0,2,0,0,2,0,,,,,,
2026-10-05 07:11:24,7075.0,7117.0,0,269,0,1,0,0,1,0,,,,,,
2026-10-05 07:11:24,7075.0,7117.0,0,781,0,4,0,0,4,0,,,,,,
2026-10-05 07:11:24,7080.0,7122.0,25,317,0,37,0,0,37,0,,,,,,
2026-10-05 07:11:24,7080.0,7122.0,0,4,0,0,0,0,0,0,,,,,,
2026-10-05 07:11:24,7085.0,7127.0,0,137,0,1,0,0,1,0,,,,,,
2026-10-05 07:11:24,7090.0,7132.0,15,794,0,15,0,0,15,0,,,,,,
2026-10-05 07:11:24,7090.0,7132.0,0,8,0,0,0,0,0,0,,,,,,
2026-10-05 07:11:24,7095.0,7137.0,0,671,0,0,0,0,0,0,,,,,,
2026-10-05 07:11:24,7100.0,7142.0,2591,25063,0,41,0,0,41,0,,,,,,
2026-10-05 07:11:24,7100.0,7142.0,0,849,0,82,0,0,82,0,,,,,,
2026-10-05 07:11:24,7100.0,7142.0,13,506,0,6,0,0,6,0,,,,,,
2026-10-05 07:11:24,7100.0,7142.0,0,648,0,0,0,0,0,0,,,,,,
2026-10-05 07:11:24,7100.0,7142.0,0,284,0,1,0,0,1,0,,,,,,
2026-10-05 07:11:24,7100.0,7142.0,7,1971,0,25,0,0,25,0,,,,,,
2026-10-05 07:11:24,7105.0,7147.0,5,142,0,3,0,0,3,0,,,,,,
2026-10-05 07:11:24,7110.0,7152.0,14,22095,0,0,0,0,0,0,,,,,,
2026-10-05 07:11:24,7110.0,7152.0,0,167,0,10,0,0,10,0,,,,,,
2026-10-05 07:11:24,7115.0,7157.0,0,3298,0,0,0,0,0,0,,,,,,
2026-10-05 07:11:24,7120.0,7162.0,270,1578,0,48,0,0,48,0,,,,,,
2026-10-05 07:11:24,7120.0,7162.0,0,62,0,0,0,0,0,0,,,,,,
2026-10-05 07:11:24,7125.0,7167.0,593,5997,0,1,0,0,1,0,,,,,,
2026-10-05 07:11:24,7125.0,7167.0,0,406,0,35,0,0,35,0,,,,,,
2026-10-05 07:11:24,7125.0,7167.0,0,133,0,0,0,0,0,0,,,,,,
2026-10-05 07:11:24,7125.0,7167.0,0,87,0,5,0,0,5,0,,,,,,
2026-10-05 07:11:24,7125.0,7167.0,0,86,0,3,0,0,3,0,,,,,,
2026-10-05 07:11:24,7125.0,7167.0,0,417,0,2,0,0,2,0,,,,,,
2026-10-05 07:11:24,7130.0,7172.0,62,1281,0,3,0,0,3,0,,,,,,
2026-10-05 07:11:24,7130.0,7172.0,0,52,0,0,0,0,0,0,,,,,,
2026-10-05 07:11:24,7135.0,7177.0,0,207,0,6,0,0,6,0,,,,,,
2026-10-05 07:11:24,7140.0,7182.0,6,1642,0,14,0,0,14,0,,,,,,
2026-10-05 07:11:24,7140.0,7182.0,0,55,0,0,0,0,0,0,,,,,,
2026-10-05 07:11:24,7145.0,7187.0,29,2147,0,2,0,0,2,0,,,,,,
2026-10-05 07:11:24,7150.0,7192.0,2058,9673,0,27,0,0,27,0,,,,,,
2026-10-05 07:11:24,7150.0,7192.0,0,124,0,4,0,0,4,0,,,,,,
2026-10-05 07:11:24,7150.0,7192.0,18,130,0,0,0,0,0,0,,,,,,
2026-10-05 07:11:24,7150.0,7192.0,0,213,0,3,0,0,3,0,,,,,,
2026-10-05 07:11:24,7150.0,7192.0,0,88,0,0,0,0,0,0,,,,,,
2026-10-05 07:11:24,7150.0,7192.0,22,776,0,11,0,0,11,0,,,,,,
2026-10-05 07:11:24,7155.0,7197.0,4,310,0,0,0,0,0,0,,,,,,
2026-10-05 07:11:24,7160.0,7202.0,11,20609,0,0,0,0,0,0,,,,,,
2026-10-05 07:11:24,7160.0,7202.0,0,96,0,0,0,0,0,0,,,,,,
2026-10-05 07:11:24,7165.0,7207.0,2,176,0,0,0,0,0,0,,,,,,
2026-10-05 07:11:24,7170.0,7212.0,92,1410,0,2,0,0,2,0,,,,,,
2026-10-05 07:11:24,7170.0,7212.0,0,516,0,0,0,0,0,0,,,,,,
2026-10-05 07:11:24,7175.0,7217.0,828,3819,0,3,0,0,3,0,,,,,,
2026-10-05 07:11:24,7175.0,7217.0,0,122,0,7,0,0,7,0,,,,,,
2026-10-05 07:11:24,7175.0,7217.0,0,41,0,0,0,0,0,0,,,,,,
2026-10-05 07:11:24,7175.0,7217.0,8,35,0,0,0,0,0,0,,,,,,
2026-10-05 07:11:24,7175.0,7217.0,0,84,0,0,0,0,0,0,,,,,,
2026-10-05 07:11:24,7175.0,7217.0,0,358,0,3,0,0,3,0,,,,,,
2026-10-05 07:11:24,7180.0,7222.0,76,1556,0,0,0,0,0,0,,,,,,
2026-10-05 07:11:24,7180.0,7222.0,0,33,0,0,0,0,0,0,,,,,,
2026-10-05 07:11:24,7185.0,7227.0,18,227,0,2,0,0,2,0,,,,,,
2026-10-05 07:11:24,7190.0,7232.0,18,1591,0,1,0,0,1,0,,,,,,
2026-10-05 07:11:24,7190.0,7232.0,250,26,0,0,0,0,0,0,,,,,,
2026-10-05 07:11:24,7195.0,7237.0,4,352,0,0,0,0,0,0,,,,,,
2026-10-05 07:11:24,7200.0,7242.0,5013,28160,10,31,0,0,41,0,,,,,,
2026-10-05 07:11:24,7200.0,7242.0,2,182,0,142,0,0,142,0,,,,,,
2026-10-05 07:11:24,7200.0,7242.0,0,93,0,8,0,0,8,0,,,,,,
2026-10-05 07:11:24,7200.0,7242.0,8,75,0,0,0,0,0,0,,,,,,
2026-10-05 07:11:24,7200.0,7242.0,0,72,0,1,0,0,1,0,,,,,,
2026-10-05 07:11:24,7200.0,7242.0,14,1453,0,6,0,0,6,0,,,,,,
2026-10-05 07:11:24,7205.0,7247.0,13,170,0,0,0,0,0,0,,,,,,
2026-10-05 07:11:24,7210.0,7252.0,52,1406,0,20,0,0,20,0,,,,,,
2026-10-05 07:11:24,7210.0,7252.0,12,42,0,0,0,0,0,0,,,,,,
2026-10-05 07:11:24,7215.0,7257.0,6,328,0,0,0,0,0,0,,,,,,
2026-10-05 07:11:24,7220.0,7262.0,59,1445,0,20,0,0,20,0,,,,,,
2026-10-05 07:11:24,7220.0,7262.0,0,169,0,0,0,0,0,0,,,,,,
2026-10-05 07:11:24,7225.0,7267.0,851,3240,0,5,0,0,5,0,,,,,,
2026-10-05 07:11:24,7225.0,7267.0,2,139,0,34,0,0,34,0,,,,,,
2026-10-05 07:11:24,7225.0,7267.0,0,160,0,18,0,0,18,0,,,,,,
2026-10-05 07:11:24,7225.0,7267.0,0,41,0,0,0,0,0,0,,,,,,
2026-10-05 07:11:24,7225.0,7267.0,0,64,0,0,0,0,0,0,,,,,,
2026-10-05 07:11:24,7225.0,7267.0,0,479,0,7,0,0,7,0,,,,,,
2026-10-05 07:11:24,7230.0,7272.0,114,1337,0,3,0,0,3,0,,,,,,
2026-10-05 07:11:24,7230.0,7272.0,2,90,0,1,0,0,1,0,,,,,,
2026-10-05 07:11:24,7235.0,7277.0,20,782,0,0,0,0,0,0,,,,,,
2026-10-05 07:11:24,7240.0,7282.0,16,745,0,2,0,0,2,0,,,,,,
2026-10-05 07:11:24,7240.0,7282.0,4,248,0,0,0,0,0,0,,,,,,
2026-10-05 07:11:24,7245.0,7287.0,43,412,0,0,0,0,0,0,,,,,,
2026-10-05 07:11:24,7250.0,7292.0,7857,15377,10,44,0,0,54,0,,,,,,
2026-10-05 07:11:24,7250.0,7292.0,1,473,0,31,0,0,31,0,,,,,,
2026-10-05 07:11:24,7250.0,7292.0,0,96,0,77,0,0,77,0,,,,,,
2026-10-05 07:11:24,7250.0,7292.0,0,96,0,5,0,0,5,0,,,,,,
2026-10-05 07:11:24,7250.0,7292.0,0,157,0,4,0,0,4,0,,,,,,
2026-10-05 07:11:24,7250.0,7292.0,54,889,0,30,0,0,30,0,,,,,,
2026-10-05 07:11:24,7255.0,7297.0,29,400,0,0,0,0,0,0,,,,,,
2026-10-05 07:11:24,7260.0,7302.0,80,1177,0,50,0,0,50,0,,,,,,
2026-10-05 07:11:24,7260.0,7302.0,59,67,0,2,0,0,2,0,,,,,,
2026-10-05 07:11:24,7265.0,7307.0,33,960,0,1,0,0,1,0,,,,,,
2026-10-05 07:11:24,7270.0,7312.0,328,1382,0,1,0,0,1,0,,,,,,
2026-10-05 07:11:24,7270.0,7312.0,1,73,0,0,0,0,0,0,,,,,,
2026-10-05 07:11:24,7275.0,7317.0,967,3881,0,613,0,0,613,0,,,,,,
2026-10-05 07:11:24,7275.0,7317.0,0,145,0,5,0,0,5,0,,,,,,
2026-10-05 07:11:24,7275.0,7317.0,36,80,0,8,0,0,8,0,,,,,,
2026-10-05 07:11:24,7275.0,7317.0,1,419,3,12,2,0,15,2,,,,,,
2026-10-05 07:11:24,7275.0,7317.0,0,103,0,10,0,0,10,0,,,,,,
2026-10-05 07:11:24,7275.0,7317.0,38,461,0,10,0,0,10,0,,,,,,
2026-10-05 07:11:24,7280.0,7322.0,460,1167,0,2,0,0,2,0,,,,,,
2026-10-05 07:11:24,7280.0,7322.0,0,148,0,7,0,0,7,0,,,,,,
2026-10-05 07:11:24,7285.0,7327.0,42,1454,0,2,0,0,2,0,,,,,,
2026-10-05 07:11:24,7290.0,7332.0,179,1304,0,2,0,0,2,0,,,,,,
2026-10-05 07:11:24,7290.0,7332.0,0,1,0,0,0,0,0,0,,,,,,
2026-10-05 07:11:24,7290.0,7332.0,0,1,0,0,0,0,0,0,,,,,,
2026-10-05 07:11:24,7290.0,7332.0,0,11,0,0,0,0,0,0,,,,,,
2026-10-05 07:11:24,7290.0,7332.0,0,5,0,0,0,0,0,0,,,,,,
2026-10-05 07:11:24,7290.0,7332.0,0,82,0,1,0,0,1,0,,,,,,
2026-10-05 07:11:24,7295.0,7337.0,27,653,0,1,0,0,1,0,,,,,,
2026-10-05 07:11:24,7300.0,7342.0,7498,23190,0,70,0,0,70,0,,,,,,
2026-10-05 07:11:24,7300.0,7342.0,4,302,0,17,0,0,17,0,,,,,,
2026-10-05 07:11:24,7300.0,7342.0,0,165,0,6,0,0,6,0,,,,,,
2026-10-05 07:11:24,7300.0,7342.0,0,402,0,9,0,0,9,0,,,,,,
2026-10-05 07:11:24,7300.0,7342.0,0,335,0,10,0,0,10,0,,,,,,
2026-10-05 07:11:24,7300.0,7342.0,5,1135,0,49,0,0,49,0,,,,,,
2026-10-05 07:11:24,7305.0,7347.0,24,1087,0,0,0,0,0,0,,,,,,
2026-10-05 07:11:24,7310.0,7352.0,73,1549,0,1,0,0,1,0,,,,,,
2026-10-05 07:11:24,7310.0,7352.0,0,43,0,0,0,0,0,0,,,,,,
2026-10-05 07:11:24,7310.0,7352.0,0,3,0,0,0,0,0,0,,,,,,
2026-10-05 07:11:24,7310.0,7352.0,0,28,0,0,0,0,0,0,,,,,,
2026-10-05 07:11:24,7310.0,7352.0,0,0,0,0,0,0,0,0,,,,,,
2026-10-05 07:11:24,7310.0,7352.0,0,369,0,15,0,0,15,0,,,,,,
2026-10-05 07:11:24,7315.0,7357.0,24,431,0,1,0,0,1,0,,,,,,
2026-10-05 07:11:24,7320.0,7362.0,84,1775,0,142,0,0,142,0,,,,,,
2026-10-05 07:11:24,7320.0,7362.0,0,9,0,6,0,0,6,0,,,,,,
2026-10-05 07:11:24,7320.0,7362.0,0,1,0,0,0,0,0,0,,,,,,
2026-10-05 07:11:24,7320.0,7362.0,0,29,0,0,0,0,0,0,,,,,,
2026-10-05 07:11:24,7320.0,7362.0,0,0,0,0,0,0,0,0,,,,,,
2026-10-05 07:11:24,7320.0,7362.0,1,493,0,20,0,0,20,0,,,,,,
2026-10-05 07:11:24,7325.0,7367.0,818,4131,0,654,0,0,654,0,,,,,,
2026-10-05 07:11:24,7325.0,7367.0,0,218,0,20,0,0,20,0,,,,,,
2026-10-05 07:11:24,7325.0,7367.0,0,194,0,0,0,0,0,0,,,,,,
2026-10-05 07:11:24,7325.0,7367.0,0,175,0,2,0,0,2,0,,,,,,
2026-10-05 07:11:24,7325.0,7367.0,0,369,0,2,0,0,2,0,,,,,,
2026-10-05 07:11:24,7325.0,7367.0,0,565,0,27,0,0,27,0,,,,,,
2026-10-05 07:11:24,7330.0,7372.0,40,754,0,0,0,0,0,0,,,,,,
2026-10-05 07:11:24,7330.0,7372.0,0,20,0,0,0,0,0,0,,,,,,
2026-10-05 07:11:24,7330.0,7372.0,0,7,0,0,0,0,0,0,,,,,,
2026-10-05 07:11:24,7330.0,7372.0,0,0,0,0,0,0,0,0,,,,,,
2026-10-05 07:11:24,7330.0,7372.0,0,4,0,2,0,0,2,0,,,,,,
2026-10-05 07:11:24,7330.0,7372.0,0,304,0,5,0,0,5,0,,,,,,
2026-10-05 07:11:24,7335.0,7377.0,38,685,0,6,0,0,6,0,,,,,,
2026-10-05 07:11:24,7340.0,7382.0,73,3270,0,7,0,0,7,0,,,,,,
2026-10-05 07:11:24,7340.0,7382.0,0,30,0,0,0,0,0,0,,,,,,
2026-10-05 07:11:24,7340.0,7382.0,0,8,0,0,0,0,0,0,,,,,,
2026-10-05 07:11:24,7340.0,7382.0,0,1,0,0,0,0,0,0,,,,,,
2026-10-05 07:11:24,7340.0,7382.0,0,0,0,0,0,0,0,0,,,,,,
2026-10-05 07:11:24,7340.0,7382.0,125,159,0,6,0,0,6,0,,,,,,
2026-10-05 07:11:24,7345.0,7387.0,61,1119,0,7,0,0,7,0,,,,,,
2026-10-05 07:11:24,7350.0,7392.0,2278,19225,0,120,0,0,120,0,,,,,,
2026-10-05 07:11:24,7350.0,7392.0,0,225,0,32,0,0,32,0,,,,,,
2026-10-05 07:11:24,7350.0,7392.0,18,236,0,3,0,0,3,0,,,,,,
2026-10-05 07:11:24,7350.0,7392.0,0,166,0,1,0,0,1,0,,,,,,
2026-10-05 07:11:24,7350.0,7392.0,0,179,0,10,0,0,10,0,,,,,,
2026-10-05 07:11:24,7350.0,7392.0,22,1190,0,64,0,0,64,0,,,,,,
2026-10-05 07:11:24,7355.0,7397.0,48,1749,0,8,0,0,8,0,,,,,,
2026-10-05 07:11:24,7360.0,7402.0,122,723,0,25,0,0,25,0,,,,,,
2026-10-05 07:11:24,7360.0,7402.0,0,8,0,1,0,0,1,0,,,,,,
2026-10-05 07:11:24,7360.0,7402.0,0,4,0,0,0,0,0,0,,,,,,
2026-10-05 07:11:24,7360.0,7402.0,0,6,0,2,0,0,2,0,,,,,,
2026-10-05 07:11:24,7360.0,7402.0,0,7,0,2,0,0,2,0,,,,,,
2026-10-05 07:11:24,7360.0,7402.0,0,356,0,51,0,0,51,0,,,,,,
2026-10-05 07:11:24,7365.0,7407.0,45,598,0,10,0,0,10,0,,,,,,
2026-10-05 07:11:24,7370.0,7412.0,134,783,0,10,0,0,10,0,,,,,,
2026-10-05 07:11:24,7370.0,7412.0,4,11,0,0,0,0,0,0,,,,,,
2026-10-05 07:11:24,7370.0,7412.0,0,11,0,0,0,0,0,0,,,,,,
2026-10-05 07:11:24,7370.0,7412.0,0,273,0,0,0,0,0,0,,,,,,
2026-10-05 07:11:24,7370.0,7412.0,0,140,0,5,0,0,5,0,,,,,,
2026-10-05 07:11:24,7370.0,7412.0,0,246,0,10,0,0,10,0,,,,,,
2026-10-05 07:11:24,7375.0,7417.0,969,3734,0,53,0,0,53,0,,,,,,
2026-10-05 07:11:24,7375.0,7417.0,0,219,0,4,0,0,4,0,,,,,,
2026-10-05 07:11:24,7375.0,7417.0,0,119,0,16,0,0,16,0,,,,,,
2026-10-05 07:11:24,7375.0,7417.0,0,194,0,20,0,0,20,0,,,,,,
2026-10-05 07:11:24,7375.0,7417.0,0,230,0,0,0,0,0,0,,,,,,
2026-10-05 07:11:24,7375.0,7417.0,4,1375,0,36,0,0,36,0,,,,,,
2026-10-05 07:11:24,7380.0,7422.0,73,1425,0,8,0,0,8,0,,,,,,
2026-10-05 07:11:24,7380.0,7422.0,0,13,0,0,0,0,0,0,,,,,,
2026-10-05 07:11:24,7380.0,7422.0,1,10,0,0,0,0,0,0,,,,,,
2026-10-05 07:11:24,7380.0,7422.0,0,1,0,0,0,0,0,0,,,,,,
2026-10-05 07:11:24,7380.0,7422.0,0,12,0,3,0,0,3,0,,,,,,
2026-10-05 07:11:24,7380.0,7422.0,2,246,0,15,0,0,15,0,,,,,,
2026-10-05 07:11:24,7385.0,7427.0,49,757,0,1004,0,247,1004,247,,,3,3,,3
2026-10-05 07:11:24,7390.0,7432.0,35,2136,0,33,0,0,33,0,,,,,,
2026-10-05 07:11:24,7390.0,7432.0,0,19,0,0,0,0,0,0,,,,,,
2026-10-05 07:11:24,7390.0,7432.0,0,28,0,0,0,0,0,0,,,,,,
2026-10-05 07:11:24,7390.0,7432.0,0,1,0,0,0,0,0,0,,,,,,
2026-10-05 07:11:24,7390.0,7432.0,0,9,0,6,0,0,6,0,,,,,,
2026-10-05 07:11:24,7390.0,7432.0,0,810,0,6,0,0,6,0,,,,,,
2026-10-05 07:11:24,7395.0,7437.0,56,572,0,18,0,0,18,0,,,,,,
2026-10-05 07:11:24,7400.0,7442.0,7319,26205,0,74,0,0,74,0,,,,,,
2026-10-05 07:11:24,7400.0,7442.0,2,526,0,19,0,0,19,0,,,,,,
2026-10-05 07:11:24,7400.0,7442.0,5,159,0,37,0,0,37,0,,,,,,
2026-10-05 07:11:24,7400.0,7442.0,2,199,0,48,0,0,48,0,,,,,,
2026-10-05 07:11:24,7400.0,7442.0,1,203,0,7,0,0,7,0,,,,,,
2026-10-05 07:11:24,7400.0,7442.0,85,1648,0,17,0,0,17,0,,,,,,
2026-10-05 07:11:24,7405.0,7447.0,54,544,0,17,0,0,17,0,,,,,,
2026-10-05 07:11:24,7410.0,7452.0,120,1180,0,118,0,0,118,0,,,,,,
2026-10-05 07:11:24,7410.0,7452.0,0,74,0,14,0,0,14,0,,,,,,
2026-10-05 07:11:24,7410.0,7452.0,1,79,0,25,0,0,25,0,,,,,,
2026-10-05 07:11:24,7410.0,7452.0,0,133,0,30,0,0,30,0,,,,,,
2026-10-05 07:11:24,7410.0,7452.0,0,1,0,0,0,0,0,0,,,,,,
2026-10-05 07:11:24,7410.0,7452.0,3,251,0,1,0,0,1,0,,,,,,
2026-10-05 07:11:24,7415.0,7457.0,59,826,0,22,0,0,22,0,,,,,,
2026-10-05 07:11:24,7415.0,7457.0,0,0,0,10,0,10,10,10,,,,,,
2026-10-05 07:11:24,7420.0,7462.0,115,3113,0,24,0,0,24,0,,,,,,
2026-10-05 07:11:24,7420.0,7462.0,0,86,0,14,0,0,14,0,,,,,,
2026-10-05 07:11:24,7420.0,7462.0,1,14,0,4,0,0,4,0,,,,,,
2026-10-05 07:11:24,7420.0,7462.0,1,55,0,0,0,0,0,0,,,,,,
2026-10-05 07:11:24,7420.0,7462.0,0,38,0,0,0,0,0,0,,,,,,
2026-10-05 07:11:24,7420.0,7462.0,10,179,0,6,0,0,6,0,,,,,,
2026-10-05 07:11:24,7425.0,7467.0,794,4759,0,25,0,0,25,0,,,,,,
2026-10-05 07:11:24,7425.0,7467.0,1,311,0,13,0,0,13,0,,,,,,
2026-10-05 07:11:24,7425.0,7467.0,0,54,0,1,0,0,1,0,,,,,,
2026-10-05 07:11:24,7425.0,7467.0,0,74,0,1,0,0,1,0,,,,,,
2026-10-05 07:11:24,7425.0,7467.0,16,77,0,1,0,0,1,0,,,,,,
2026-10-05 07:11:24,7425.0,7467.0,2,708,0,3,0,0,3,0,,,,,,
2026-10-05 07:11:24,7430.0,7472.0,63,1744,0,89,0,0,89,0,,,,,,
2026-10-05 07:11:24,7430.0,7472.0,1,86,0,17,0,0,17,0,,,,,,
2026-10-05 07:11:24,7430.0,7472.0,0,26,0,6,0,0,6,0,,,,,,
2026-10-05 07:11:24,7430.0,7472.0,0,139,0,0,0,0,0,0,,,,,,
2026-10-05 07:11:24,7430.0,7472.0,1,66,0,1,0,0,1,0,,,,,,
2026-10-05 07:11:24,7430.0,7472.0,3,238,0,8,0,0,8,0,,,,,,
2026-10-05 07:11:24,7435.0,7477.0,93,1450,0,94,0,0,94,0,,,,,,
2026-10-05 07:11:24,7435.0,7477.0,0,0,0,0,0,0,0,0,,,,,,
2026-10-05 07:11:24,7440.0,7482.0,107,1033,0,28,0,0,28,0,,,,,,
2026-10-05 07:11:24,7440.0,7482.0,0,155,0,7,0,0,7,0,,,,,,
2026-10-05 07:11:24,7440.0,7482.0,1,29,0,0,0,0,0,0,,,,,,
2026-10-05 07:11:24,7440.0,7482.0,1,22,0,0,0,0,0,0,,,,,,
2026-10-05 07:11:24,7440.0,7482.0,0,86,0,1,0,0,1,0,,,,,,
2026-10-05 07:11:24,7440.0,7482.0,1,1115,0,0,0,0,0,0,,,,,,
2026-10-05 07:11:24,7445.0,7487.0,179,3249,0,5,0,0,5,0,,,,,,
2026-10-05 07:11:24,7445.0,7487.0,0,0,0,0,0,0,0,0,,,,,,
2026-10-05 07:11:24,7450.0,7492.0,2763,12110,3,111,0,0,114,0,,,,,,
2026-10-05 07:11:24,7450.0,7492.0,3,215,0,36,0,0,36,0,,,,,,
2026-10-05 07:11:24,7450.0,7492.0,1,127,0,8,0,0,8,0,,,,,,
2026-10-05 07:11:24,7450.0,7492.0,1,93,0,0,0,0,0,0,,,,,,
2026-10-05 07:11:24,7450.0,7492.0,1,429,0,3,0,0,3,0,,,,,,
2026-10-05 07:11:24,7450.0,7492.0,58,887,0,27,0,0,27,0,,,,,,
2026-10-05 07:11:24,7455.0,7497.0,37,861,0,4,0,0,4,0,,,,,,
2026-10-05 07:11:24,7455.0,7497.0,0,0,0,0,0,0,0,0,,,,,,
2026-10-05 07:11:24,7460.0,7502.0,175,1115,0,4,0,0,4,0,,,,,,
2026-10-05 07:11:24,7460.0,7502.0,4,89,0,17,0,0,17,0,,,,,,
2026-10-05 07:11:24,7460.0,7502.0,0,11,0,4,0,0,4,0,,,,,,
2026-10-05 07:11:24,7460.0,7502.0,0,14,0,0,0,0,0,0,,,,,,
2026-10-05 07:11:24,7460.0,7502.0,1,29,0,0,0,0,0,0,,,,,,
2026-10-05 07:11:24,7460.0,7502.0,7,234,0,1,0,0,1,0,,,,,,
2026-10-05 07:11:24,7465.0,7507.0,88,480,0,2,0,0,2,0,,,,,,
2026-10-05 07:11:24,7465.0,7507.0,0,0,0,0,0,0,0,0,,,,,,
2026-10-05 07:11:24,7470.0,7512.0,204,1184,0,15,0,0,15,0,,,,,,
2026-10-05 07:11:24,7470.0,7512.0,28,64,0,33,0,0,33,0,,,,,,
2026-10-05 07:11:24,7470.0,7512.0,29,25,0,0,0,0,0,0,,,,,,
2026-10-05 07:11:24,7470.0,7512.0,1,19,0,0,0,0,0,0,,,,,,
2026-10-05 07:11:24,7470.0,7512.0,0,23,0,0,0,0,0,0,,,,,,
2026-10-05 07:11:24,7470.0,7512.0,8,298,0,2,0,0,2,0,,,,,,
2026-10-05 07:11:24,7475.0,7517.0,2021,5903,2,4,0,0,6,0,,,,,,
2026-10-05 07:11:24,7475.0,7517.0,4,118,0,13,0,0,13,0,,,,,,
2026-10-05 07:11:24,7475.0,7517.0,1,42,0,2,0,0,2,0,,,,,,
2026-10-05 07:11:24,7475.0,7517.0,2,72,0,0,0,0,0,0,,,,,,
2026-10-05 07:11:24,7475.0,7517.0,2,136,0,2,0,0,2,0,,,,,,
2026-10-05 07:11:24,7475.0,7517.0,12,431,0,2,0,0,2,0,,,,,,
2026-10-05 07:11:24,7480.0,7522.0,150,928,0,67,0,0,67,0,,,,,,
2026-10-05 07:11:24,7480.0,7522.0,0,46,0,5,0,0,5,0,,,,,,
2026-10-05 07:11:24,7480.0,7522.0,4,50,0,1,0,0,1,0,,,,,,
2026-10-05 07:11:24,7480.0,7522.0,0,164,0,0,0,0,0,0,,,,,,
2026-10-05 07:11:24,7480.0,7522.0,0,18,0,0,0,0,0,0,,,,,,
2026-10-05 07:11:24,7480.0,7522.0,6,218,0,20,0,0,20,0,,,,,,
2026-10-05 07:11:24,7485.0,7527.0,100,1055,0,7,0,0,7,0,,,,,,
2026-10-05 07:11:24,7485.0,7527.0,0,0,0,2,0,2,2,2,,,,,,
2026-10-05 07:11:24,7490.0,7532.0,290,2459,0,695,0,0,695,0,,,5,,,
2026-10-05 07:11:24,7490.0,7532.0,0,144,0,11,0,0,11,0,,,,,,
2026-10-05 07:11:24,7490.0,7532.0,1,34,0,5,0,0,5,0,,,,,,
2026-10-05 07:11:24,7490.0,7532.0,3,40,0,0,0,0,0,0,,,,,,
2026-10-05 07:11:24,7490.0,7532.0,0,118,0,1,0,0,1,0,,,,,,
2026-10-05 07:11:24,7490.0,7532.0,30,297,0,5,0,0,5,0,,,,,,
2026-10-05 07:11:24,7495.0,7537.0,80,1266,0,19,0,0,19,0,,,,,,
2026-10-05 07:11:24,7495.0,7537.0,0,0,0,0,0,0,0,0,,,,,,
2026-10-05 07:11:24,7500.0,7542.0,9488,41175,2,1428,0,0,1430,0,3,,1,,,
2026-10-05 07:11:24,7500.0,7542.0,16,668,0,66,0,0,66,0,,,,,,
2026-10-05 07:11:24,7500.0,7542.0,4,180,0,8,0,0,8,0,,,,,,
2026-10-05 07:11:24,7500.0,7542.0,29,201,0,2,0,0,2,0,,,,,,
2026-10-05 07:11:24,7500.0,7542.0,4,236,0,2,0,0,2,0,,,,,,
2026-10-05 07:11:24,7500.0,7542.0,65,1772,1,7,0,0,8,0,,,,,,
2026-10-05 07:11:24,7505.0,7547.0,115,559,0,11,0,0,11,0,,,,,,
2026-10-05 07:11:24,7505.0,7547.0,0,0,0,0,0,0,0,0,,,,,,
2026-10-05 07:11:24,7510.0,7552.0,130,708,0,15,0,0,15,0,,,,,,
2026-10-05 07:11:24,7510.0,7552.0,4,98,0,5,0,0,5,0,,,,,,
2026-10-05 07:11:24,7510.0,7552.0,1,38,0,0,0,0,0,0,,,,,,
2026-10-05 07:11:24,7510.0,7552.0,4,248,0,0,0,0,0,0,,,,,,
2026-10-05 07:11:24,7510.0,7552.0,32,120,0,0,0,0,0,0,,,,,,
2026-10-05 07:11:24,7510.0,7552.0,21,282,0,3,0,0,3,0,,,,,,
2026-10-05 07:11:24,7515.0,7557.0,116,691,0,13,0,0,13,0,,,,,,
2026-10-05 07:11:24,7515.0,7557.0,0,16,0,23,0,7,23,7,,,,,,
2026-10-05 07:11:24,7515.0,7557.0,0,4,0,1,0,0,1,0,,,,,,
2026-10-05 07:11:24,7515.0,7557.0,0,0,0,0,0,0,0,0,,,,,,
2026-10-05 07:11:24,7515.0,7557.0,0,46,0,6,0,0,6,0,,,,,,
2026-10-05 07:11:24,7520.0,7562.0,107,1550,0,54,0,0,54,0,,,,,,
2026-10-05 07:11:24,7520.0,7562.0,1,274,0,1,0,0,1,0,,,,,,
2026-10-05 07:11:24,7520.0,7562.0,1,49,0,2,0,0,2,0,,,,,,
2026-10-05 07:11:24,7520.0,7562.0,2,262,0,1,0,0,1,0,,,,,,
2026-10-05 07:11:24,7520.0,7562.0,17,60,0,0,0,0,0,0,,,,,,
2026-10-05 07:11:24,7520.0,7562.0,8,132,0,3,0,0,3,0,,,,,,
2026-10-05 07:11:24,7525.0,7567.0,1566,3198,1,43,0,0,44,0,,,,,,
2026-10-05 07:11:24,7525.0,7567.0,8,612,0,4,0,0,4,0,,,,,,
2026-10-05 07:11:24,7525.0,7567.0,2,37,0,2,0,0,2,0,,,,,,
2026-10-05 07:11:24,7525.0,7567.0,14,47,0,0,0,0,0,0,,,,,,
2026-10-05 07:11:24,7525.0,7567.0,9,119,0,0,0,0,0,0,,,,,,
2026-10-05 07:11:24,7525.0,7567.0,40,403,0,40,0,0,40,0,,,,,,
2026-10-05 07:11:24,7530.0,7572.0,94,3380,0,36,0,0,36,0,,,,,,
2026-10-05 07:11:24,7530.0,7572.0,4,70,0,12,0,0,12,0,,,,,,
2026-10-05 07:11:24,7530.0,7572.0,11,20,0,0,0,0,0,0,,,,,,
2026-10-05 07:11:24,7530.0,7572.0,31,128,0,0,0,0,0,0,,,,,,
2026-10-05 07:11:24,7530.0,7572.0,1,157,0,0,0,0,0,0,,,,,,
2026-10-05 07:11:24,7530.0,7572.0,4,194,0,2,0,0,2,0,,,,,,
2026-10-05 07:11:24,7535.0,7577.0,228,742,0,7,0,0,7,0,,,,,,
2026-10-05 07:11:24,7535.0,7577.0,0,6,0,5,0,0,5,0,,,,,,
2026-10-05 07:11:24,7535.0,7577.0,0,361,0,0,0,0,0,0,,,,,,
2026-10-05 07:11:24,7535.0,7577.0,0,0,0,0,0,0,0,0,,,,,,
2026-10-05 07:11:24,7535.0,7577.0,0,2,0,1,0,0,1,0,,,,,,
2026-10-05 07:11:24,7535.0,7577.0,0,43,0,0,0,0,0,0,,,,,,
2026-10-05 07:11:24,7540.0,7582.0,268,847,0,52,0,0,52,0,,,,,,
2026-10-05 07:11:24,7540.0,7582.0,1,47,0,35,0,0,35,0,,,,,,
2026-10-05 07:11:24,7540.0,7582.0,10,577,0,0,0,0,0,0,,,,,,
2026-10-05 07:11:24,7540.0,7582.0,34,40,0,0,0,0,0,0,,,,,,
2026-10-05 07:11:24,7540.0,7582.0,0,207,0,0,0,0,0,0,,,,,,
2026-10-05 07:11:24,7540.0,7582.0,15,227,0,1,0,0,1,0,,,,,,
2026-10-05 07:11:24,7545.0,7587.0,101,701,0,21,0,0,21,0,,,,,,
2026-10-05 07:11:24,7545.0,7587.0,0,27,0,6,0,0,6,0,,,,,,
2026-10-05 07:11:24,7545.0,7587.0,0,13,0,1,0,0,1,0,,,,,,
2026-10-05 07:11:24,7545.0,7587.0,0,2,0,1,0,0,1,0,,,,,,
2026-10-05 07:11:24,7545.0,7587.0,0,2,0,0,0,0,0,0,,,,,,
2026-10-05 07:11:24,7545.0,7587.0,0,70,0,22,0,0,22,0,,,,,,
2026-10-05 07:11:24,7550.0,7592.0,4551,13573,24,249,0,0,273,0,,,,,,
2026-10-05 07:11:24,7550.0,7592.0,10,317,0,13,0,0,13,0,,,,,,
2026-10-05 07:11:24,7550.0,7592.0,7,267,0,0,0,0,0,0,,,,,,
2026-10-05 07:11:24,7550.0,7592.0,8,338,0,1,0,0,1,0,,,,,,
2026-10-05 07:11:24,7550.0,7592.0,10,295,0,0,0,0,0,0,,,,,,
2026-10-05 07:11:24,7550.0,7592.0,228,399,3,35,0,0,38,0,,,,,,
2026-10-05 07:11:24,7555.0,7597.0,267,851,0,8,0,0,8,0,,,,,,
2026-10-05 07:11:24,7555.0,7597.0,1,19,0,1,0,0,1,0,,,,,,
2026-10-05 07:11:24,7555.0,7597.0,0,5,0,0,0,0,0,0,,,,,,
2026-10-05 07:11:24,7555.0,7597.0,0,8,0,0,0,0,0,0,,,,,,
2026-10-05 07:11:24,7555.0,7597.0,0,7,0,0,0,0,0,0,,,,,,
2026-10-05 07:11:24,7555.0,7597.0,0,51,0,0,0,0,0,0,,,,,,
2026-10-05 07:11:24,7560.0,7602.0,371,1287,0,26,0,0,26,0,,,,,,
2026-10-05 07:11:24,7560.0,7602.0,17,239,0,4,0,0,4,0,,,,,,
2026-10-05 07:11:24,7560.0,7602.0,4,68,0,0,0,0,0,0,,,,,,
2026-10-05 07:11:24,7560.0,7602.0,0,42,0,0,0,0,0,0,,,,,,
2026-10-05 07:11:24,7560.0,7602.0,2,110,0,1,0,0,1,0,,,,,,
2026-10-05 07:11:24,7560.0,7602.0,104,282,0,0,0,0,0,0,,,,,,
2026-10-05 07:11:24,7565.0,7607.0,78,1070,0,42,0,0,42,0,,,,,,
2026-10-05 07:11:24,7565.0,7607.0,0,18,0,5,0,0,5,0,,,,,,
2026-10-05 07:11:24,7565.0,7607.0,0,2,0,4,0,2,4,2,,,,,,
2026-10-05 07:11:24,7565.0,7607.0,0,0,0,1,0,1,1,1,,,,,,
2026-10-05 07:11:24,7565.0,7607.0,0,0,0,1,0,1,1,1,,,,,,
2026-10-05 07:11:24,7565.0,7607.0,3,66,0,0,0,0,0,0,,,,,,
2026-10-05 07:11:24,7570.0,7612.0,216,992,0,16,0,0,16,0,,,,,,
2026-10-05 07:11:24,7570.0,7612.0,13,63,0,2,0,0,2,0,,,,,,
2026-10-05 07:11:24,7570.0,7612.0,10,35,0,0,0,0,0,0,,,,,,
2026-10-05 07:11:24,7570.0,7612.0,5,6,0,1,0,0,1,0,,,,,,
2026-10-05 07:11:24,7570.0,7612.0,14,16,0,0,0,0,0,0,,,,,,
2026-10-05 07:11:24,7570.0,7612.0,29,121,0,5,0,0,5,0,,,,,,
2026-10-05 07:11:24,7575.0,7617.0,2093,3911,0,30,0,0,30,0,,,,,,
2026-10-05 07:11:24,7575.0,7617.0,23,171,0,4,0,0,4,0,,,,,,
2026-10-05 07:11:24,7575.0,7617.0,21,224,0,0,0,0,0,0,,,,,,
2026-10-05 07:11:24,7575.0,7617.0,12,43,0,1,0,0,1,0,,,,,,
2026-10-05 07:11:24,7575.0,7617.0,5,93,0,1,0,0,1,0,,,,,,
2026-10-05 07:11:24,7575.0,7617.0,145,403,0,11,0,0,11,0,,,,,,
2026-10-05 07:11:24,7580.0,7622.0,396,1719,0,14,0,0,14,0,,,,,,
2026-10-05 07:11:24,7580.0,7622.0,8,57,0,8,0,0,8,0,,,,,,
2026-10-05 07:11:24,7580.0,7622.0,3,45,0,4,0,0,4,0,,,,,,
2026-10-05 07:11:24,7580.0,7622.0,4,50,0,11,0,0,11,0,,,,,,
2026-10-05 07:11:24,7580.0,7622.0,2,38,0,0,0,0,0,0,,,,,,
2026-10-05 07:11:24,7580.0,7622.0,120,244,0,5,0,0,5,0,,,,,,
2026-10-05 07:11:24,7585.0,7627.0,192,812,0,15,0,0,15,0,,,,,,
2026-10-05 07:11:24,7585.0,7627.0,0,3,0,1,0,0,1,0,,,,,,
2026-10-05 07:11:24,7585.0,7627.0,5,2,0,0,0,0,0,0,,,,,,
2026-10-05 07:11:24,7585.0,7627.0,0,1,0,1,0,0,1,0,,,,,,
2026-10-05 07:11:24,7585.0,7627.0,0,1,0,0,0,0,0,0,,,,,,
2026-10-05 07:11:24,7585.0,7627.0,1,159,0,0,0,0,0,0,,,,,,
2026-10-05 07:11:24,7590.0,7632.0,346,1125,0,204,0,0,204,0,,,,,,
2026-10-05 07:11:24,7590.0,7632.0,28,202,0,3,0,0,3,0,,,,,,
2026-10-05 07:11:24,7590.0,7632.0,5,88,2,0,0,0,2,0,,,,,,
2026-10-05 07:11:24,7590.0,7632.0,0,41,0,0,0,0,0,0,,,,,,
2026-10-05 07:11:24,7590.0,7632.0,2,98,0,1,0,0,1,0,,,,,,
2026-10-05 07:11:24,7590.0,7632.0,9,103,0,0,0,0,0,0,,,,,,
2026-10-05 07:11:24,7595.0,7637.0,171,546,0,9,0,0,9,0,,,,,,
2026-10-05 07:11:24,7595.0,7637.0,0,10,0,6,0,0,6,0,,,,,,
2026-10-05 07:11:24,7595.0,7637.0,1,0,0,1,0,1,1,1,,,,,,
2026-10-05 07:11:24,7595.0,7637.0,0,1,0,1,0,0,1,0,,,,,,
2026-10-05 07:11:24,7595.0,7637.0,0,0,0,6,0,6,6,6,,,,,,
2026-10-05 07:11:24,7595.0,7637.0,1,40,0,0,0,0,0,0,,,,,,
2026-10-05 07:11:24,7600.0,7642.0,13672,18763,3,635,0,0,638,0,,,,,,
2026-10-05 07:11:24,7600.0,7642.0,94,460,0,4,0,0,4,0,,,,,,
2026-10-05 07:11:24,7600.0,7642.0,51,197,1,5,0,0,6,0,,,,,,
2026-10-05 07:11:24,7600.0,7642.0,596,702,0,0,0,0,0,0,,,,,,
2026-10-05 07:11:24,7600.0,7642.0,76,375,0,0,0,0,0,0,,,,,,
2026-10-05 07:11:24,7600.0,7642.0,384,1962,3,17,0,0,20,0,,,,,,
2026-10-05 07:11:24,7605.0,7647.0,275,511,0,3,0,0,3,0,,,,,,
2026-10-05 07:11:24,7605.0,7647.0,1,4,0,18,0,14,18,14,,,,,,5
2026-10-05 07:11:24,7605.0,7647.0,1,2,0,0,0,0,0,0,,,,,,
2026-10-05 07:11:24,7605.0,7647.0,9,2,0,1,0,0,1,0,,,,,,
2026-10-05 07:11:24,7605.0,7647.0,0,0,0,0,0,0,0,0,,,,,,
2026-10-05 07:11:24,7605.0,7647.0,1,22,0,1,0,0,1,0,,,,,,
2026-10-05 07:11:24,7610.0,7652.0,841,1209,0,5,0,0,5,0,,,,,,
2026-10-05 07:11:24,7610.0,7652.0,16,91,0,8,0,0,8,0,,,,,,
2026-10-05 07:11:24,7610.0,7652.0,18,114,1,0,0,0,1,0,,,,,,
2026-10-05 07:11:24,7610.0,7652.0,3,65,0,4,0,0,4,0,,,,,,
2026-10-05 07:11:24,7610.0,7652.0,5,54,0,0,0,0,0,0,,,,,,
2026-10-05 07:11:24,7610.0,7652.0,93,146,0,1,0,0,1,0,,,,,,
2026-10-05 07:11:24,7615.0,7657.0,677,977,0,260,0,0,260,0,,,,,,
2026-10-05 07:11:24,7615.0,7657.0,0,40,1,14,1,0,15,1,,,,,,
2026-10-05 07:11:24,7615.0,7657.0,0,2,0,0,0,0,0,0,,,,,,
2026-10-05 07:11:24,7615.0,7657.0,4,4,0,3,0,0,3,0,,,,,,
2026-10-05 07:11:24,7615.0,7657.0,0,0,0,0,0,0,0,0,,,,,,
2026-10-05 07:11:24,7615.0,7657.0,4,73,0,3,0,0,3,0,,,,,,
2026-10-05 07:11:24,7620.0,7662.0,647,2095,11,22,0,0,33,0,,,,,,
2026-10-05 07:11:24,7620.0,7662.0,41,74,1,13,0,0,14,0,,,,,,
2026-10-05 07:11:24,7620.0,7662.0,12,36,1,1,0,0,2,0,,,,,,
2026-10-05 07:11:24,7620.0,7662.0,49,96,0,1,0,0,1,0,,,,,,
2026-10-05 07:11:24,7620.0,7662.0,3,33,0,0,0,0,0,0,,,,,,
2026-10-05 07:11:24,7620.0,7662.0,24,390,0,1,0,0,1,0,,,,,,
2026-10-05 07:11:24,7625.0,7667.0,2998,5684,8,48,0,0,56,0,,,,,,
2026-10-05 07:11:24,7625.0,7667.0,127,295,0,5,0,0,5,0,,,,,,
2026-10-05 07:11:24,7625.0,7667.0,155,223,0,10,0,0,10,0,,,,,,
2026-10-05 07:11:24,7625.0,7667.0,7,209,0,0,0,0,0,0,,,,,,
2026-10-05 07:11:24,7625.0,7667.0,29,34,0,0,0,0,0,0,,,,,,
2026-10-05 07:11:24,7625.0,7667.0,76,549,0,1,0,0,1,0,,,,,,
2026-10-05 07:11:24,7630.0,7672.0,7034,2068,0,17,0,0,17,0,,,,,,
2026-10-05 07:11:24,7630.0,7672.0,55,142,4,20,0,0,24,0,,,,,,
2026-10-05 07:11:24,7630.0,7672.0,176,73,0,13,0,0,13,0,,,,,,
2026-10-05 07:11:24,7630.0,7672.0,6,35,0,0,0,0,0,0,,,,,,
2026-10-05 07:11:24,7630.0,7672.0,14,16,0,0,0,0,0,0,,,,,,
2026-10-05 07:11:24,7630.0,7672.0,47,150,7,1,0,0,8,0,,,,,,
2026-10-05 07:11:24,7635.0,7677.0,300,1372,0,204,0,0,204,0,,,,,,
2026-10-05 07:11:24,7635.0,7677.0,2,4,0,1,0,0,1,0,,,,,,
2026-10-05 07:11:24,7635.0,7677.0,9,6,0,0,0,0,0,0,,,,,,
2026-10-05 07:11:24,7635.0,7677.0,3,3,0,0,0,0,0,0,,,,,,
2026-10-05 07:11:24,7635.0,7677.0,0,2,0,0,0,0,0,0,,,,,,
2026-10-05 07:11:24,7635.0,7677.0,65,64,0,0,0,0,0,0,,,,,,
2026-10-05 07:11:24,7640.0,7682.0,1144,6251,6,39,0,0,45,0,,,,,,
2026-10-05 07:11:24,7640.0,7682.0,86,244,0,3,0,0,3,0,,,,,,
2026-10-05 07:11:24,7640.0,7682.0,5,215,0,13,0,0,13,0,,,,,,
2026-10-05 07:11:24,7640.0,7682.0,12,56,2,21,0,0,23,0,,,,,,
2026-10-05 07:11:24,7640.0,7682.0,32,69,0,0,0,0,0,0,,,,,,
2026-10-05 07:11:24,7640.0,7682.0,78,332,1,1,0,0,2,0,,,,,,
2026-10-05 07:11:24,7645.0,7687.0,700,1055,0,27,0,0,27,0,,,,,,
2026-10-05 07:11:24,7645.0,7687.0,3,29,0,8,0,0,8,0,,,,,,
2026-10-05 07:11:24,7645.0,7687.0,4,3,1,4,0,1,5,1,,,,,,
2026-10-05 07:11:24,7645.0,7687.0,1,0,0,0,0,0,0,0,,,,,,
2026-10-05 07:11:24,7645.0,7687.0,1,0,0,0,0,0,0,0,,,,,,
2026-10-05 07:11:24,7645.0,7687.0,16,21,0,2,0,0,2,0,,,,,,
2026-10-05 07:11:24,7650.0,7692.0,9083,17307,10,1080,0,0,1090,0,4,,2,,,
2026-10-05 07:11:24,7650.0,7692.0,224,269,0,9,0,0,9,0,,,,,,
2026-10-05 07:11:24,7650.0,7692.0,36,149,4,2,0,0,6,0,,,,,,
2026-10-05 07:11:24,7650.0,7692.0,233,377,0,1,0,0,1,0,,,,,,
2026-10-05 07:11:24,7650.0,7692.0,19,83,0,68,0,0,68,0,,,,,,
2026-10-05 07:11:24,7650.0,7692.0,565,968,3,2,0,0,5,0,,,,,,
2026-10-05 07:11:24,7655.0,7697.0,307,1578,2,44,0,0,46,0,,,,,,
2026-10-05 07:11:24,7655.0,7697.0,3,13,0,0,0,0,0,0,,,,,,
2026-10-05 07:11:24,7655.0,7697.0,0,0,0,0,0,0,0,0,,,,,,
2026-10-05 07:11:24,7655.0,7697.0,9,0,0,0,0,0,0,0,,,,,,
2026-10-05 07:11:24,7655.0,7697.0,0,0,0,0,0,0,0,0,,,,,,
2026-10-05 07:11:24,7655.0,7697.0,48,32,0,0,0,0,0,0,,,,,,
2026-10-05 07:11:24,7660.0,7702.0,790,2164,3,205,0,0,208,0,,,,,,
2026-10-05 07:11:24,7660.0,7702.0,86,80,0,3,0,0,3,0,,,,,,
2026-10-05 07:11:24,7660.0,7702.0,19,50,0,0,0,0,0,0,,,,,,
2026-10-05 07:11:24,7660.0,7702.0,5,56,0,1,0,0,1,0,,,,,,
2026-10-05 07:11:24,7660.0,7702.0,15,99,0,0,0,0,0,0,,,,,,
2026-10-05 07:11:24,7660.0,7702.0,269,286,0,10,0,0,10,0,,,,,,
2026-10-05 07:11:24,7665.0,7707.0,621,1094,10,152,0,0,162,0,,,,,,
2026-10-05 07:11:24,7665.0,7707.0,5,17,0,0,0,0,0,0,,,,,,
2026-10-05 07:11:24,7665.0,7707.0,6,6,2,0,0,0,2,0,,,,,,
2026-10-05 07:11:24,7665.0,7707.0,0,8,0,3,0,0,3,0,,,,,,
2026-10-05 07:11:24,7665.0,7707.0,0,3,0,0,0,0,0,0,,,,,,
2026-10-05 07:11:24,7665.0,7707.0,21,61,0,0,0,0,0,0,,,,,,
2026-10-05 07:11:24,7670.0,7712.0,1027,1409,10,7,0,0,17,0,,,,,,
2026-10-05 07:11:24,7670.0,7712.0,107,105,1,7,0,0,8,0,,,,,,
2026-10-05 07:11:24,7670.0,7712.0,14,59,2,0,0,0,2,0,,,,,,
2026-10-05 07:11:24,7670.0,7712.0,19,62,0,0,0,0,0,0,,,,,,
2026-10-05 07:11:24,7670.0,7712.0,20,92,0,0,0,0,0,0,,,,,,
2026-10-05 07:11:24,7670.0,7712.0,283,398,2,2,0,0,4,0,,,,,,
2026-10-05 07:11:24,7675.0,7717.0,4551,6154,7,40,0,0,47,0,,,,,,
2026-10-05 07:11:24,7675.0,7717.0,133,133,5,3,0,0,8,0,,,,,,
2026-10-05 07:11:24,7675.0,7717.0,40,108,0,2,0,0,2,0,,,,,,
2026-10-05 07:11:24,7675.0,7717.0,78,62,0,0,0,0,0,0,,,,,,
2026-10-05 07:11:24,7675.0,7717.0,26,56,0,0,0,0,0,0,,,,,,
2026-10-05 07:11:24,7675.0,7717.0,291,425,1,8,0,0,9,0,,,,,,
2026-10-05 07:11:24,7680.0,7722.0,771,1178,14,41,0,0,55,0,,,,,,
2026-10-05 07:11:24,7680.0,7722.0,75,182,7,0,0,0,7,0,,,,,,
2026-10-05 07:11:24,7680.0,7722.0,14,52,7,0,0,0,7,0,,,,,,
2026-10-05 07:11:24,7680.0,7722.0,43,42,1,11,0,0,12,0,,,,,,
2026-10-05 07:11:24,7680.0,7722.0,28,93,0,8,0,0,8,0,,,,,,
2026-10-05 07:11:24,7680.0,7722.0,125,277,0,9,0,0,9,0,,,,,,
2026-10-05 07:11:24,7685.0,7727.0,672,795,8,89,0,0,97,0,,,,,,
2026-10-05 07:11:24,7685.0,7727.0,9,24,15,0,6,0,15,6,,,,,,
2026-10-05 07:11:24,7685.0,7727.0,3,12,1,0,0,0,1,0,,,,,,
2026-10-05 07:11:24,7685.0,7727.0,10,1,0,0,0,0,0,0,,,,,,
2026-10-05 07:11:24,7685.0,7727.0,0,8,0,8,0,0,8,0,,,,,,
2026-10-05 07:11:24,7685.0,7727.0,35,102,0,88,0,0,88,0,,,,,,
2026-10-05 07:11:24,7690.0,7732.0,742,639,21,22,0,0,43,0,,,,,,
2026-10-05 07:11:24,7690.0,7732.0,60,118,13,0,0,0,13,0,,,,,,
2026-10-05 07:11:24,7690.0,7732.0,81,291,3,29,0,0,32,0,,,,,,
2026-10-05 07:11:24,7690.0,7732.0,18,170,0,2,0,0,2,0,,,,,,
2026-10-05 07:11:24,7690.0,7732.0,17,139,3,9,0,0,12,0,,,,,,
2026-10-05 07:11:24,7690.0,7732.0,214,184,0,27,0,0,27,0,,,,,,
2026-10-05 07:11:24,7695.0,7737.0,952,1218,13,17,0,0,30,0,,,,,,
2026-10-05 07:11:24,7695.0,7737.0,32,10,0,0,0,0,0,0,,,,,,
2026-10-05 07:11:24,7695.0,7737.0,7,0,0,1,0,1,1,1,,,,,,
2026-10-05 07:11:24,7695.0,7737.0,31,4,0,17,0,13,17,13,,,,,,
2026-10-05 07:11:24,7695.0,7737.0,0,10,0,0,0,0,0,0,,,,,,
2026-10-05 07:11:24,7695.0,7737.0,60,22,0,0,0,0,0,0,,,,,,
2026-10-05 07:11:24,7700.0,7742.0,21741,27626,97,848,0,0,945,0,,,4,,,
2026-10-05 07:11:24,7700.0,7742.0,145,455,7,16,0,0,23,0,,,,,,
2026-10-05 07:11:24,7700.0,7742.0,42,60,3,0,0,0,3,0,,,,,,
2026-10-05 07:11:24,7700.0,7742.0,433,708,0,1,0,0,1,0,,,,,,
2026-10-05 07:11:24,7700.0,7742.0,819,1089,0,1,0,0,1,0,,,,,,
2026-10-05 07:11:24,7700.0,7742.0,865,1489,2,1,0,0,3,0,,,,,,
2026-10-05 07:11:24,7705.0,7747.0,1184,1316,8,22,0,0,30,0,,,,,,
2026-10-05 07:11:24,7705.0,7747.0,38,17,4,3,0,0,7,0,,,,,,
2026-10-05 07:11:24,7705.0,7747.0,21,12,0,0,0,0,0,0,,,,,,
2026-10-05 07:11:24,7705.0,7747.0,0,1,0,0,0,0,0,0,,,,,,
2026-10-05 07:11:24,7705.0,7747.0,2,2,0,0,0,0,0,0,,,,,,
2026-10-05 07:11:24,7705.0,7747.0,11,76,0,0,0,0,0,0,,,,,,
2026-10-05 07:11:24,7710.0,7752.0,1574,3706,19,159,0,0,178,0,,,,,,
2026-10-05 07:11:24,7710.0,7752.0,178,89,1,2,0,0,3,0,,,,,,
2026-10-05 07:11:24,7710.0,7752.0,45,43,1,5,0,0,6,0,,,,,,
2026-10-05 07:11:24,7710.0,7752.0,62,132,2,11,0,0,13,0,,,,,,
2026-10-05 07:11:24,7710.0,7752.0,59,43,1,5,0,0,6,0,,,,,,
2026-10-05 07:11:24,7710.0,7752.0,231,224,0,10,0,0,10,0,,,,,,
2026-10-05 07:11:24,7715.0,7757.0,809,2372,1,115,0,0,116,0,,,,,,
2026-10-05 07:11:24,7715.0,7757.0,8,13,0,5,0,0,5,0,,,,,,
2026-10-05 07:11:24,7715.0,7757.0,42,19,0,1,0,0,1,0,,,,,,
2026-10-05 07:11:24,7715.0,7757.0,11,2,1,1,0,0,2,0,,,,,,
2026-10-05 07:11:24,7715.0,7757.0,1,2,0,0,0,0,0,0,,,,,,
2026-10-05 07:11:24,7715.0,7757.0,42,78,0,2,0,0,2,0,,,,,,
2026-10-05 07:11:24,7720.0,7762.0,1206,3157,20,82,0,0,102,0,,,,,,
2026-10-05 07:11:24,7720.0,7762.0,209,189,6,3,0,0,9,0,,,,,,
2026-10-05 07:11:24,7720.0,7762.0,31,164,7,17,0,0,24,0,,,,,,
2026-10-05 07:11:24,7720.0,7762.0,144,28,5,0,0,0,5,0,,,,,,
2026-10-05 07:11:24,7720.0,7762.0,26,36,0,0,0,0,0,0,,,,,,
2026-10-05 07:11:24,7720.0,7762.0,164,242,47,43,0,0,90,0,,,,,,
2026-10-05 07:11:24,7725.0,7767.0,5643,4879,83,323,0,0,406,0,,,,,,
2026-10-05 07:11:24,7725.0,7767.0,113,317,3,11,0,0,14,0,,,,,,
2026-10-05 07:11:24,7725.0,7767.0,47,138,4,0,0,0,4,0,,,,,,
2026-10-05 07:11:24,7725.0,7767.0,212,22,1,0,0,0,1,0,,,,,,
2026-10-05 07:11:24,7725.0,7767.0,62,198,1,0,0,0,1,0,,,,,,
2026-10-05 07:11:24,7725.0,7767.0,697,414,0,2,0,0,2,0,,,,,,
2026-10-05 07:11:24,7730.0,7772.0,3331,1749,34,17,0,0,51,0,,,,,,
2026-10-05 07:11:24,7730.0,7772.0,111,37,2,26,0,0,28,0,,,,,,
2026-10-05 07:11:24,7730.0,7772.0,51,228,7,14,0,0,21,0,,,,,,
2026-10-05 07:11:24,7730.0,7772.0,82,8,0,1,0,0,1,0,,,,,,
2026-10-05 07:11:24,7730.0,7772.0,41,31,2,8,0,0,10,0,,,,,,
2026-10-05 07:11:24,7730.0,7772.0,240,77,53,43,0,0,96,0,,,,,,
2026-10-05 07:11:24,7735.0,7777.0,440,315,43,45,0,0,88,0,,,,,,
2026-10-05 07:11:24,7735.0,7777.0,16,41,184,5,168,0,189,168,,,,4,1,
2026-10-05 07:11:24,7735.0,7777.0,84,10,0,283,0,273,283,273,,,,2,,2
2026-10-05 07:11:24,7735.0,7777.0,1,1,0,0,0,0,0,0,,,,,,
2026-10-05 07:11:24,7735.0,7777.0,2,24,9,0,7,0,9,7,,,,,,
2026-10-05 07:11:24,7735.0,7777.0,102,100,7,17,0,0,24,0,,,,,,
2026-10-05 07:11:24,7740.0,7782.0,1177,601,62,331,0,0,393,0,,,,,,
2026-10-05 07:11:24,7740.0,7782.0,97,218,33,10,0,0,43,0,,,,,,
2026-10-05 07:11:24,7740.0,7782.0,43,44,4,445,0,401,449,401,,,,1,,1
2026-10-05 07:11:24,7740.0,7782.0,113,10,4,0,0,0,4,0,,,,,,
2026-10-05 07:11:24,7740.0,7782.0,31,21,4,0,0,0,4,0,,,,,,
2026-10-05 07:11:24,7740.0,7782.0,145,785,6,1,0,0,7,0,,,,,,
2026-10-05 07:11:24,7745.0,7787.0,741,527,14,0,0,0,14,0,,,,,,
2026-10-05 07:11:24,7745.0,7787.0,21,11,4,0,0,0,4,0,,,,,,
2026-10-05 07:11:24,7745.0,7787.0,2,6,0,0,0,0,0,0,,,,,,
2026-10-05 07:11:24,7745.0,7787.0,1,20,1,0,0,0,1,0,,,,,,
2026-10-05 07:11:24,7745.0,7787.0,0,4,0,0,0,0,0,0,,,,,,
2026-10-05 07:11:24,7745.0,7787.0,85,119,9,0,0,0,9,0,,,,,,
2026-10-05 07:11:24,7750.0,7792.0,19063,10345,929,144,0,0,1073,0,5,3,,,,
2026-10-05 07:11:24,7750.0,7792.0,374,283,21,27,0,0,48,0,,,,,,
2026-10-05 07:11:24,7750.0,7792.0,1145,196,10,8,0,0,18,0,,,,,,
2026-10-05 07:11:24,7750.0,7792.0,66,40,5,2,0,0,7,0,,,,,,
2026-10-05 07:11:24,7750.0,7792.0,374,346,1,0,0,0,1,0,,,,,,
2026-10-05 07:11:24,7750.0,7792.0,586,538,5,0,0,0,5,0,,,,,,
2026-10-05 07:11:24,7755.0,7797.0,684,1435,7,47,0,0,54,0,,,,,,
2026-10-05 07:11:24,7755.0,7797.0,50,2,1,0,0,0,1,0,,,,,,
2026-10-05 07:11:24,7755.0,7797.0,0,0,15,0,15,0,15,15,,,,,,
2026-10-05 07:11:24,7755.0,7797.0,0,0,0,0,0,0,0,0,,,,,,
2026-10-05 07:11:24,7755.0,7797.0,0,0,0,0,0,0,0,0,,,,,,
2026-10-05 07:11:24,7755.0,7797.0,19,4,0,0,0,0,0,0,,,,,,
2026-10-05 07:11:24,7760.0,7802.0,839,1567,25,103,0,0,128,0,,,,,,
2026-10-05 07:11:24,7760.0,7802.0,79,34,4,0,0,0,4,0,,,,,,
2026-10-05 07:11:24,7760.0,7802.0,51,29,22,21,0,0,43,0,,,,,,
2026-10-05 07:11:24,7760.0,7802.0,27,8,0,0,0,0,0,0,,,,,,
2026-10-05 07:11:24,7760.0,7802.0,56,37,0,0,0,0,0,0,,,,,,
2026-10-05 07:11:24,7760.0,7802.0,114,179,0,0,0,0,0,0,,,,,,
2026-10-05 07:11:24,7765.0,7807.0,546,814,19,48,0,0,67,0,,,,,,
2026-10-05 07:11:24,7765.0,7807.0,0,0,1,0,1,0,1,1,,,,,,
2026-10-05 07:11:24,7765.0,7807.0,0,0,1,0,1,0,1,1,,,,,,
2026-10-05 07:11:24,7765.0,7807.0,0,0,0,0,0,0,0,0,,,,,,
2026-10-05 07:11:24,7765.0,7807.0,0,0,0,0,0,0,0,0,,,,,,
2026-10-05 07:11:24,7765.0,7807.0,24,98,0,0,0,0,0,0,,,,,,
2026-10-05 07:11:24,7770.0,7812.0,1168,768,47,18,0,0,65,0,,,,,,
2026-10-05 07:11:24,7770.0,7812.0,117,101,1,0,0,0,1,0,,,,,,
2026-10-05 07:11:24,7770.0,7812.0,205,8,1,0,0,0,1,0,,,,,,
2026-10-05 07:11:24,7770.0,7812.0,75,22,1,2,0,0,3,0,,,,,,
2026-10-05 07:11:24,7770.0,7812.0,60,34,0,0,0,0,0,0,,,,,,
2026-10-05 07:11:24,7770.0,7812.0,155,68,1,0,0,0,1,0,,,,,,
2026-10-05 07:11:24,7775.0,7817.0,4144,2023,46,12,0,0,58,0,,,,,,
2026-10-05 07:11:24,7775.0,7817.0,152,158,3,0,0,0,3,0,,,,,,
2026-10-05 07:11:24,7775.0,7817.0,40,25,0,0,0,0,0,0,,,,,,
2026-10-05 07:11:24,7775.0,7817.0,579,546,0,0,0,0,0,0,,,,,,
2026-10-05 07:11:24,7775.0,7817.0,154,52,0,0,0,0,0,0,,,,,,
2026-10-05 07:11:24,7775.0,7817.0,1144,377,0,2,0,0,2,0,,,,,,
2026-10-05 07:11:24,7780.0,7822.0,1173,533,2,10,0,0,12,0,,,,,,
2026-10-05 07:11:24,7780.0,7822.0,165,9,0,0,0,0,0,0,,,,,,
2026-10-05 07:11:24,7780.0,7822.0,65,21,22,0,0,0,22,0,,,,,,
2026-10-05 07:11:24,7780.0,7822.0,19,19,0,0,0,0,0,0,,,,,,
2026-10-05 07:11:24,7780.0,7822.0,10,11,0,0,0,0,0,0,,,,,,
2026-10-05 07:11:24,7780.0,7822.0,284,42,0,0,0,0,0,0,,,,,,
2026-10-05 07:11:24,7785.0,7827.0,1525,289,5,2,0,0,7,0,,,,,,
2026-10-05 07:11:24,7785.0,7827.0,0,0,0,0,0,0,0,0,,,,,,
2026-10-05 07:11:24,7785.0,7827.0,0,0,0,0,0,0,0,0,,,,,,
2026-10-05 07:11:24,7785.0,7827.0,0,0,0,0,0,0,0,0,,,,,,
2026-10-05 07:11:24,7785.0,7827.0,0,0,0,0,0,0,0,0,,,,,,
2026-10-05 07:11:24,7785.0,7827.0,65,2,0,0,0,0,0,0,,,,,,
2026-10-05 07:11:24,7790.0,7832.0,6891,371,13,0,0,0,13,0,,,,,,
2026-10-05 07:11:24,7790.0,7832.0,56,5,3,0,0,0,3,0,,,,,,
2026-10-05 07:11:24,7790.0,7832.0,27,5,2,0,0,0,2,0,,,,,,
2026-10-05 07:11:24,7790.0,7832.0,40,23,0,1,0,0,1,0,,,,,,
2026-10-05 07:11:24,7790.0,7832.0,59,7,0,0,0,0,0,0,,,,,,
2026-10-05 07:11:24,7790.0,7832.0,93,16,1,0,0,0,1,0,,,,,,
2026-10-05 07:11:24,7795.0,7837.0,553,314,6,5,0,0,11,0,,,,,,
2026-10-05 07:11:24,7795.0,7837.0,0,0,0,4,0,4,4,4,,,,,,
2026-10-05 07:11:24,7795.0,7837.0,0,0,0,0,0,0,0,0,,,,,,
2026-10-05 07:11:24,7795.0,7837.0,0,0,0,0,0,0,0,0,,,,,,
2026-10-05 07:11:24,7795.0,7837.0,0,0,0,0,0,0,0,0,,,,,,
2026-10-05 07:11:24,7795.0,7837.0,89,95,0,0,0,0,0,0,,,,,,
2026-10-05 07:11:24,7800.0,7842.0,31274,14543,299,74,0,0,373,0,,,,,,
2026-10-05 07:11:24,7800.0,7842.0,435,41,26,4,0,0,30,0,,,,,,
2026-10-05 07:11:24,7800.0,7842.0,361,3,10,1,0,0,11,0,,,,,,
2026-10-05 07:11:24,7800.0,7842.0,199,80,2,0,0,0,2,0,,,,,,
2026-10-05 07:11:24,7800.0,7842.0,2254,139,11,0,0,0,11,0,,,,,,
2026-10-05 07:11:24,7800.0,7842.0,2054,504,3,40,0,0,43,0,,,,,,
2026-10-05 07:11:24,7805.0,7847.0,791,368,14,0,0,0,14,0,,,,,,
2026-10-05 07:11:24,7805.0,7847.0,55,2,0,0,0,0,0,0,,,,,,
2026-10-05 07:11:24,7810.0,7852.0,1412,490,102,30,0,0,132,0,,,,,,
2026-10-05 07:11:24,7810.0,7852.0,52,3,4,0,0,0,4,0,,,,,,
2026-10-05 07:11:24,7810.0,7852.0,24,2,1,0,0,0,1,0,,,,,,
2026-10-05 07:11:24,7810.0,7852.0,20,16,0,7,0,0,7,0,,,,,,
2026-10-05 07:11:24,7810.0,7852.0,20,0,0,0,0,0,0,0,,,,,,
2026-10-05 07:11:24,7810.0,7852.0,2100,62,0,0,0,0,0,0,,,,,,
2026-10-05 07:11:24,7815.0,7857.0,1497,318,3,2,0,0,5,0,,,,,,
2026-10-05 07:11:24,7815.0,7857.0,23,2,0,0,0,0,0,0,,,,,,
2026-10-05 07:11:24,7820.0,7862.0,1727,312,3,6,0,0,9,0,,,,,,
2026-10-05 07:11:24,7820.0,7862.0,110,107,1,0,0,0,1,0,,,,,,
2026-10-05 07:11:24,7820.0,7862.0,34,5,6,0,0,0,6,0,,,,,,
2026-10-05 07:11:24,7820.0,7862.0,58,7,0,3,0,0,3,0,,,,,,
2026-10-05 07:11:24,7820.0,7862.0,15,2,0,0,0,0,0,0,,,,,,
2026-10-05 07:11:24,7820.0,7862.0,126,6,6,0,0,0,6,0,,,,,,
2026-10-05 07:11:24,7825.0,7867.0,5261,647,19,6,0,0,25,0,,,,,,
2026-10-05 07:11:24,7825.0,7867.0,786,19,4,0,0,0,4,0,,,,,,
2026-10-05 07:11:24,7825.0,7867.0,35,0,0,0,0,0,0,0,,,,,,
2026-10-05 07:11:24,7825.0,7867.0,79,7,1,0,0,0,1,0,,,,,,
2026-10-05 07:11:24,7825.0,7867.0,136,2,1,0,0,0,1,0,,,,,,
2026-10-05 07:11:24,7825.0,7867.0,279,11,13,0,0,0,13,0,,,,,,
2026-10-05 07:11:24,7830.0,7872.0,1423,269,315,0,0,0,315,0,,,,,,
2026-10-05 07:11:24,7830.0,7872.0,89,4,7,0,0,0,7,0,,,,,,
2026-10-05 07:11:24,7830.0,7872.0,96,1,6,7,0,6,13,6,,,,,,
2026-10-05 07:11:24,7830.0,7872.0,65,20,1,3,0,0,4,0,,,,,,
2026-10-05 07:11:24,7830.0,7872.0,52,0,0,0,0,0,0,0,,,,,,
2026-10-05 07:11:24,7830.0,7872.0,85,10,0,0,0,0,0,0,,,,,,
2026-10-05 07:11:24,7835.0,7877.0,745,88,8,0,0,0,8,0,,,,,,
2026-10-05 07:11:24,7835.0,7877.0,0,0,0,4,0,4,4,4,,,,,,
2026-10-05 07:11:24,7840.0,7882.0,534,143,22,0,0,0,22,0,,,,,,
2026-10-05 07:11:24,7840.0,7882.0,110,5,6,0,0,0,6,0,,,,,,
2026-10-05 07:11:24,7840.0,7882.0,103,9,1,7,0,0,8,0,,,,,,
2026-10-05 07:11:24,7840.0,7882.0,471,5,1,3,0,0,4,0,,,,,,
2026-10-05 07:11:24,7840.0,7882.0,12,1,0,0,0,0,0,0,,,,,,
2026-10-05 07:11:24,7840.0,7882.0,364,14,1,0,0,0,1,0,,,,,,
2026-10-05 07:11:24,7845.0,7887.0,1004,118,13,0,0,0,13,0,,,,,,
2026-10-05 07:11:24,7845.0,7887.0,0,0,10,0,10,0,10,10,,,,,,
2026-10-05 07:11:24,7850.0,7892.0,16495,1006,345,0,0,0,345,0,,5,,,,
2026-10-05 07:11:24,7850.0,7892.0,289,6,6,0,0,0,6,0,,,,,,
2026-10-05 07:11:24,7850.0,7892.0,202,5,16,6,0,1,22,1,,,,,,
2026-10-05 07:11:24,7850.0,7892.0,123,16,1,2,0,0,3,0,,,,,,
2026-10-05 07:11:24,7850.0,7892.0,510,7,1,0,0,0,1,0,,,,,,
2026-10-05 07:11:24,7850.0,7892.0,1027,89,17,0,0,0,17,0,,,,,,
2026-10-05 07:11:24,7855.0,7897.0,883,105,15,0,0,0,15,0,,,,,,
2026-10-05 07:11:24,7855.0,7897.0,0,0,5,0,5,0,5,5,,,,,,
2026-10-05 07:11:24,7860.0,7902.0,1916,254,14,0,0,0,14,0,,,,,,
2026-10-05 07:11:24,7860.0,7902.0,31,0,3,0,0,0,3,0,,,,,,
2026-10-05 07:11:24,7860.0,7902.0,47,2,0,0,0,0,0,0,,,,,,
2026-10-05 07:11:24,7860.0,7902.0,24,0,0,0,0,0,0,0,,,,,,
2026-10-05 07:11:24,7860.0,7902.0,61,0,0,0,0,0,0,0,,,,,,
2026-10-05 07:11:24,7860.0,7902.0,242,13,1,0,0,0,1,0,,,,,,
2026-10-05 07:11:24,7865.0,7907.0,1395,90,0,0,0,0,0,0,,,,,,
2026-10-05 07:11:24,7865.0,7907.0,0,0,0,0,0,0,0,0,,,,,,
2026-10-05 07:11:24,7870.0,7912.0,6152,66,45,0,0,0,45,0,,,,,,
2026-10-05 07:11:24,7870.0,7912.0,57,0,3,0,0,0,3,0,,,,,,
2026-10-05 07:11:24,7870.0,7912.0,25,3,0,0,0,0,0,0,,,,,,
2026-10-05 07:11:24,7870.0,7912.0,11,0,0,0,0,0,0,0,,,,,,
2026-10-05 07:11:24,7870.0,7912.0,14,0,0,0,0,0,0,0,,,,,,
2026-10-05 07:11:24,7870.0,7912.0,251,18,1,0,0,0,1,0,,,,,,
2026-10-05 07:11:24,7875.0,7917.0,6796,280,291,0,0,0,291,0,,,,,,
2026-10-05 07:11:24,7875.0,7917.0,152,1,10,0,0,0,10,0,,,,,,
2026-10-05 07:11:24,7875.0,7917.0,136,4,2,0,0,0,2,0,,,,,,
2026-10-05 07:11:24,7875.0,7917.0,1385,0,0,0,0,0,0,0,,,,,,
2026-10-05 07:11:24,7875.0,7917.0,156,10,0,0,0,0,0,0,,,,,,
2026-10-05 07:11:24,7875.0,7917.0,790,26,2,0,0,0,2,0,,,,,,
2026-10-05 07:11:24,7880.0,7922.0,1071,113,4,0,0,0,4,0,,,,,,
2026-10-05 07:11:24,7880.0,7922.0,60,0,2,0,0,0,2,0,,,,,,
2026-10-05 07:11:24,7880.0,7922.0,27,0,1,0,0,0,1,0,,,,,,
2026-10-05 07:11:24,7880.0,7922.0,17,0,0,0,0,0,0,0,,,,,,
2026-10-05 07:11:24,7880.0,7922.0,17,0,2,0,0,0,2,0,,,,,,
2026-10-05 07:11:24,7880.0,7922.0,216,65,7,0,0,0,7,0,,,,,,
2026-10-05 07:11:24,7885.0,7927.0,297,37,4,0,0,0,4,0,,,,,,
2026-10-05 07:11:24,7890.0,7932.0,1216,246,41,0,0,0,41,0,,,,,,
2026-10-05 07:11:24,7890.0,7932.0,11,0,1,0,0,0,1,0,,,,,,
2026-10-05 07:11:24,7890.0,7932.0,12,0,2,0,0,0,2,0,,,,,,
2026-10-05 07:11:24,7890.0,7932.0,9,0,0,0,0,0,0,0,,,,,,
2026-10-05 07:11:24,7890.0,7932.0,38,0,0,0,0,0,0,0,,,,,,
2026-10-05 07:11:24,7890.0,7932.0,673,25,1,0,0,0,1,0,,,,,,
2026-10-05 07:11:24,7895.0,7937.0,1928,18,41,0,0,0,41,0,,,,,,
2026-10-05 07:11:24,7900.0,7942.0,22551,853,71,4,0,0,75,0,,,,,,
2026-10-05 07:11:24,7900.0,7942.0,357,0,16,0,0,0,16,0,,,,,,
2026-10-05 07:11:24,7900.0,7942.0,119,1,4,0,0,0,4,0,,,,,,
2026-10-05 07:11:24,7900.0,7942.0,161,5,0,0,0,0,0,0,,,,,,
2026-10-05 07:11:24,7900.0,7942.0,191,0,1,0,0,0,1,0,,,,,,
2026-10-05 07:11:24,7900.0,7942.0,3921,254,5,0,0,0,5,0,,,,,,
2026-10-05 07:11:24,7905.0,7947.0,642,73,5,0,0,0,5,0,,,,,,
2026-10-05 07:11:24,7910.0,7952.0,1221,65,13,0,0,0,13,0,,,,,,
2026-10-05 07:11:24,7910.0,7952.0,97,0,8,0,0,0,8,0,,,,,,
2026-10-05 07:11:24,7910.0,7952.0,68,0,0,0,0,0,0,0,,,,,,
2026-10-05 07:11:24,7910.0,7952.0,0,0,0,0,0,0,0,0,,,,,,
2026-10-05 07:11:24,7910.0,7952.0,0,0,0,0,0,0,0,0,,,,,,
2026-10-05 07:11:24,7910.0,7952.0,87,0,1,0,0,0,1,0,,,,,,
2026-10-05 07:11:24,7915.0,7957.0,1070,35,8,0,0,0,8,0,,,,,,
2026-10-05 07:11:24,7920.0,7962.0,1866,79,42,0,0,0,42,0,,,,,,
2026-10-05 07:11:24,7920.0,7962.0,150,1,7,0,0,0,7,0,,,,,,
2026-10-05 07:11:24,7920.0,7962.0,44,0,2,0,0,0,2,0,,,,,,
2026-10-05 07:11:24,7920.0,7962.0,197,1,2,0,0,0,2,0,,,,,,
2026-10-05 07:11:24,7925.0,7967.0,5979,68,12,0,0,0,12,0,,,,,,
2026-10-05 07:11:24,7925.0,7967.0,151,0,41,0,0,0,41,0,,,,,,
2026-10-05 07:11:24,7925.0,7967.0,103,0,2,0,0,0,2,0,,,,,,
2026-10-05 07:11:24,7925.0,7967.0,113,1,0,0,0,0,0,0,,,,,,
2026-10-05 07:11:24,7925.0,7967.0,231,0,1,0,0,0,1,0,,,,,,
2026-10-05 07:11:24,7925.0,7967.0,673,1,11,0,0,0,11,0,,,,,,
2026-10-05 07:11:24,7930.0,7972.0,1985,20,66,0,0,0,66,0,,,,,,
2026-10-05 07:11:24,7930.0,7972.0,118,1,9,0,0,0,9,0,,,,,,
2026-10-05 07:11:24,7935.0,7977.0,565,58,0,0,0,0,0,0,,,,,,
2026-10-05 07:11:24,7940.0,7982.0,764,68,26,0,0,0,26,0,,,,,,
2026-10-05 07:11:24,7940.0,7982.0,326,0,5,0,0,0,5,0,,,,,,
2026-10-05 07:11:24,7945.0,7987.0,681,26,2,0,0,0,2,0,,,,,,
2026-10-05 07:11:24,7950.0,7992.0,16354,88,73,0,0,0,73,0,,,,,,
2026-10-05 07:11:24,7950.0,7992.0,293,0,72,0,0,0,72,0,,,,,,
2026-10-05 07:11:24,7950.0,7992.0,112,0,6,0,0,0,6,0,,,,,,
2026-10-05 07:11:24,7950.0,7992.0,217,0,15,0,0,0,15,0,,,,,,
2026-10-05 07:11:24,7950.0,7992.0,48,0,3,0,0,0,3,0,,,,,,
2026-10-05 07:11:24,7950.0,7992.0,1925,5,4,0,0,0,4,0,,,,,,
2026-10-05 07:11:24,7955.0,7997.0,2647,44,5,0,0,0,5,0,,,,,,
2026-10-05 07:11:24,7960.0,8002.0,1023,29,81,0,0,0,81,0,,,,,,
2026-10-05 07:11:24,7960.0,8002.0,184,1,0,0,0,0,0,0,,,,,,
2026-10-05 07:11:24,7965.0,8007.0,1038,9,1,0,0,0,1,0,,,,,,
2026-10-05 07:11:24,7970.0,8012.0,2348,12,150,0,0,0,150,0,,,,,,
2026-10-05 07:11:24,7970.0,8012.0,624,0,3,0,0,0,3,0,,,,,,
2026-10-05 07:11:24,7975.0,8017.0,4296,73,392,0,0,0,392,0,,4,,,,
2026-10-05 07:11:24,7975.0,8017.0,629,1,35,0,0,0,35,0,,,,,,
2026-10-05 07:11:24,7975.0,8017.0,151,0,0,0,0,0,0,0,,,,,,
2026-10-05 07:11:24,7975.0,8017.0,102,0,17,0,0,0,17,0,,,,,,
2026-10-05 07:11:24,7975.0,8017.0,202,0,3,0,0,0,3,0,,,,,,
2026-10-05 07:11:24,7975.0,8017.0,682,1,4,0,0,0,4,0,,,,,,
2026-10-05 07:11:24,7980.0,8022.0,1812,32,16,0,0,0,16,0,,,,,,
2026-10-05 07:11:24,7980.0,8022.0,219,0,4,0,0,0,4,0,,,,,,
2026-10-05 07:11:24,7985.0,8027.0,951,3,6,0,0,0,6,0,,,,,,
2026-10-05 07:11:24,7990.0,8032.0,2378,64,10,0,0,0,10,0,,,,,,
2026-10-05 07:11:24,7990.0,8032.0,134,2,4,0,0,0,4,0,,,,,,
2026-10-05 07:11:24,7995.0,8037.0,172,8,14,0,0,0,14,0,,,,,,
2026-10-05 07:11:24,8000.0,8042.0,216171,201446,2046,0,0,0,2046,0,2,2,,,,
2026-10-05 07:11:24,8000.0,8042.0,491,3,68,0,0,0,68,0,,,,,,
2026-10-05 07:11:24,8000.0,8042.0,433,0,27,0,0,0,27,0,,,,,,
2026-10-05 07:11:24,8000.0,8042.0,1542,0,2,0,0,0,2,0,,,,,,
2026-10-05 07:11:24,8000.0,8042.0,247,0,6,0,0,0,6,0,,,,,,
2026-10-05 07:11:24,8000.0,8042.0,1895,1,33,0,0,0,33,0,,,,,,
2026-10-05 07:11:24,8005.0,8047.0,205,0,1,0,0,0,1,0,,,,,,
2026-10-05 07:11:24,8010.0,8052.0,1565,31,1,0,0,0,1,0,,,,,,
2026-10-05 07:11:24,8010.0,8052.0,53,0,1,0,0,0,1,0,,,,,,
2026-10-05 07:11:24,8015.0,8057.0,110,12,5,0,0,0,5,0,,,,,,
2026-10-05 07:11:24,8020.0,8062.0,1651,24,17,0,0,0,17,0,,,,,,
2026-10-05 07:11:24,8020.0,8062.0,31,0,20,0,0,0,20,0,,,,,,
2026-10-05 07:11:24,8025.0,8067.0,2786,66,16,0,0,0,16,0,,,,,,
2026-10-05 07:11:24,8025.0,8067.0,395,0,25,0,0,0,25,0,,,,,,
2026-10-05 07:11:24,8025.0,8067.0,303,0,0,0,0,0,0,0,,,,,,
2026-10-05 07:11:24,8025.0,8067.0,360,0,2,0,0,0,2,0,,,,,,
2026-10-05 07:11:24,8025.0,8067.0,92,0,4,0,0,0,4,0,,,,,,
2026-10-05 07:11:24,8025.0,8067.0,645,1,8,0,0,0,8,0,,,,,,
2026-10-05 07:11:24,8030.0,8072.0,2001,45,12,0,0,0,12,0,,,,,,
2026-10-05 07:11:24,8030.0,8072.0,111,0,22,0,0,0,22,0,,,,,,
2026-10-05 07:11:24,8035.0,8077.0,329,0,2,0,0,0,2,0,,,,,,
2026-10-05 07:11:24,8040.0,8082.0,1214,15,69,0,0,0,69,0,,,,,,
2026-10-05 07:11:24,8040.0,8082.0,192,0,0,0,0,0,0,0,,,,,,
2026-10-05 07:11:24,8045.0,8087.0,147,1,4,0,0,0,4,0,,,,,,
2026-10-05 07:11:24,8050.0,8092.0,14983,27,72,0,0,0,72,0,,,,,,
2026-10-05 07:11:24,8050.0,8092.0,777,0,10,0,0,0,10,0,,,,,,
2026-10-05 07:11:24,8050.0,8092.0,142,0,5,0,0,0,5,0,,,,,,
2026-10-05 07:11:24,8050.0,8092.0,432,0,0,0,0,0,0,0,,,,,,
2026-10-05 07:11:24,8050.0,8092.0,313,0,0,0,0,0,0,0,,,,,,
2026-10-05 07:11:24,8050.0,8092.0,733,1,2,0,0,0,2,0,,,,,,
2026-10-05 07:11:24,8055.0,8097.0,519,0,155,0,0,0,155,0,,,,,,
2026-10-05 07:11:24,8060.0,8102.0,1030,26,5,0,0,0,5,0,,,,,,
2026-10-05 07:11:24,8060.0,8102.0,0,0,0,0,0,0,0,0,,,,,,
2026-10-05 07:11:24,8065.0,8107.0,113,0,0,0,0,0,0,0,,,,,,
2026-10-05 07:11:24,8070.0,8112.0,1318,1,0,0,0,0,0,0,,,,,,
2026-10-05 07:11:24,8070.0,8112.0,0,0,0,0,0,0,0,0,,,,,,
2026-10-05 07:11:24,8075.0,8117.0,6905,23,5,0,0,0,5,0,,,,,,
2026-10-05 07:11:24,8075.0,8117.0,170,2,0,0,0,0,0,0,,,,,,
2026-10-05 07:11:24,8075.0,8117.0,86,0,0,0,0,0,0,0,,,,,,
2026-10-05 07:11:24,8075.0,8117.0,248,0,2,0,0,0,2,0,,,,,,
2026-10-05 07:11:24,8075.0,8117.0,51,0,0,0,0,0,0,0,,,,,,
2026-10-05 07:11:24,8075.0,8117.0,341,2,1,0,0,0,1,0,,,,,,
2026-10-05 07:11:24,8080.0,8122.0,1447,7,0,0,0,0,0,0,,,,,,
2026-10-05 07:11:24,8080.0,8122.0,0,0,25,0,25,0,25,25,,,,,4,
2026-10-05 07:11:24,8085.0,8127.0,48,0,1,0,0,0,1,0,,,,,,
2026-10-05 07:11:24,8090.0,8132.0,1202,6,0,0,0,0,0,0,,,,,,
2026-10-05 07:11:24,8090.0,8132.0,0,0,25,0,25,0,25,25,,,,,5,
2026-10-05 07:11:24,8095.0,8137.0,51,0,0,0,0,0,0,0,,,,,,
2026-10-05 07:11:24,8100.0,8142.0,10612,804,39,0,0,0,39,0,,,,,,
2026-10-05 07:11:24,8100.0,8142.0,145,2,0,0,0,0,0,0,,,,,,
2026-10-05 07:11:24,8100.0,8142.0,42,1,6,0,0,0,6,0,,,,,,
2026-10-05 07:11:24,8100.0,8142.0,122,0,0,0,0,0,0,0,,,,,,
2026-10-05 07:11:24,8100.0,8142.0,296,0,4,0,0,0,4,0,,,,,,
2026-10-05 07:11:24,8100.0,8142.0,652,6,3,0,0,0,3,0,,,,,,
2026-10-05 07:11:24,8105.0,8147.0,560,0,0,0,0,0,0,0,,,,,,
2026-10-05 07:11:24,8110.0,8152.0,1067,2,0,0,0,0,0,0,,,,,,
2026-10-05 07:11:24,8115.0,8157.0,31,0,0,0,0,0,0,0,,,,,,
2026-10-05 07:11:24,8120.0,8162.0,630,4,0,0,0,0,0,0,,,,,,
2026-10-05 07:11:24,8125.0,8167.0,5940,2,0,0,0,0,0,0,,,,,,
2026-10-05 07:11:24,8125.0,8167.0,21,0,1,0,0,0,1,0,,,,,,
2026-10-05 07:11:24,8125.0,8167.0,12,0,0,0,0,0,0,0,,,,,,
2026-10-05 07:11:24,8125.0,8167.0,32,0,0,0,0,0,0,0,,,,,,
2026-10-05 07:11:24,8125.0,8167.0,36,0,0,0,0,0,0,0,,,,,,
2026-10-05 07:11:24,8125.0,8167.0,884,6,0,0,0,0,0,0,,,,,,
2026-10-05 07:11:24,8130.0,8172.0,698,3,0,0,0,0,0,0,,,,,,
2026-10-05 07:11:24,8135.0,8177.0,92,0,1,0,0,0,1,0,,,,,,
2026-10-05 07:11:24,8140.0,8182.0,625,3,1,0,0,0,1,0,,,,,,
2026-10-05 07:11:24,8145.0,8187.0,256,0,5,0,0,0,5,0,,,,,,
2026-10-05 07:11:24,8150.0,8192.0,9612,27,0,0,0,0,0,0,,,,,,
2026-10-05 07:11:24,8150.0,8192.0,126,0,30,0,0,0,30,0,,,,,,
2026-10-05 07:11:24,8150.0,8192.0,17,0,0,0,0,0,0,0,,,,,,
2026-10-05 07:11:24,8150.0,8192.0,67,0,0,0,0,0,0,0,,,,,,
2026-10-05 07:11:24,8150.0,8192.0,38,0,1,0,0,0,1,0,,,,,,
2026-10-05 07:11:24,8150.0,8192.0,481,1,1,0,0,0,1,0,,,,,,
2026-10-05 07:11:24,8155.0,8197.0,229,0,0,0,0,0,0,0,,,,,,
2026-10-05 07:11:24,8160.0,8202.0,699,2,1,0,0,0,1,0,,,,,,
2026-10-05 07:11:24,8170.0,8212.0,1858,2,0,0,0,0,0,0,,,,,,
2026-10-05 07:11:24,8175.0,8217.0,1684,13,32,0,0,0,32,0,,,,,,
2026-10-05 07:11:24,8175.0,8217.0,12,1,11,0,0,0,11,0,,,,,,
2026-10-05 07:11:24,8175.0,8217.0,7,0,0,0,0,0,0,0,,,,,,
2026-10-05 07:11:24,8175.0,8217.0,129,0,0,0,0,0,0,0,,,,,,
2026-10-05 07:11:24,8175.0,8217.0,38,0,1,0,0,0,1,0,,,,,,
2026-10-05 07:11:24,8175.0,8217.0,185,1,0,0,0,0,0,0,,,,,,
2026-10-05 07:11:24,8180.0,8222.0,451,0,0,0,0,0,0,0,,,,,,
2026-10-05 07:11:24,8190.0,8232.0,410,2,0,0,0,0,0,0,,,,,,
2026-10-05 07:11:24,8200.0,8242.0,20172,16,5951,0,0,0,5951,0,1,1,,,,
2026-10-05 07:11:24,8200.0,8242.0,58,0,0,0,0,0,0,0,,,,,,
2026-10-05 07:11:24,8200.0,8242.0,78,0,5,0,0,0,5,0,,,,,,
2026-10-05 07:11:24,8200.0,8242.0,40,0,0,0,0,0,0,0,,,,,,
2026-10-05 07:11:24,8200.0,8242.0,33,0,0,0,0,0,0,0,,,,,,
2026-10-05 07:11:24,8200.0,8242.0,229,0,3,0,0,0,3,0,,,,,,
2026-10-05 07:11:24,8210.0,8252.0,683,0,0,0,0,0,0,0,,,,,,
2026-10-05 07:11:24,8220.0,8262.0,334,1,5,0,0,0,5,0,,,,,,
2026-10-05 07:11:24,8225.0,8267.0,1342,1,0,0,0,0,0,0,,,,,,
2026-10-05 07:11:24,8225.0,8267.0,0,0,0,0,0,0,0,0,,,,,,
2026-10-05 07:11:24,8225.0,8267.0,4,0,0,0,0,0,0,0,,,,,,
2026-10-05 07:11:24,8225.0,8267.0,0,0,0,0,0,0,0,0,,,,,,
2026-10-05 07:11:24,8225.0,8267.0,9,0,0,0,0,0,0,0,,,,,,
2026-10-05 07:11:24,8225.0,8267.0,111,0,0,0,0,0,0,0,,,,,,
2026-10-05 07:11:24,8230.0,8272.0,424,4,0,0,0,0,0,0,,,,,,
2026-10-05 07:11:24,8240.0,8282.0,1870,0,0,0,0,0,0,0,,,,,,
2026-10-05 07:11:24,8250.0,8292.0,7961,3362,0,0,0,0,0,0,,,,,,
2026-10-05 07:11:24,8250.0,8292.0,16,0,0,0,0,0,0,0,,,,,,
2026-10-05 07:11:24,8250.0,8292.0,59,0,0,0,0,0,0,0,,,,,,
2026-10-05 07:11:24,8250.0,8292.0,2,0,50,0,48,0,50,48,,,,,3,
2026-10-05 07:11:24,8250.0,8292.0,11,0,0,0,0,0,0,0,,,,,,
2026-10-05 07:11:24,8250.0,8292.0,935,1,0,0,0,0,0,0,,,,,,
2026-10-05 07:11:24,8260.0,8302.0,404,7,0,0,0,0,0,0,,,,,,
2026-10-05 07:11:24,8270.0,8312.0,473,3,0,0,0,0,0,0,,,,,,
2026-10-05 07:11:24,8275.0,8317.0,2723,3,0,0,0,0,0,0,,,,,,
2026-10-05 07:11:24,8275.0,8317.0,0,0,0,0,0,0,0,0,,,,,,
2026-10-05 07:11:24,8275.0,8317.0,1,0,100,0,99,0,100,99,,,,5,2,
2026-10-05 07:11:24,8275.0,8317.0,0,0,0,0,0,0,0,0,,,,,,
2026-10-05 07:11:24,8275.0,8317.0,17,0,0,0,0,0,0,0,,,,,,
2026-10-05 07:11:24,8275.0,8317.0,13,0,0,0,0,0,0,0,,,,,,
2026-10-05 07:11:24,8280.0,8322.0,914,11,0,0,0,0,0,0,,,,,,
2026-10-05 07:11:24,8290.0,8332.0,394,12,0,0,0,0,0,0,,,,,,
2026-10-05 07:11:24,8300.0,8342.0,13636,15,2,0,0,0,2,0,,,,,,
2026-10-05 07:11:24,8300.0,8342.0,36,0,0,0,0,0,0,0,,,,,,
2026-10-05 07:11:24,8300.0,8342.0,19,0,0,0,0,0,0,0,,,,,,
2026-10-05 07:11:24,8300.0,8342.0,83,0,0,0,0,0,0,0,,,,,,
2026-10-05 07:11:24,8300.0,8342.0,40,0,0,0,0,0,0,0,,,,,,
2026-10-05 07:11:24,8300.0,8342.0,174,1,3,0,0,0,3,0,,,,,,
2026-10-05 07:11:24,8310.0,8352.0,857,19,0,0,0,0,0,0,,,,,,
2026-10-05 07:11:24,8320.0,8362.0,218,3,0,0,0,0,0,0,,,,,,
2026-10-05 07:11:24,8325.0,8367.0,1270,9,0,0,0,0,0,0,,,,,,
2026-10-05 07:11:24,8325.0,8367.0,2,0,0,0,0,0,0,0,,,,,,
2026-10-05 07:11:24,8330.0,8372.0,450,15,0,0,0,0,0,0,,,,,,
2026-10-05 07:11:24,8340.0,8382.0,281,18,0,0,0,0,0,0,,,,,,
2026-10-05 07:11:24,8350.0,8392.0,3420,219,0,0,0,0,0,0,,,,,,
2026-10-05 07:11:24,8350.0,8392.0,192,0,0,0,0,0,0,0,,,,,,
2026-10-05 07:11:24,8360.0,8402.0,697,16,0,0,0,0,0,0,,,,,,
2026-10-05 07:11:24,8370.0,8412.0,264,23,0,0,0,0,0,0,,,,,,
2026-10-05 07:11:24,8375.0,8417.0,1158,9,0,0,0,0,0,0,,,,,,
2026-10-05 07:11:24,8375.0,8417.0,0,0,0,0,0,0,0,0,,,,,,
2026-10-05 07:11:24,8380.0,8422.0,444,0,0,0,0,0,0,0,,,,,,
2026-10-05 07:11:24,8390.0,8432.0,1,0,0,0,0,0,0,0,,,,,,
2026-10-05 07:11:24,8400.0,8442.0,6283,21,1,0,0,0,1,0,,,,,,
2026-10-05 07:11:24,8400.0,8442.0,49,0,0,0,0,0,0,0,,,,,,
2026-10-05 07:11:24,8400.0,8442.0,25,0,0,0,0,0,0,0,,,,,,
2026-10-05 07:11:24,8400.0,8442.0,55,0,0,0,0,0,0,0,,,,,,
2026-10-05 07:11:24,8400.0,8442.0,12,0,0,0,0,0,0,0,,,,,,
2026-10-05 07:11:24,8400.0,8442.0,125,0,0,0,0,0,0,0,,,,,,
2026-10-05 07:11:24,8410.0,8452.0,246,0,0,0,0,0,0,0,,,,,,
2026-10-05 07:11:24,8420.0,8462.0,48,0,0,0,0,0,0,0,,,,,,
2026-10-05 07:11:24,8425.0,8467.0,827,5,0,0,0,0,0,0,,,,,,
2026-10-05 07:11:24,8430.0,8472.0,10,0,0,0,0,0,0,0,,,,,,
2026-10-05 07:11:24,8440.0,8482.0,27,0,0,0,0,0,0,0,,,,,,
2026-10-05 07:11:24,8450.0,8492.0,3242,9,2,0,0,0,2,0,,,,,,
2026-10-05 07:11:24,8450.0,8492.0,2,0,0,0,0,0,0,0,,,,,,
2026-10-05 07:11:24,8460.0,8502.0,0,0,0,0,0,0,0,0,,,,,,
2026-10-05 07:11:24,8470.0,8512.0,10,0,0,0,0,0,0,0,,,,,,
2026-10-05 07:11:24,8475.0,8517.0,3083,0,0,0,0,0,0,0,,,,,,
2026-10-05 07:11:24,8480.0,8522.0,0,0,0,0,0,0,0,0,,,,,,
2026-10-05 07:11:24,8490.0,8532.0,750,0,0,0,0,0,0,0,,,,,,
2026-10-05 07:11:24,8500.0,8542.0,8361,251,0,0,0,0,0,0,,,,,,
2026-10-05 07:11:24,8500.0,8542.0,0,0,0,0,0,0,0,0,,,,,,
2026-10-05 07:11:24,8500.0,8542.0,0,0,0,0,0,0,0,0,,,,,,
2026-10-05 07:11:24,8500.0,8542.0,5,0,0,0,0,0,0,0,,,,,,
2026-10-05 07:11:24,8500.0,8542.0,9,0,0,0,0,0,0,0,,,,,,
2026-10-05 07:11:24,8500.0,8542.0,1200,0,0,0,0,0,0,0,,,,,,
2026-10-05 07:11:24,8510.0,8552.0,1,0,0,0,0,0,0,0,,,,,,
2026-10-05 07:11:24,8520.0,8562.0,5,0,0,0,0,0,0,0,,,,,,
2026-10-05 07:11:24,8525.0,8567.0,828,18,0,0,0,0,0,0,,,,,,
2026-10-05 07:11:24,8530.0,8572.0,93,0,0,0,0,0,0,0,,,,,,
2026-10-05 07:11:24,8540.0,8582.0,5,0,0,0,0,0,0,0,,,,,,
2026-10-05 07:11:24,8550.0,8592.0,2633,18,0,0,0,0,0,0,,,,,,
2026-10-05 07:11:24,8575.0,8617.0,2424,6,0,0,0,0,0,0,,,,,,
2026-10-05 07:11:24,8600.0,8642.0,4525,22,0,0,0,0,0,0,,,,,,
2026-10-05 07:11:24,8600.0,8642.0,41,0,0,0,0,0,0,0,,,,,,
2026-10-05 07:11:24,8600.0,8642.0,8,0,0,0,0,0,0,0,,,,,,
2026-10-05 07:11:24,8600.0,8642.0,35,0,0,0,0,0,0,0,,,,,,
2026-10-05 07:11:24,8600.0,8642.0,0,0,0,0,0,0,0,0,,,,,,
2026-10-05 07:11:24,8600.0,8642.0,918,0,0,0,0,0,0,0,,,,,,
2026-10-05 07:11:24,8625.0,8667.0,2271,1,0,0,0,0,0,0,,,,,,
2026-10-05 07:11:24,8650.0,8692.0,5321,2,0,0,0,0,0,0,,,,,,
2026-10-05 07:11:24,8675.0,8717.0,2090,0,0,0,0,0,0,0,,,,,,
2026-10-05 07:11:24,8700.0,8742.0,3045,1,0,0,0,0,0,0,,,,,,
2026-10-05 07:11:24,8700.0,8742.0,21,0,0,0,0,0,0,0,,,,,,
2026-10-05 07:11:24,8725.0,8767.0,1520,0,0,0,0,0,0,0,,,,,,
2026-10-05 07:11:24,8750.0,8792.0,2197,14,0,0,0,0,0,0,,,,,,
2026-10-05 07:11:24,8775.0,8817.0,121,11,0,0,0,0,0,0,,,,,,
2026-10-05 07:11:24,8800.0,8842.0,5496,4,0,0,0,0,0,0,,,,,,
2026-10-05 07:11:24,8800.0,8842.0,34,0,0,0,0,0,0,0,,,,,,
2026-10-05 07:11:24,8800.0,8842.0,1,0,0,0,0,0,0,0,,,,,,
2026-10-05 07:11:24,8800.0,8842.0,1,0,0,0,0,0,0,0,,,,,,
2026-10-05 07:11:24,8800.0,8842.0,10,0,0,0,0,0,0,0,,,,,,
2026-10-05 07:11:24,8800.0,8842.0,55,0,0,0,0,0,0,0,,,,,,
2026-10-05 07:11:24,8850.0,8892.0,765,17,0,0,0,0,0,0,,,,,,
2026-10-05 07:11:24,8900.0,8942.0,2909,19,0,0,0,0,0,0,,,,,,
2026-10-05 07:11:24,9000.0,9042.0,10947,218,0,0,0,0,0,0,,,,,,
2026-10-05 07:11:24,9000.0,9042.0,22,0,0,0,0,0,0,0,,,,,,
2026-10-05 07:11:24,9000.0,9042.0,0,0,0,0,0,0,0,0,,,,,,
2026-10-05 07:11:24,9000.0,9042.0,5,0,0,0,0,0,0,0,,,,,,
2026-10-05 07:11:24,9000.0,9042.0,3,0,0,0,0,0,0,0,,,,,,
2026-10-05 07:11:24,9000.0,9042.0,24,0,0,0,0,0,0,0,,,,,,
2026-10-05 07:11:24,9100.0,9142.0,5869,0,0,0,0,0,0,0,,,,,,
2026-10-05 07:11:24,9200.0,9242.0,4045,8,0,0,0,0,0,0,,,,,,
2026-10-05 07:11:24,9200.0,9242.0,11,0,0,0,0,0,0,0,,,,,,
2026-10-05 07:11:24,9200.0,9242.0,0,0,0,0,0,0,0,0,,,,,,
2026-10-05 07:11:24,9200.0,9242.0,1,0,0,0,0,0,0,0,,,,,,
2026-10-05 07:11:24,9200.0,9242.0,2,0,0,0,0,0,0,0,,,,,,
2026-10-05 07:11:24,9200.0,9242.0,0,0,0,0,0,0,0,0,,,,,,
2026-10-05 07:11:27,6250.0,6292.0,0,57793,0,4,0,0,4,0,,,,,,
2026-10-05 07:11:27,6250.0,6292.0,0,466,0,0,0,0,0,0,,,,,,
2026-10-05 07:11:27,6250.0,6292.0,0,285,0,0,0,0,0,0,,,,,,
2026-10-05 07:11:27,6260.0,6302.0,0,101,0,0,0,0,0,0,,,,,,
2026-10-05 07:11:27,6270.0,6312.0,0,46,0,0,0,0,0,0,,,,,,
2026-10-05 07:11:27,6275.0,6317.0,0,2098,0,0,0,0,0,0,,,,,,
2026-10-05 07:11:27,6280.0,6322.0,0,83,0,0,0,0,0,0,,,,,,
2026-10-05 07:11:27,6290.0,6332.0,0,41,0,2,0,0,2,0,,,,,,
2026-10-05 07:11:27,6300.0,6342.0,0,71,0,0,0,0,0,0,,,,,,
2026-10-05 07:11:27,6300.0,6342.0,0,123,0,1,0,0,1,0,,,,,,
2026-10-05 07:11:27,6300.0,6342.0,1,10,0,0,0,0,0,0,,,,,,
2026-10-05 07:11:27,6300.0,6342.0,0,30,0,0,0,0,0,0,,,,,,
2026-10-05 07:11:27,6300.0,6342.0,13,6332,0,0,0,0,0,0,,,,,,
2026-10-05 07:11:27,6300.0,6342.0,0,119,0,0,0,0,0,0,,,,,,
2026-10-05 07:11:27,6300.0,6342.0,0,269,0,0,0,0,0,0,,,,,,
2026-10-05 07:11:27,6300.0,6342.0,0,71,0,0,0,0,0,0,,,,,,
2026-10-05 07:11:27,6300.0,6342.0,0,23,0,0,0,0,0,0,,,,,,
2026-10-05 07:11:27,6300.0,6342.0,0,840,0,0,0,0,0,0,,,,,,
2026-10-05 07:11:27,6300.0,6342.0,0,3,0,0,0,0,0,0,,,,,,
2026-10-05 07:11:27,6300.0,6342.0,0,1,0,0,0,0,0,0,,,,,,
2026-10-05 07:11:27,6300.0,6342.0,0,0,0,0,0,0,0,0,,,,,,
2026-10-05 07:11:27,6300.0,6342.0,0,59645,0,0,0,0,0,0,,,,,,
2026-10-05 07:11:27,6310.0,6352.0,0,15,0,0,0,0,0,0,,,,,,
2026-10-05 07:11:27,6320.0,6362.0,0,46,0,0,0,0,0,0,,,,,,
2026-10-05 07:11:27,6325.0,6367.0,0,224,0,6,0,0,6,0,,,,,,
2026-10-05 07:11:27,6330.0,6372.0,0,12,0,0,0,0,0,0,,,,,,
2026-10-05 07:11:27,6340.0,6382.0,0,85,0,0,0,0,0,0,,,,,,
2026-10-05 07:11:27,6350.0,6392.0,108,533,0,0,0,0,0,0,,,,,,
2026-10-05 07:11:27,6350.0,6392.0,0,59666,0,0,0,0,0,0,,,,,,
2026-10-05 07:11:27,6350.0,6392.0,0,2624,0,0,0,0,0,0,,,,,,
2026-10-05 07:11:27,6360.0,6402.0,5,104,0,0,0,0,0,0,,,,,,
2026-10-05 07:11:27,6370.0,6412.0,0,37,0,0,0,0,0,0,,,,,,
2026-10-05 07:11:27,6375.0,6417.0,3,45,0,0,0,0,0,0,,,,,,
2026-10-05 07:11:27,6380.0,6422.0,1,42,0,1,0,0,1,0,,,,,,
2026-10-05 07:11:27,6390.0,6432.0,0,12,0,1,0,0,1,0,,,,,,
2026-10-05 07:11:27,6400.0,6442.0,0,64,0,0,0,0,0,0,,,,,,
2026-10-05 07:11:27,6400.0,6442.0,0,170,0,0,0,0,0,0,,,,,,
2026-10-05 07:11:27,6400.0,6442.0,1,175,0,10,0,0,10,0,,,,,,
2026-10-05 07:11:27,6400.0,6442.0,0,113,0,0,0,0,0,0,,,,,,
2026-10-05 07:11:27,6400.0,6442.0,1,3191,0,2,0,0,2,0,,,,,,
2026-10-05 07:11:27,6400.0,6442.0,0,106,0,0,0,0,0,0,,,,,,
2026-10-05 07:11:27,6400.0,6442.0,0,157,0,0,0,0,0,0,,,,,,
2026-10-05 07:11:27,6400.0,6442.0,0,273,0,0,0,0,0,0,,,,,,
2026-10-05 07:11:27,6400.0,6442.0,0,7,0,0,0,0,0,0,,,,,,
2026-10-05 07:11:27,6400.0,6442.0,0,3208,0,11,0,0,11,0,,,,,,
2026-10-05 07:11:27,6400.0,6442.0,0,0,0,3,0,3,3,3,,,,,,
2026-10-05 07:11:27,6400.0,6442.0,0,0,0,50,0,50,50,50,,,,,,
2026-10-05 07:11:27,6400.0,6442.0,0,0,0,0,0,0,0,0,,,,,,
2026-10-05 07:11:27,6400.0,6442.0,1,62045,0,0,0,0,0,0,,,,,,
2026-10-05 07:11:27,6410.0,6452.0,0,31,0,2,0,0,2,0,,,,,,
2026-10-05 07:11:27,6420.0,6462.0,0,30,0,0,0,0,0,0,,,,,,
2026-10-05 07:11:27,6425.0,6467.0,0,62,0,10,0,0,10,0,,,,,,
2026-10-05 07:11:27,6430.0,6472.0,0,158,0,2,0,0,2,0,,,,,,
2026-10-05 07:11:27,6440.0,6482.0,1,29,0,0,0,0,0,0,,,,,,
2026-10-05 07:11:27,6450.0,6492.0,0,237,0,3,0,0,3,0,,,,,,
2026-10-05 07:11:27,6450.0,6492.0,0,62365,0,2,0,0,2,0,,,,,,
2026-10-05 07:11:27,6450.0,6492.0,0,159,0,5,0,0,5,0,,,,,,
2026-10-05 07:11:27,6460.0,6502.0,0,63,0,0,0,0,0,0,,,,,,
2026-10-05 07:11:27,6470.0,6512.0,0,62,0,0,0,0,0,0,,,,,,
2026-10-05 07:11:27,6475.0,6517.0,108,144,0,0,0,0,0,0,,,,,,
2026-10-05 07:11:27,6480.0,6522.0,0,194,0,0,0,0,0,0,,,,,,
2026-10-05 07:11:27,6490.0,6532.0,1,514,0,0,0,0,0,0,,,,,,
2026-10-05 07:11:27,6500.0,6542.0,3,77,0,0,0,0,0,0,,,,,,
2026-10-05 07:11:27,6500.0,6542.0,0,61,0,0,0,0,0,0,,,,,,
2026-10-05 07:11:27,6500.0,6542.0,0,30,0,88,0,58,88,58,,,,,,
2026-10-05 07:11:27,6500.0,6542.0,0,189,0,0,0,0,0,0,,,,,,
2026-10-05 07:11:27,6500.0,6542.0,15,3094,0,10,0,0,10,0,,,,,,
2026-10-05 07:11:27,6500.0,6542.0,0,154,0,0,0,0,0,0,,,,,,
2026-10-05 07:11:27,6500.0,6542.0,0,600,0,0,0,0,0,0,,,,,,
2026-10-05 07:11:27,6500.0,6542.0,0,191,0,0,0,0,0,0,,,,,,
2026-10-05 07:11:27,6500.0,6542.0,0,6,0,0,0,0,0,0,,,,,,
2026-10-05 07:11:27,6500.0,6542.0,0,5119,0,0,0,0,0,0,,,,,,
2026-10-05 07:11:27,6500.0,6542.0,0,4,0,0,0,0,0,0,,,,,,
2026-10-05 07:11:27,6500.0,6542.0,0,0,0,0,0,0,0,0,,,,,,
2026-10-05 07:11:27,6500.0,6542.0,0,0,0,1,0,1,1,1,,,,,,
2026-10-05 07:11:27,6500.0,6542.0,0,111,0,5,0,0,5,0,,,,,,
2026-10-05 07:11:27,6510.0,6552.0,0,65,0,0,0,0,0,0,,,,,,
2026-10-05 07:11:27,6520.0,6562.0,0,119,0,1,0,0,1,0,,,,,,
2026-10-05 07:11:27,6525.0,6567.0,1,139,0,12,0,0,12,0,,,,,,
2026-10-05 07:11:27,6525.0,6567.0,0,0,0,0,0,0,0,0,,,,,,
2026-10-05 07:11:27,6530.0,6572.0,0,96,0,0,0,0,0,0,,,,,,
2026-10-05 07:11:27,6540.0,6582.0,0,101,0,0,0,0,0,0,,,,,,
2026-10-05 07:11:27,6550.0,6592.0,0,1558,0,3,0,0,3,0,,,,,,
2026-10-05 07:11:27,6550.0,6592.0,0,244,0,2,0,0,2,0,,,,,,
2026-10-05 07:11:27,6550.0,6592.0,0,180,0,8,0,0,8,0,,,,,,
2026-10-05 07:11:27,6560.0,6602.0,0,251,0,0,0,0,0,0,,,,,,
2026-10-05 07:11:27,6570.0,6612.0,0,58,0,0,0,0,0,0,,,,,,
2026-10-05 07:11:27,6575.0,6617.0,0,143,0,1,0,0,1,0,,,,,,
2026-10-05 07:11:27,6575.0,6617.0,0,0,0,0,0,0,0,0,,,,,,
2026-10-05 07:11:27,6580.0,6622.0,0,13,0,0,0,0,0,0,,,,,,
2026-10-05 07:11:27,6590.0,6632.0,0,48,0,1,0,0,1,0,,,,,,
2026-10-05 07:11:27,6600.0,6642.0,0,372,0,0,0,0,0,0,,,,,,
2026-10-05 07:11:27,6600.0,6642.0,0,29,0,0,0,0,0,0,,,,,,
2026-10-05 07:11:27,6600.0,6642.0,0,47,0,0,0,0,0,0,,,,,,
2026-10-05 07:11:27,6600.0,6642.0,0,19,0,0,0,0,0,0,,,,,,
2026-10-05 07:11:27,6600.0,6642.0,3,3355,0,1,0,0,1,0,,,,,,
2026-10-05 07:11:27,6600.0,6642.0,0,170,0,0,0,0,0,0,,,,,,
2026-10-05 07:11:27,6600.0,6642.0,0,3136,0,0,0,0,0,0,,,,,,
2026-10-05 07:11:27,6600.0,6642.0,0,49,0,3,0,0,3,0,,,,,,
2026-10-05 07:11:27,6600.0,6642.0,0,2,0,2,0,0,2,0,,,,,,
2026-10-05 07:11:27,6600.0,6642.0,0,697,0,1,0,0,1,0,,,,,,
2026-10-05 07:11:27,6600.0,6642.0,0,2,0,0,0,0,0,0,,,,,,
2026-10-05 07:11:27,6600.0,6642.0,0,0,0,0,0,0,0,0,,,,,,
2026-10-05 07:11:27,6600.0,6642.0,0,0,0,0,0,0,0,0,,,,,,
2026-10-05 07:11:27,6600.0,6642.0,1,256,0,6,0,0,6,0,,,,,,
2026-10-05 07:11:27,6610.0,6652.0,0,48,0,0,0,0,0,0,,,,,,
2026-10-05 07:11:27,6620.0,6662.0,0,28,0,0,0,0,0,0,,,,,,
2026-10-05 07:11:27,6625.0,6667.0,0,197,0,0,0,0,0,0,,,,,,
2026-10-05 07:11:27,6625.0,6667.0,0,0,0,0,0,0,0,0,,,,,,
2026-10-05 07:11:27,6625.0,6667.0,0,0,0,0,0,0,0,0,,,,,,
2026-10-05 07:11:27,6625.0,6667.0,0,4,0,0,0,0,0,0,,,,,,
2026-10-05 07:11:27,6625.0,6667.0,0,112,0,0,0,0,0,0,,,,,,
2026-10-05 07:11:27,6625.0,6667.0,0,1,0,0,0,0,0,0,,,,,,
2026-10-05 07:11:27,6625.0,6667.0,0,0,0,0,0,0,0,0,,,,,,
2026-10-05 07:11:27,6625.0,6667.0,0,1,0,0,0,0,0,0,,,,,,
2026-10-05 07:11:27,6625.0,6667.0,0,0,0,0,0,0,0,0,,,,,,
2026-10-05 07:11:27,6625.0,6667.0,0,0,0,0,0,0,0,0,,,,,,
2026-10-05 07:11:27,6630.0,6672.0,0,23,0,0,0,0,0,0,,,,,,
2026-10-05 07:11:27,6640.0,6682.0,0,7,0,0,0,0,0,0,,,,,,
2026-10-05 07:11:27,6650.0,6692.0,0,2,0,0,0,0,0,0,,,,,,
2026-10-05 07:11:27,6650.0,6692.0,0,0,0,0,0,0,0,0,,,,,,
2026-10-05 07:11:27,6650.0,6692.0,0,0,0,0,0,0,0,0,,,,,,
2026-10-05 07:11:27,6650.0,6692.0,0,0,0,0,0,0,0,0,,,,,,
2026-10-05 07:11:27,6650.0,6692.0,0,987,0,0,0,0,0,0,,,,,,
2026-10-05 07:11:27,6650.0,6692.0,0,2,0,0,0,0,0,0,,,,,,
2026-10-05 07:11:27,6650.0,6692.0,0,0,0,0,0,0,0,0,,,,,,
2026-10-05 07:11:27,6650.0,6692.0,0,1,0,0,0,0,0,0,,,,,,
2026-10-05 07:11:27,6650.0,6692.0,0,0,0,0,0,0,0,0,,,,,,
2026-10-05 07:11:27,6650.0,6692.0,0,618,0,0,0,0,0,0,,,,,,
2026-10-05 07:11:27,6650.0,6692.0,3,564,0,9,0,0,9,0,,,,,,
2026-10-05 07:11:27,6660.0,6702.0,0,500,0,0,0,0,0,0,,,,,,
2026-10-05 07:11:27,6670.0,6712.0,0,41,0,0,0,0,0,0,,,,,,
2026-10-05 07:11:27,6675.0,6717.0,0,2,0,0,0,0,0,0,,,,,,
2026-10-05 07:11:27,6675.0,6717.0,0,0,0,0,0,0,0,0,,,,,,
2026-10-05 07:11:27,6675.0,6717.0,0,0,0,0,0,0,0,0,,,,,,
2026-10-05 07:11:27,6675.0,6717.0,0,1,0,0,0,0,0,0,,,,,,
2026-10-05 07:11:27,6675.0,6717.0,14,697,0,0,0,0,0,0,,,,,,
2026-10-05 07:11:27,6675.0,6717.0,0,9,0,0,0,0,0,0,,,,,,
2026-10-05 07:11:27,6675.0,6717.0,0,1,0,0,0,0,0,0,,,,,,
2026-10-05 07:11:27,6675.0,6717.0,0,0,0,0,0,0,0,0,,,,,,
2026-10-05 07:11:27,6675.0,6717.0,0,0,0,0,0,0,0,0,,,,,,
2026-10-05 07:11:27,6675.0,6717.0,0,2,0,0,0,0,0,0,,,,,,
2026-10-05 07:11:27,6675.0,6717.0,0,0,0,0,0,0,0,0,,,,,,
2026-10-05 07:11:27,6680.0,6722.0,0,199,0,0,0,0,0,0,,,,,,
2026-10-05 07:11:27,6690.0,6732.0,0,39,0,0,0,0,0,0,,,,,,
2026-10-05 07:11:27,6700.0,6742.0,0,24,0,0,0,0,0,0,,,,,,
2026-10-05 07:11:27,6700.0,6742.0,0,33,0,20,0,0,20,0,,,,,,
2026-10-05 07:11:27,6700.0,6742.0,0,16,0,23,0,7,23,7,,,,,,
2026-10-05 07:11:27,6700.0,6742.0,0,3006,0,0,0,0,0,0,,,,,,
2026-10-05 07:11:27,6700.0,6742.0,5,3103,0,20,0,0,20,0,,,,,,
2026-10-05 07:11:27,6700.0,6742.0,0,11,0,0,0,0,0,0,,,,,,
2026-10-05 07:11:27,6700.0,6742.0,0,71,0,0,0,0,0,0,,,,,,
2026-10-05 07:11:27,6700.0,6742.0,0,42,0,2,0,0,2,0,,,,,,
2026-10-05 07:11:27,6700.0,6742.0,0,4,0,0,0,0,0,0,,,,,,
2026-10-05 07:11:27,6700.0,6742.0,3,541,0,7,0,0,7,0,,,,,,
2026-10-05 07:11:27,6700.0,6742.0,0,9,0,0,0,0,0,0,,,,,,
2026-10-05 07:11:27,6700.0,6742.0,0,0,0,0,0,0,0,0,,,,,,
2026-10-05 07:11:27,6700.0,6742.0,0,0,0,0,0,0,0,0,,,,,,
2026-10-05 07:11:27,6700.0,6742.0,16,402,0,22,0,0,22,0,,,,,,
2026-10-05 07:11:27,6710.0,6752.0,0,102,0,0,0,0,0,0,,,,,,
2026-10-05 07:11:27,6720.0,6762.0,0,86,0,0,0,0,0,0,,,,,,
2026-10-05 07:11:27,6725.0,6767.0,0,51,0,0,0,0,0,0,,,,,,
2026-10-05 07:11:27,6725.0,6767.0,0,1,0,0,0,0,0,0,,,,,,
2026-10-05 07:11:27,6725.0,6767.0,0,1,0,0,0,0,0,0,,,,,,
2026-10-05 07:11:27,6725.0,6767.0,0,1,0,0,0,0,0,0,,,,,,
2026-10-05 07:11:27,6725.0,6767.0,5,842,0,0,0,0,0,0,,,,,,
2026-10-05 07:11:27,6725.0,6767.0,0,3,0,0,0,0,0,0,,,,,,
2026-10-05 07:11:27,6725.0,6767.0,0,100,0,0,0,0,0,0,,,,,,
2026-10-05 07:11:27,6725.0,6767.0,0,27,0,0,0,0,0,0,,,,,,
2026-10-05 07:11:27,6725.0,6767.0,0,0,0,0,0,0,0,0,,,,,,
2026-10-05 07:11:27,6725.0,6767.0,49,16,0,0,0,0,0,0,,,,,,
2026-10-05 07:11:27,6725.0,6767.0,0,0,0,21,0,21,21,21,,,,,,
2026-10-05 07:11:27,6730.0,6772.0,0,47,0,0,0,0,0,0,,,,,,
2026-10-05 07:11:27,6740.0,6782.0,0,60,0,2,0,0,2,0,,,,,,
2026-10-05 07:11:27,6750.0,6792.0,0,19,0,0,0,0,0,0,,,,,,
2026-10-05 07:11:27,6750.0,6792.0,0,7,0,0,0,0,0,0,,,,,,
2026-10-05 07:11:27,6750.0,6792.0,0,8,0,0,0,0,0,0,,,,,,
2026-10-05 07:11:27,6750.0,6792.0,0,102,0,0,0,0,0,0,,,,,,
2026-10-05 07:11:27,6750.0,6792.0,8,1149,0,8,0,0,8,0,,,,,,
2026-10-05 07:11:27,6750.0,6792.0,0,14,0,0,0,0,0,0,,,,,,
2026-10-05 07:11:27,6750.0,6792.0,0,14,0,0,0,0,0,0,,,,,,
2026-10-05 07:11:27,6750.0,6792.0,1,299,0,12,0,0,12,0,,,,,,
2026-10-05 07:11:27,6750.0,6792.0,0,1,0,0,0,0,0,0,,,,,,
2026-10-05 07:11:27,6750.0,6792.0,0,278,0,2,0,0,2,0,,,,,,
2026-10-05 07:11:27,6750.0,6792.0,0,164,0,13,0,0,13,0,,,,,,
2026-10-05 07:11:27,6760.0,6802.0,0,45,0,0,0,0,0,0,,,,,,
2026-10-05 07:11:27,6770.0,6812.0,2,31,0,1,0,0,1,0,,,,,,
2026-10-05 07:11:27,6775.0,6817.0,0,10,0,0,0,0,0,0,,,,,,
2026-10-05 07:11:27,6775.0,6817.0,0,235,0,0,0,0,0,0,,,,,,
2026-10-05 07:11:27,6775.0,6817.0,0,1,0,0,0,0,0,0,,,,,,
2026-10-05 07:11:27,6775.0,6817.0,0,1,0,0,0,0,0,0,,,,,,
2026-10-05 07:11:27,6775.0,6817.0,0,196,0,0,0,0,0,0,,,,,,
2026-10-05 07:11:27,6775.0,6817.0,0,9,0,0,0,0,0,0,,,,,,
2026-10-05 07:11:27,6775.0,6817.0,0,21,0,0,0,0,0,0,,,,,,
2026-10-05 07:11:27,6775.0,6817.0,1,50,0,3,0,0,3,0,,,,,,
2026-10-05 07:11:27,6775.0,6817.0,0,0,0,0,0,0,0,0,,,,,,
2026-10-05 07:11:27,6775.0,6817.0,0,10,0,0,0,0,0,0,,,,,,
2026-10-05 07:11:27,6775.0,6817.0,0,0,0,21,0,21,21,21,,,,,,
2026-10-05 07:11:27,6780.0,6822.0,0,149,0,1,0,0,1,0,,,,,,
2026-10-05 07:11:27,6790.0,6832.0,0,123,0,0,0,0,0,0,,,,,,
2026-10-05 07:11:27,6800.0,6842.0,0,113,0,1,0,0,1,0,,,,,,
2026-10-05 07:11:27,6800.0,6842.0,0,4,0,0,0,0,0,0,,,,,,
2026-10-05 07:11:27,6800.0,6842.0,0,8,0,3,0,0,3,0,,,,,,
2026-10-05 07:11:27,6800.0,6842.0,0,7,0,0,0,0,0,0,,,,,,
2026-10-05 07:11:27,6800.0,6842.0,15,8637,0,13,0,0,13,0,,,,,,
2026-10-05 07:11:27,6800.0,6842.0,0,28,0,0,0,0,0,0,,,,,,
2026-10-05 07:11:27,6800.0,6842.0,0,70,0,3,0,0,3,0,,,,,,
2026-10-05 07:11:27,6800.0,6842.0,0,119,0,2,0,0,2,0,,,,,,
2026-10-05 07:11:27,6800.0,6842.0,0,7,0,1,0,0,1,0,,,,,,
2026-10-05 07:11:27,6800.0,6842.0,0,7613,0,15,0,0,15,0,,,,,,
2026-10-05 07:11:27,6800.0,6842.0,0,31,0,6,0,0,6,0,,,,,,
2026-10-05 07:11:27,6800.0,6842.0,0,1,0,0,0,0,0,0,,,,,,
2026-10-05 07:11:27,6800.0,6842.0,0,0,0,0,0,0,0,0,,,,,,
2026-10-05 07:11:27,6800.0,6842.0,3,1052,0,19,0,0,19,0,,,,,,
2026-10-05 07:11:27,6810.0,6852.0,10,197,0,0,0,0,0,0,,,,,,
2026-10-05 07:11:27,6820.0,6862.0,275,55,0,0,0,0,0,0,,,,,,
2026-10-05 07:11:27,6825.0,6867.0,0,3,0,0,0,0,0,0,,,,,,
2026-10-05 07:11:27,6825.0,6867.0,0,95,0,0,0,0,0,0,,,,,,
2026-10-05 07:11:27,6825.0,6867.0,0,121,0,0,0,0,0,0,,,,,,
2026-10-05 07:11:27,6825.0,6867.0,0,41,0,0,0,0,0,0,,,,,,
2026-10-05 07:11:27,6825.0,6867.0,11,287,0,2,0,0,2,0,,,,,,
2026-10-05 07:11:27,6825.0,6867.0,0,10,0,0,0,0,0,0,,,,,,
2026-10-05 07:11:27,6825.0,6867.0,0,104,0,4,0,0,4,0,,,,,,
2026-10-05 07:11:27,6825.0,6867.0,0,97,0,0,0,0,0,0,,,,,,
2026-10-05 07:11:27,6825.0,6867.0,0,0,0,0,0,0,0,0,,,,,,
2026-10-05 07:11:27,6825.0,6867.0,0,7261,0,0,0,0,0,0,,,,,,
2026-10-05 07:11:27,6825.0,6867.0,0,0,0,3,0,3,3,3,,,,,,
2026-10-05 07:11:27,6830.0,6872.0,0,152,0,0,0,0,0,0,,,,,,
2026-10-05 07:11:27,6840.0,6882.0,94,282,0,0,0,0,0,0,,,,,,
2026-10-05 07:11:27,6850.0,6892.0,0,34,0,0,0,0,0,0,,,,,,
2026-10-05 07:11:27,6850.0,6892.0,0,4,0,0,0,0,0,0,,,,,,
2026-10-05 07:11:27,6850.0,6892.0,0,25,0,0,0,0,0,0,,,,,,
2026-10-05 07:11:27,6850.0,6892.0,15,73,0,5,0,0,5,0,,,,,,
2026-10-05 07:11:27,6850.0,6892.0,4,995,0,5,0,0,5,0,,,,,,
2026-10-05 07:11:27,6850.0,6892.0,0,33,0,1,0,0,1,0,,,,,,
2026-10-05 07:11:27,6850.0,6892.0,0,89,0,2,0,0,2,0,,,,,,
2026-10-05 07:11:27,6850.0,6892.0,0,259,0,13,0,0,13,0,,,,,,
2026-10-05 07:11:27,6850.0,6892.0,0,0,0,0,0,0,0,0,,,,,,
2026-10-05 07:11:27,6850.0,6892.0,0,409,0,5,0,0,5,0,,,,,,
2026-10-05 07:11:27,6850.0,6892.0,0,106,0,10,0,0,10,0,,,,,,
2026-10-05 07:11:27,6860.0,6902.0,4,109,0,1,0,0,1,0,,,,,,
2026-10-05 07:11:27,6865.0,6907.0,2,63,0,0,0,0,0,0,,,,,,
2026-10-05 07:11:27,6870.0,6912.0,0,69,0,0,0,0,0,0,,,,,,
2026-10-05 07:11:27,6875.0,6917.0,0,124,0,2,0,0,2,0,,,,,,
2026-10-05 07:11:27,6875.0,6917.0,88,0,0,0,0,0,0,0,,,,,,
2026-10-05 07:11:27,6875.0,6917.0,0,230,0,0,0,0,0,0,,,,,,
2026-10-05 07:11:27,6875.0,6917.0,0,22,0,0,0,0,0,0,,,,,,
2026-10-05 07:11:27,6875.0,6917.0,0,9123,0,0,0,0,0,0,,,,,,
2026-10-05 07:11:27,6875.0,6917.0,0,82,0,0,0,0,0,0,,,,,,
2026-10-05 07:11:27,6875.0,6917.0,0,28,0,0,0,0,0,0,,,,,,
2026-10-05 07:11:27,6875.0,6917.0,0,15,0,1,0,0,1,0,,,,,,
2026-10-05 07:11:27,6875.0,6917.0,0,0,0,0,0,0,0,0,,,,,,
2026-10-05 07:11:27,6875.0,6917.0,0,511,0,0,0,0,0,0,,,,,,
2026-10-05 07:11:27,6875.0,6917.0,0,0,0,3,0,3,3,3,,,,,,
2026-10-05 07:11:27,6880.0,6922.0,20,578,0,0,0,0,0,0,,,,,,
2026-10-05 07:11:27,6885.0,6927.0,0,68,0,0,0,0,0,0,,,,,,
2026-10-05 07:11:27,6890.0,6932.0,375,99,0,0,0,0,0,0,,,,,,
2026-10-05 07:11:27,6895.0,6937.0,1,42,0,0,0,0,0,0,,,,,,
2026-10-05 07:11:27,6900.0,6942.0,0,129,0,6,0,0,6,0,,,,,,
2026-10-05 07:11:27,6900.0,6942.0,0,37,0,1,0,0,1,0,,,,,,
2026-10-05 07:11:27,6900.0,6942.0,0,159,0,0,0,0,0,0,,,,,,
2026-10-05 07:11:27,6900.0,6942.0,0,42,0,0,0,0,0,0,,,,,,
2026-10-05 07:11:27,6900.0,6942.0,18,9959,0,14,0,0,14,0,,,,,,
2026-10-05 07:11:27,6900.0,6942.0,0,91,0,0,0,0,0,0,,,,,,
2026-10-05 07:11:27,6900.0,6942.0,0,187,0,0,0,0,0,0,,,,,,
2026-10-05 07:11:27,6900.0,6942.0,0,86,0,1,0,0,1,0,,,,,,
2026-10-05 07:11:27,6900.0,6942.0,0,16,0,0,0,0,0,0,,,,,,
2026-10-05 07:11:27,6900.0,6942.0,0,2757,0,16,0,0,16,0,,,,,,
2026-10-05 07:11:27,6900.0,6942.0,0,15,0,1,0,0,1,0,,,,,,
2026-10-05 07:11:27,6900.0,6942.0,0,5,0,1,0,0,1,0,,,,,,
2026-10-05 07:11:27,6900.0,6942.0,0,0,0,0,0,0,0,0,,,,,,
2026-10-05 07:11:27,6900.0,6942.0,0,139,0,2,0,0,2,0,,,,,,
2026-10-05 07:11:27,6905.0,6947.0,0,815,0,0,0,0,0,0,,,,,,
2026-10-05 07:11:27,6910.0,6952.0,0,252,0,0,0,0,0,0,,,,,,
2026-10-05 07:11:27,6915.0,6957.0,1,122,0,0,0,0,0,0,,,,,,
2026-10-05 07:11:27,6920.0,6962.0,0,70,0,0,0,0,0,0,,,,,,
2026-10-05 07:11:27,6925.0,6967.0,0,30,0,5,0,0,5,0,,,,,,
2026-10-05 07:11:27,6925.0,6967.0,0,7,0,0,0,0,0,0,,,,,,
2026-10-05 07:11:27,6925.0,6967.0,0,35,0,0,0,0,0,0,,,,,,
2026-10-05 07:11:27,6925.0,6967.0,0,23,0,0,0,0,0,0,,,,,,
2026-10-05 07:11:27,6925.0,6967.0,13,3951,0,1000,0,0,1000,0,2,,2,,,
2026-10-05 07:11:27,6925.0,6967.0,0,28,0,0,0,0,0,0,,,,,,
2026-10-05 07:11:27,6925.0,6967.0,1,38,0,0,0,0,0,0,,,,,,
2026-10-05 07:11:27,6925.0,6967.0,1,22,0,0,0,0,0,0,,,,,,
2026-10-05 07:11:27,6925.0,6967.0,0,0,0,0,0,0,0,0,,,,,,
2026-10-05 07:11:27,6925.0,6967.0,0,506,0,1,0,0,1,0,,,,,,
2026-10-05 07:11:27,6925.0,6967.0,0,0,0,10,0,10,10,10,,,,,,
2026-10-05 07:11:27,6930.0,6972.0,3,147,0,9,0,0,9,0,,,,,,
2026-10-05 07:11:27,6935.0,6977.0,1,34,0,0,0,0,0,0,,,,,,
2026-10-05 07:11:27,6940.0,6982.0,1,141,0,0,0,0,0,0,,,,,,
2026-10-05 07:11:27,6945.0,6987.0,1,24,0,0,0,0,0,0,,,,,,
2026-10-05 07:11:27,6950.0,6992.0,0,35,0,21,0,0,21,0,,,,,,
2026-10-05 07:11:27,6950.0,6992.0,0,3,0,0,0,0,0,0,,,,,,
2026-10-05 07:11:27,6950.0,6992.0,0,31,0,4,0,0,4,0,,,,,,
2026-10-05 07:11:27,6950.0,6992.0,0,39,0,0,0,0,0,0,,,,,,
2026-10-05 07:11:27,6950.0,6992.0,4,2228,0,0,0,0,0,0,,,,,,
2026-10-05 07:11:27,6950.0,6992.0,0,37,0,2,0,0,2,0,,,,,,
2026-10-05 07:11:27,6950.0,6992.0,0,55,0,0,0,0,0,0,,,,,,
2026-10-05 07:11:27,6950.0,6992.0,0,207,0,0,0,0,0,0,,,,,,
2026-10-05 07:11:27,6950.0,6992.0,0,0,0,0,0,0,0,0,,,,,,
2026-10-05 07:11:27,6950.0,6992.0,0,487,0,8,0,0,8,0,,,,,,
2026-10-05 07:11:27,6950.0,6992.0,3,350,0,1,0,0,1,0,,,,,,
2026-10-05 07:11:27,6955.0,6997.0,0,28,0,0,0,0,0,0,,,,,,
2026-10-05 07:11:27,6960.0,7002.0,0,372,0,1,0,0,1,0,,,,,,
2026-10-05 07:11:27,6965.0,7007.0,0,110,0,1,0,0,1,0,,,,,,
2026-10-05 07:11:27,6970.0,7012.0,1,194,0,0,0,0,0,0,,,,,,
2026-10-05 07:11:27,6975.0,7017.0,0,43,0,6,0,0,6,0,,,,,,
2026-10-05 07:11:27,6975.0,7017.0,0,7,0,0,0,0,0,0,,,,,,
2026-10-05 07:11:27,6975.0,7017.0,0,26,0,0,0,0,0,0,,,,,,
2026-10-05 07:11:27,6975.0,7017.0,0,23,0,0,0,0,0,0,,,,,,
2026-10-05 07:11:27,6975.0,7017.0,4,724,0,1,0,0,1,0,,,,,,
2026-10-05 07:11:27,6975.0,7017.0,0,30,0,0,0,0,0,0,,,,,,
2026-10-05 07:11:27,6975.0,7017.0,0,19,0,0,0,0,0,0,,,,,,
2026-10-05 07:11:27,6975.0,7017.0,0,164,0,5,0,0,5,0,,,,,,
2026-10-05 07:11:27,6975.0,7017.0,0,0,0,0,0,0,0,0,,,,,,
2026-10-05 07:11:27,6975.0,7017.0,0,177,0,2,0,0,2,0,,,,,,
2026-10-05 07:11:27,6975.0,7017.0,0,0,0,0,0,0,0,0,,,,,,
2026-10-05 07:11:27,6980.0,7022.0,2,302,0,9,0,0,9,0,,,,,,
2026-10-05 07:11:27,6985.0,7027.0,0,79,0,0,0,0,0,0,,,,,,
2026-10-05 07:11:27,6990.0,7032.0,9,606,0,0,0,0,0,0,,,,,,
2026-10-05 07:11:27,6995.0,7037.0,0,42,0,0,0,0,0,0,,,,,,
2026-10-05 07:11:27,7000.0,7042.0,0,1161,0,661,0,0,661,0,3,,3,,,
2026-10-05 07:11:27,7000.0,7042.0,0,90,0,1,0,0,1,0,,,,,,
2026-10-05 07:11:27,7000.0,7042.0,0,654,0,0,0,0,0,0,,,,,,
2026-10-05 07:11:27,7000.0,7042.0,0,148,0,2,0,0,2,0,,,,,,
2026-10-05 07:11:27,7000.0,7042.0,2763,15119,0,10,0,0,10,0,,,,,,
2026-10-05 07:11:27,7000.0,7042.0,5,53,0,0,0,0,0,0,,,,,,
2026-10-05 07:11:27,7000.0,7042.0,6,312,0,3,0,0,3,0,,,,,,
2026-10-05 07:11:27,7000.0,7042.0,3,106,0,4,0,0,4,0,,,,,,
2026-10-05 07:11:27,7000.0,7042.0,0,13,0,1,0,0,1,0,,,,,,
2026-10-05 07:11:27,7000.0,7042.0,820,3308,0,13,0,0,13,0,,,,,,
2026-10-05 07:11:27,7000.0,7042.0,0,22,0,53,0,31,53,31,,,,,,
2026-10-05 07:11:27,7000.0,7042.0,0,1,0,1,0,0,1,0,,,,,,
2026-10-05 07:11:27,7000.0,7042.0,0,0,0,1,0,1,1,1,,,,,,
2026-10-05 07:11:27,7000.0,7042.0,911,1253,0,10,0,0,10,0,,,,,,
2026-10-05 07:11:27,7005.0,7047.0,0,97,0,1,0,0,1,0,,,,,,
2026-10-05 07:11:27,7010.0,7052.0,2,108,0,0,0,0,0,0,,,,,,
2026-10-05 07:11:27,7015.0,7057.0,1,201,0,0,0,0,0,0,,,,,,
2026-10-05 07:11:27,7020.0,7062.0,4,334,0,7,0,0,7,0,,,,,,
2026-10-05 07:11:27,7025.0,7067.0,0,32,0,2,0,0,2,0,,,,,,
2026-10-05 07:11:27,7025.0,7067.0,0,3,0,0,0,0,0,0,,,,,,
2026-10-05 07:11:27,7025.0,7067.0,0,87,0,0,0,0,0,0,,,,,,
2026-10-05 07:11:27,7025.0,7067.0,0,25,0,0,0,0,0,0,,,,,,
2026-10-05 07:11:27,7025.0,7067.0,2,1031,0,10,0,0,10,0,,,,,,
2026-10-05 07:11:27,7025.0,7067.0,1,96,0,612,0,516,612,516,5,,5,2,,2
2026-10-05 07:11:27,7025.0,7067.0,0,62,0,4,0,0,4,0,,,,,,
2026-10-05 07:11:27,7025.0,7067.0,1,47,0,1,0,0,1,0,,,,,,
2026-10-05 07:11:27,7025.0,7067.0,0,0,0,0,0,0,0,0,,,,,,
2026-10-05 07:11:27,7025.0,7067.0,0,298,0,4,0,0,4,0,,,,,,
2026-10-05 07:11:27,7025.0,7067.0,0,0,0,0,0,0,0,0,,,,,,
2026-10-05 07:11:27,7030.0,7072.0,0,204,0,7,0,0,7,0,,,,,,
2026-10-05 07:11:27,7035.0,7077.0,0,301,0,1,0,0,1,0,,,,,,
2026-10-05 07:11:27,7040.0,7082.0,15,213,0,0,0,0,0,0,,,,,,
2026-10-05 07:11:27,7045.0,7087.0,0,157,0,1,0,0,1,0,,,,,,
2026-10-05 07:11:27,7050.0,7092.0,0,132,0,1,0,0,1,0,,,,,,
2026-10-05 07:11:27,7050.0,7092.0,0,62,0,8,0,0,8,0,,,,,,
2026-10-05 07:11:27,7050.0,7092.0,0,80,0,0,0,0,0,0,,,,,,
2026-10-05 07:11:27,7050.0,7092.0,0,635,0,0,0,0,0,0,,,,,,
2026-10-05 07:11:27,7050.0,7092.0,36,5103,0,5,0,0,5,0,,,,,,
2026-10-05 07:11:27,7050.0,7092.0,1,30,0,2,0,0,2,0,,,,,,
2026-10-05 07:11:27,7050.0,7092.0,6,100,0,3,0,0,3,0,,,,,,
2026-10-05 07:11:27,7050.0,7092.0,0,96,0,1,0,0,1,0,,,,,,
2026-10-05 07:11:27,7050.0,7092.0,0,0,0,0,0,0,0,0,,,,,,
2026-10-05 07:11:27,7050.0,7092.0,0,946,0,11,0,0,11,0,,,,,,
2026-10-05 07:11:27,7050.0,7092.0,0,918,0,0,0,0,0,0,,,,,,
2026-10-05 07:11:27,7055.0,7097.0,0,32,0,0,0,0,0,0,,,,,,
2026-10-05 07:11:27,7060.0,7102.0,15,163,0,0,0,0,0,0,,,,,,
2026-10-05 07:11:27,7065.0,7107.0,3,150,0,0,0,0,0,0,,,,,,
2026-10-05 07:11:27,7070.0,7112.0,7,258,0,0,0,0,0,0,,,,,,
2026-10-05 07:11:27,7075.0,7117.0,0,108,0,40,0,0,40,0,,,,,,
2026-10-05 07:11:27,7075.0,7117.0,0,61,0,0,0,0,0,0,,,,,,
2026-10-05 07:11:27,7075.0,7117.0,0,73,0,0,0,0,0,0,,,,,,
2026-10-05 07:11:27,7075.0,7117.0,0,45,0,5,0,0,5,0,,,,,,
2026-10-05 07:11:27,7075.0,7117.0,80,411,0,0,0,0,0,0,,,,,,
2026-10-05 07:11:27,7075.0,7117.0,0,106,0,0,0,0,0,0,,,,,,
2026-10-05 07:11:27,7075.0,7117.0,77,58,0,3,0,0,3,0,,,,,,
2026-10-05 07:11:27,7075.0,7117.0,0,93,0,3,0,0,3,0,,,,,,
2026-10-05 07:11:27,7075.0,7117.0,0,26,0,0,0,0,0,0,,,,,,
2026-10-05 07:11:27,7075.0,7117.0,0,237,0,10,0,0,10,0,,,,,,
2026-10-05 07:11:27,7075.0,7117.0,0,6,0,0,0,0,0,0,,,,,,
2026-10-05 07:11:27,7075.0,7117.0,0,6,0,0,0,0,0,0,,,,,,
2026-10-05 07:11:27,7075.0,7117.0,5,31,0,0,0,0,0,0,,,,,,
2026-10-05 07:11:27,7080.0,7122.0,5,277,0,1,0,0,1,0,,,,,,
2026-10-05 07:11:27,7085.0,7127.0,0,69,0,1,0,0,1,0,,,,,,
2026-10-05 07:11:27,7090.0,7132.0,3,147,0,0,0,0,0,0,,,,,,
2026-10-05 07:11:27,7095.0,7137.0,0,461,0,15,0,0,15,0,,,,,,
2026-10-05 07:11:27,7100.0,7142.0,0,276,0,36,0,0,36,0,,,,,,
2026-10-05 07:11:27,7100.0,7142.0,0,59,0,1,0,0,1,0,,,,,,
2026-10-05 07:11:27,7100.0,7142.0,0,134,0,0,0,0,0,0,,,,,,
2026-10-05 07:11:27,7100.0,7142.0,0,107,0,1,0,0,1,0,,,,,,
2026-10-05 07:11:27,7100.0,7142.0,383,6089,0,1008,0,0,1008,0,1,,1,,,
2026-10-05 07:11:27,7100.0,7142.0,0,127,0,1,0,0,1,0,,,,,,
2026-10-05 07:11:27,7100.0,7142.0,29,169,0,5,0,0,5,0,,,,,,
2026-10-05 07:11:27,7100.0,7142.0,0,157,0,0,0,0,0,0,,,,,,
2026-10-05 07:11:27,7100.0,7142.0,0,53,0,0,0,0,0,0,,,,,,
2026-10-05 07:11:27,7100.0,7142.0,0,984,0,36,0,0,36,0,,,,,,
2026-10-05 07:11:27,7100.0,7142.0,0,8,0,4,0,0,4,0,,,,,,
2026-10-05 07:11:27,7100.0,7142.0,0,1,0,0,0,0,0,0,,,,,,
2026-10-05 07:11:27,7100.0,7142.0,0,0,0,1,0,1,1,1,,,,,,
2026-10-05 07:11:27,7100.0,7142.0,13,780,0,3,0,0,3,0,,,,,,
2026-10-05 07:11:27,7105.0,7147.0,0,204,0,2,0,0,2,0,,,,,,
2026-10-05 07:11:27,7110.0,7152.0,10,660,0,1,0,0,1,0,,,,,,
2026-10-05 07:11:27,7110.0,7152.0,0,0,0,0,0,0,0,0,,,,,,
2026-10-05 07:11:27,7115.0,7157.0,0,223,0,0,0,0,0,0,,,,,,
2026-10-05 07:11:27,7120.0,7162.0,2,278,0,0,0,0,0,0,,,,,,
2026-10-05 07:11:27,7120.0,7162.0,0,0,0,0,0,0,0,0,,,,,,
2026-10-05 07:11:27,7125.0,7167.0,0,51,0,30,0,0,30,0,,,,,,
2026-10-05 07:11:27,7125.0,7167.0,0,49,0,0,0,0,0,0,,,,,,
2026-10-05 07:11:27,7125.0,7167.0,0,53,0,0,0,0,0,0,,,,,,
2026-10-05 07:11:27,7125.0,7167.0,0,69,0,5,0,0,5,0,,,,,,
2026-10-05 07:11:27,7125.0,7167.0,7,1069,0,1,0,0,1,0,,,,,,
2026-10-05 07:11:27,7125.0,7167.0,0,40,0,0,0,0,0,0,,,,,,
2026-10-05 07:11:27,7125.0,7167.0,4,55,0,0,0,0,0,0,,,,,,
2026-10-05 07:11:27,7125.0,7167.0,0,165,0,80,0,0,80,0,,,,,,
2026-10-05 07:11:27,7125.0,7167.0,0,50,0,0,0,0,0,0,,,,,,
2026-10-05 07:11:27,7125.0,7167.0,0,203,0,10,0,0,10,0,,,,,,
2026-10-05 07:11:27,7125.0,7167.0,0,1,0,0,0,0,0,0,,,,,,
2026-10-05 07:11:27,7125.0,7167.0,0,5,0,4,0,0,4,0,,,,,,
2026-10-05 07:11:27,7125.0,7167.0,0,0,0,0,0,0,0,0,,,,,,
2026-10-05 07:11:27,7125.0,7167.0,0,45,0,0,0,0,0,0,,,,,,
2026-10-05 07:11:27,7130.0,7172.0,0,74,0,600,0,526,600,526,,,,1,,1
2026-10-05 07:11:27,7130.0,7172.0,0,0,0,30,0,30,30,30,,,,,,
2026-10-05 07:11:27,7135.0,7177.0,0,58,0,0,0,0,0,0,,,,,,
2026-10-05 07:11:27,7140.0,7182.0,103,1723,0,0,0,0,0,0,,,,,,
2026-10-05 07:11:27,7140.0,7182.0,0,0,0,0,0,0,0,0,,,,,,
2026-10-05 07:11:27,7145.0,7187.0,1,81,0,0,0,0,0,0,,,,,,
2026-10-05 07:11:27,7150.0,7192.0,0,112,0,39,0,0,39,0,,,,,,
2026-10-05 07:11:27,7150.0,7192.0,21,133,0,10,0,0,10,0,,,,,,
2026-10-05 07:11:27,7150.0,7192.0,0,81,0,7,0,0,7,0,,,,,,
2026-10-05 07:11:27,7150.0,7192.0,0,105,0,0,0,0,0,0,,,,,,
2026-10-05 07:11:27,7150.0,7192.0,38,1197,0,117,0,0,117,0,,,,,,
2026-10-05 07:11:27,7150.0,7192.0,0,101,0,2,0,0,2,0,,,,,,
2026-10-05 07:11:27,7150.0,7192.0,19,93,0,5,0,0,5,0,,,,,,
2026-10-05 07:11:27,7150.0,7192.0,0,132,0,1,0,0,1,0,,,,,,
2026-10-05 07:11:27,7150.0,7192.0,0,14,0,0,0,0,0,0,,,,,,
2026-10-05 07:11:27,7150.0,7192.0,71,344,0,33,0,0,33,0,,,,,,
2026-10-05 07:11:27,7150.0,7192.0,0,7,0,1,0,0,1,0,,,,,,
2026-10-05 07:11:27,7150.0,7192.0,0,13,0,6,0,0,6,0,,,,,,
2026-10-05 07:11:27,7150.0,7192.0,0,0,0,0,0,0,0,0,,,,,,
2026-10-05 07:11:27,7150.0,7192.0,0,354,0,3,0,0,3,0,,,,,,
2026-10-05 07:11:27,7155.0,7197.0,0,268,0,2,0,0,2,0,,,,,,
2026-10-05 07:11:27,7160.0,7202.0,9,104,0,4,0,0,4,0,,,,,,
2026-10-05 07:11:27,7160.0,7202.0,0,0,0,0,0,0,0,0,,,,,,
2026-10-05 07:11:27,7165.0,7207.0,1,49,0,1,0,0,1,0,,,,,,
2026-10-05 07:11:27,7170.0,7212.0,33,913,0,3,0,0,3,0,,,,,,
2026-10-05 07:11:27,7170.0,7212.0,0,0,0,0,0,0,0,0,,,,,,
2026-10-05 07:11:27,7175.0,7217.0,0,47,0,3,0,0,3,0,,,,,,
2026-10-05 07:11:27,7175.0,7217.0,181,19,0,0,0,0,0,0,,,,,,
2026-10-05 07:11:27,7175.0,7217.0,0,57,0,0,0,0,0,0,,,,,,
2026-10-05 07:11:27,7175.0,7217.0,0,52,0,6,0,0,6,0,,,,,,
2026-10-05 07:11:27,7175.0,7217.0,1,726,0,4,0,0,4,0,,,,,,
2026-10-05 07:11:27,7175.0,7217.0,0,56,0,10,0,0,10,0,,,,,,
2026-10-05 07:11:27,7175.0,7217.0,0,214,0,47,0,0,47,0,,,,,,
2026-10-05 07:11:27,7175.0,7217.0,0,50,0,71,0,21,71,21,,,,,,
2026-10-05 07:11:27,7175.0,7217.0,0,22,0,1,0,0,1,0,,,,,,
2026-10-05 07:11:27,7175.0,7217.0,0,167,0,2,0,0,2,0,,,,,,
2026-10-05 07:11:27,7175.0,7217.0,0,13,0,3,0,0,3,0,,,,,,
2026-10-05 07:11:27,7175.0,7217.0,0,7,0,3,0,0,3,0,,,,,,
2026-10-05 07:11:27,7175.0,7217.0,0,0,0,0,0,0,0,0,,,,,,
2026-10-05 07:11:27,7175.0,7217.0,0,141,0,0,0,0,0,0,,,,,,
2026-10-05 07:11:27,7180.0,7222.0,12,119,0,624,0,505,624,505,4,,4,3,,3
2026-10-05 07:11:27,7180.0,7222.0,0,0,0,30,0,30,30,30,,,,,,
2026-10-05 07:11:27,7185.0,7227.0,7,174,0,0,0,0,0,0,,,,,,
2026-10-05 07:11:27,7190.0,7232.0,6,529,0,37,0,0,37,0,,,,,,
2026-10-05 07:11:27,7190.0,7232.0,0,0,0,0,0,0,0,0,,,,,,
2026-10-05 07:11:27,7195.0,7237.0,2,55,0,1,0,0,1,0,,,,,,
2026-10-05 07:11:27,7200.0,7242.0,0,256,0,1,0,0,1,0,,,,,,
2026-10-05 07:11:27,7200.0,7242.0,181,97,0,6,0,0,6,0,,,,,,
2026-10-05 07:11:27,7200.0,7242.0,0,70,0,4,0,0,4,0,,,,,,
2026-10-05 07:11:27,7200.0,7242.0,0,424,0,0,0,0,0,0,,,,,,
2026-10-05 07:11:27,7200.0,7242.0,165,4550,0,162,0,0,162,0,,,,,,
2026-10-05 07:11:27,7200.0,7242.0,0,60,0,7,0,0,7,0,,,,,,
2026-10-05 07:11:27,7200.0,7242.0,7,320,0,48,0,0,48,0,,,,,,
2026-10-05 07:11:27,7200.0,7242.0,0,52,0,5,0,0,5,0,,,,,,
2026-10-05 07:11:27,7200.0,7242.0,0,32,0,1,0,0,1,0,,,,,,
2026-10-05 07:11:27,7200.0,7242.0,4,448,0,3,0,0,3,0,,,,,,
2026-10-05 07:11:27,7200.0,7242.0,0,16,0,2,0,0,2,0,,,,,,
2026-10-05 07:11:27,7200.0,7242.0,0,1,0,3,0,2,3,2,,,,,,
2026-10-05 07:11:27,7200.0,7242.0,0,0,0,0,0,0,0,0,,,,,,
2026-10-05 07:11:27,7200.0,7242.0,5,329,0,4,0,0,4,0,,,,,,
2026-10-05 07:11:27,7205.0,7247.0,2,52,0,7,0,0,7,0,,,,,,
2026-10-05 07:11:27,7210.0,7252.0,9,241,0,27,0,0,27,0,,,,,,
2026-10-05 07:11:27,7210.0,7252.0,0,15,0,0,0,0,0,0,,,,,,
2026-10-05 07:11:27,7215.0,7257.0,1,152,0,0,0,0,0,0,,,,,,
2026-10-05 07:11:27,7220.0,7262.0,18,324,0,0,0,0,0,0,,,,,,
2026-10-05 07:11:27,7220.0,7262.0,200,2,0,0,0,0,0,0,,,,,,
2026-10-05 07:11:27,7225.0,7267.0,0,84,0,0,0,0,0,0,,,,,,
2026-10-05 07:11:27,7225.0,7267.0,0,97,0,0,0,0,0,0,,,,,,
2026-10-05 07:11:27,7225.0,7267.0,0,33,0,5,0,0,5,0,,,,,,
2026-10-05 07:11:27,7225.0,7267.0,0,39,0,0,0,0,0,0,,,,,,
2026-10-05 07:11:27,7225.0,7267.0,4,503,0,5,0,0,5,0,,,,,,
2026-10-05 07:11:27,7225.0,7267.0,0,115,1,1,1,0,2,1,,,,,,
2026-10-05 07:11:27,7225.0,7267.0,1,54,0,6,0,0,6,0,,,,,,
2026-10-05 07:11:27,7225.0,7267.0,10,56,0,10,0,0,10,0,,,,,,
2026-10-05 07:11:27,7225.0,7267.0,0,10,0,2,0,0,2,0,,,,,,
2026-10-05 07:11:27,7225.0,7267.0,0,583,0,1,0,0,1,0,,,,,,
2026-10-05 07:11:27,7225.0,7267.0,0,3,0,0,0,0,0,0,,,,,,
2026-10-05 07:11:27,7225.0,7267.0,0,6,0,3,0,0,3,0,,,,,,
2026-10-05 07:11:27,7225.0,7267.0,0,0,0,0,0,0,0,0,,,,,,
2026-10-05 07:11:27,7225.0,7267.0,0,225,0,0,0,0,0,0,,,,,,
2026-10-05 07:11:27,7230.0,7272.0,10,196,0,1,0,0,1,0,,,,,,
2026-10-05 07:11:27,7230.0,7272.0,3,0,0,4,0,4,4,4,,,,,,
2026-10-05 07:11:27,7235.0,7277.0,2,185,0,1,0,0,1,0,,,,,,
2026-10-05 07:11:27,7240.0,7282.0,8,207,0,2,0,0,2,0,,,,,,
2026-10-05 07:11:27,7240.0,7282.0,0,13,0,0,0,0,0,0,,,,,,
2026-10-05 07:11:27,7245.0,7287.0,32,124,0,2,0,0,2,0,,,,,,
2026-10-05 07:11:27,7250.0,7292.0,0,488,0,0,0,0,0,0,,,,,,
2026-10-05 07:11:27,7250.0,7292.0,4,70,0,0,0,0,0,0,,,,,,
2026-10-05 07:11:27,7250.0,7292.0,0,160,0,4,0,0,4,0,,,,,,
2026-10-05 07:11:27,7250.0,7292.0,0,81,0,10,0,0,10,0,,,,,,
2026-10-05 07:11:27,7250.0,7292.0,13,6760,0,135,0,0,135,0,,,,,,
2026-10-05 07:11:27,7250.0,7292.0,1,377,0,0,0,0,0,0,,,,,,
2026-10-05 07:11:27,7250.0,7292.0,2,202,0,0,0,0,0,0,,,,,,
2026-10-05 07:11:27,7250.0,7292.0,1,131,0,33,0,0,33,0,,,,,,
2026-10-05 07:11:27,7250.0,7292.0,0,22,0,1,0,0,1,0,,,,,,
2026-10-05 07:11:27,7250.0,7292.0,0,1184,0,3,0,0,3,0,,,,,,
2026-10-05 07:11:27,7250.0,7292.0,0,9,0,5,0,0,5,0,,,,,,
2026-10-05 07:11:27,7250.0,7292.0,0,13,0,4,0,0,4,0,,,,,,
2026-10-05 07:11:27,7250.0,7292.0,0,0,0,0,0,0,0,0,,,,,,
2026-10-05 07:11:27,7250.0,7292.0,0,349,0,10,0,0,10,0,,,,,,
2026-10-05 07:11:27,7255.0,7297.0,0,152,0,1,0,0,1,0,,,,,,
2026-10-05 07:11:27,7260.0,7302.0,29,584,0,3,0,0,3,0,,,,,,
2026-10-05 07:11:27,7260.0,7302.0,0,38,0,0,0,0,0,0,,,,,,
2026-10-05 07:11:27,7260.0,7302.0,0,0,0,0,0,0,0,0,,,,,,
2026-10-05 07:11:27,7265.0,7307.0,1,92,0,0,0,0,0,0,,,,,,
2026-10-05 07:11:27,7270.0,7312.0,24,572,0,7,0,0,7,0,,,,,,
2026-10-05 07:11:27,7270.0,7312.0,0,38,0,0,0,0,0,0,,,,,,
2026-10-05 07:11:27,7270.0,7312.0,0,0,0,0,0,0,0,0,,,,,,
2026-10-05 07:11:27,7275.0,7317.0,0,166,0,15,0,0,15,0,,,,,,
2026-10-05 07:11:27,7275.0,7317.0,38,174,0,6,0,0,6,0,,,,,,
2026-10-05 07:11:27,7275.0,7317.0,0,62,0,1,0,0,1,0,,,,,,
2026-10-05 07:11:27,7275.0,7317.0,0,67,0,6,0,0,6,0,,,,,,
2026-10-05 07:11:27,7275.0,7317.0,46,438,0,2,0,0,2,0,,,,,,
2026-10-05 07:11:27,7275.0,7317.0,0,249,0,0,0,0,0,0,,,,,,
2026-10-05 07:11:27,7275.0,7317.0,37,116,0,6,0,0,6,0,,,,,,
2026-10-05 07:11:27,7275.0,7317.0,0,94,0,3,0,0,3,0,,,,,,
2026-10-05 07:11:27,7275.0,7317.0,0,10,0,0,0,0,0,0,,,,,,
2026-10-05 07:11:27,7275.0,7317.0,48,242,0,4,0,0,4,0,,,,,,
2026-10-05 07:11:27,7275.0,7317.0,0,4,0,0,0,0,0,0,,,,,,
2026-10-05 07:11:27,7275.0,7317.0,0,4,0,7,0,3,7,3,,,,,,
2026-10-05 07:11:27,7275.0,7317.0,0,0,0,0,0,0,0,0,,,,,,
2026-10-05 07:11:27,7275.0,7317.0,0,752,0,3,0,0,3,0,,,,,,
2026-10-05 07:11:27,7280.0,7322.0,306,612,0,11,0,0,11,0,,,,,,
2026-10-05 07:11:27,7280.0,7322.0,0,33,0,0,0,0,0,0,,,,,,
2026-10-05 07:11:27,7280.0,7322.0,0,0,0,0,0,0,0,0,,,,,,
2026-10-05 07:11:27,7285.0,7327.0,0,71,0,1,0,0,1,0,,,,,,
2026-10-05 07:11:27,7290.0,7332.0,1,310,0,5,0,0,5,0,,,,,,
2026-10-05 07:11:27,7290.0,7332.0,0,55,0,0,0,0,0,0,,,,,,
2026-10-05 07:11:27,7290.0,7332.0,0,0,0,0,0,0,0,0,,,,,,
2026-10-05 07:11:27,7295.0,7337.0,0,137,0,3,0,0,3,0,,,,,,
2026-10-05 07:11:27,7300.0,7342.0,0,172,0,20,0,0,20,0,,,,,,
2026-10-05 07:11:27,7300.0,7342.0,0,226,0,7,0,0,7,0,,,,,,
2026-10-05 07:11:27,7300.0,7342.0,0,125,0,3,0,0,3,0,,,,,,
2026-10-05 07:11:27,7300.0,7342.0,0,167,0,3,0,0,3,0,,,,,,
2026-10-05 07:11:27,7300.0,7342.0,106,6480,0,13,0,0,13,0,,,,,,
2026-10-05 07:11:27,7300.0,7342.0,0,95,0,2,0,0,2,0,,,,,,
2026-10-05 07:11:27,7300.0,7342.0,5,435,0,1,0,0,1,0,,,,,,
2026-10-05 07:11:27,7300.0,7342.0,3,308,0,15,0,0,15,0,,,,,,
2026-10-05 07:11:27,7300.0,7342.0,0,18,0,0,0,0,0,0,,,,,,
2026-10-05 07:11:27,7300.0,7342.0,4,573,0,5,0,0,5,0,,,,,,
2026-10-05 07:11:27,7300.0,7342.0,0,12,0,14,0,2,14,2,,,,,,
2026-10-05 07:11:27,7300.0,7342.0,0,5,0,8,0,3,8,3,,,,,,
2026-10-05 07:11:27,7300.0,7342.0,0,0,0,0,0,0,0,0,,,,,,
2026-10-05 07:11:27,7300.0,7342.0,6,405,0,7,0,0,7,0,,,,,,
2026-10-05 07:11:27,7305.0,7347.0,1,127,0,2,0,0,2,0,,,,,,
2026-10-05 07:11:27,7310.0,7352.0,9,234,0,5,0,0,5,0,,,,,,
2026-10-05 07:11:27,7310.0,7352.0,0,52,0,3,0,0,3,0,,,,,,
2026-10-05 07:11:27,7310.0,7352.0,0,0,0,0,0,0,0,0,,,,,,
2026-10-05 07:11:27,7315.0,7357.0,1,69,0,1,0,0,1,0,,,,,,
2026-10-05 07:11:27,7320.0,7362.0,22,801,0,5,0,0,5,0,,,,,,
2026-10-05 07:11:27,7320.0,7362.0,0,33,0,1,0,0,1,0,,,,,,
2026-10-05 07:11:27,7320.0,7362.0,0,0,0,3,0,3,3,3,,,,,,
2026-10-05 07:11:27,7325.0,7367.0,0,307,0,4,0,0,4,0,,,,,,
2026-10-05 07:11:27,7325.0,7367.0,0,147,0,0,0,0,0,0,,,,,,
2026-10-05 07:11:27,7325.0,7367.0,0,84,0,0,0,0,0,0,,,,,,
2026-10-05 07:11:27,7325.0,7367.0,0,53,0,4,0,0,4,0,,,,,,
2026-10-05 07:11:27,7325.0,7367.0,22,531,0,6,0,0,6,0,,,,,,
2026-10-05 07:11:27,7325.0,7367.0,0,141,0,1,0,0,1,0,,,,,,
2026-10-05 07:11:27,7325.0,7367.0,1,120,0,1,0,0,1,0,,,,,,
2026-10-05 07:11:27,7325.0,7367.0,0,78,0,5,0,0,5,0,,,,,,
2026-10-05 07:11:27,7325.0,7367.0,0,16,0,2,0,0,2,0,,,,,,
2026-10-05 07:11:27,7325.0,7367.0,0,370,0,1,0,0,1,0,,,,,,
2026-10-05 07:11:27,7325.0,7367.0,0,19,0,8,0,0,8,0,,,,,,
2026-10-05 07:11:27,7325.0,7367.0,0,0,0,0,0,0,0,0,,,,,,
2026-10-05 07:11:27,7325.0,7367.0,0,0,0,0,0,0,0,0,,,,,,
2026-10-05 07:11:27,7325.0,7367.0,0,168,0,7,0,0,7,0,,,,,,
2026-10-05 07:11:27,7330.0,7372.0,6,972,0,4,0,0,4,0,,,,,,
2026-10-05 07:11:27,7330.0,7372.0,0,47,0,0,0,0,0,0,,,,,,
2026-10-05 07:11:27,7330.0,7372.0,0,0,0,3,0,3,3,3,,,,,,
2026-10-05 07:11:27,7335.0,7377.0,9,122,0,2,0,0,2,0,,,,,,
2026-10-05 07:11:27,7340.0,7382.0,23,317,0,4,0,0,4,0,,,,,,
2026-10-05 07:11:27,7340.0,7382.0,0,37,0,0,0,0,0,0,,,,,,
2026-10-05 07:11:27,7340.0,7382.0,0,0,0,0,0,0,0,0,,,,,,
2026-10-05 07:11:27,7345.0,7387.0,21,531,0,36,0,0,36,0,,,,,,
2026-10-05 07:11:27,7350.0,7392.0,0,518,0,9,0,0,9,0,,,,,,
2026-10-05 07:11:27,7350.0,7392.0,19,126,0,4,0,0,4,0,,,,,,
2026-10-05 07:11:27,7350.0,7392.0,0,178,0,2,0,0,2,0,,,,,,
2026-10-05 07:11:27,7350.0,7392.0,0,96,0,9,0,0,9,0,,,,,,
2026-10-05 07:11:27,7350.0,7392.0,58,5579,0,19,0,0,19,0,,,,,,
2026-10-05 07:11:27,7350.0,7392.0,1,82,0,0,0,0,0,0,,,,,,
2026-10-05 07:11:27,7350.0,7392.0,18,118,0,0,0,0,0,0,,,,,,
2026-10-05 07:11:27,7350.0,7392.0,1,117,0,16,0,0,16,0,,,,,,
2026-10-05 07:11:27,7350.0,7392.0,0,20,0,0,0,0,0,0,,,,,,
2026-10-05 07:11:27,7350.0,7392.0,25,369,0,2,0,0,2,0,,,,,,
2026-10-05 07:11:27,7350.0,7392.0,0,8,0,4,0,0,4,0,,,,,,
2026-10-05 07:11:27,7350.0,7392.0,0,10,0,0,0,0,0,0,,,,,,
2026-10-05 07:11:27,7350.0,7392.0,0,0,0,0,0,0,0,0,,,,,,
2026-10-05 07:11:27,7350.0,7392.0,1,285,0,6,0,0,6,0,,,,,,
2026-10-05 07:11:27,7355.0,7397.0,21,128,0,33,0,0,33,0,,,,,,
2026-10-05 07:11:27,7360.0,7402.0,0,14,0,3,0,0,3,0,,,,,,
2026-10-05 07:11:27,7360.0,7402.0,0,11,0,0,0,0,0,0,,,,,,
2026-10-05 07:11:27,7360.0,7402.0,0,20,0,0,0,0,0,0,,,,,,
2026-10-05 07:11:27,7360.0,7402.0,31,150,0,1,0,0,1,0,,,,,,
2026-10-05 07:11:27,7360.0,7402.0,250,23,0,4,0,0,4,0,,,,,,
2026-10-05 07:11:27,7360.0,7402.0,0,0,0,0,0,0,0,0,,,,,,
2026-10-05 07:11:27,7365.0,7407.0,32,82,0,11,0,0,11,0,,,,,,
2026-10-05 07:11:27,7370.0,7412.0,1,42,0,13,0,0,13,0,,,,,,
2026-10-05 07:11:27,7370.0,7412.0,0,0,0,0,0,0,0,0,,,,,,
2026-10-05 07:11:27,7370.0,7412.0,0,3,0,0,0,0,0,0,,,,,,
2026-10-05 07:11:27,7370.0,7412.0,0,11,0,0,0,0,0,0,,,,,,
2026-10-05 07:11:27,7370.0,7412.0,24,490,0,1,0,0,1,0,,,,,,
2026-10-05 07:11:27,7370.0,7412.0,0,6,0,0,0,0,0,0,,,,,,
2026-10-05 07:11:27,7370.0,7412.0,0,0,0,0,0,0,0,0,,,,,,
2026-10-05 07:11:27,7375.0,7417.0,0,71,0,5,0,0,5,0,,,,,,
2026-10-05 07:11:27,7375.0,7417.0,1,464,0,5,0,0,5,0,,,,,,
2026-10-05 07:11:27,7375.0,7417.0,0,321,0,0,0,0,0,0,,,,,,
2026-10-05 07:11:27,7375.0,7417.0,0,52,0,0,0,0,0,0,,,,,,
2026-10-05 07:11:27,7375.0,7417.0,35,786,0,5,0,0,5,0,,,,,,
2026-10-05 07:11:27,7375.0,7417.0,0,236,0,3,0,0,3,0,,,,,,
2026-10-05 07:11:27,7375.0,7417.0,1,125,0,0,0,0,0,0,,,,,,
2026-10-05 07:11:27,7375.0,7417.0,0,108,0,6,0,0,6,0,,,,,,
2026-10-05 07:11:27,7375.0,7417.0,0,7,0,0,0,0,0,0,,,,,,
2026-10-05 07:11:27,7375.0,7417.0,0,211,0,4,0,0,4,0,,,,,,
2026-10-05 07:11:27,7375.0,7417.0,0,9,0,3,0,0,3,0,,,,,,
2026-10-05 07:11:27,7375.0,7417.0,0,5,0,0,0,0,0,0,,,,,,
2026-10-05 07:11:27,7375.0,7417.0,0,0,0,0,0,0,0,0,,,,,,
2026-10-05 07:11:27,7375.0,7417.0,0,1032,0,1,0,0,1,0,,,,,,
2026-10-05 07:11:27,7380.0,7422.0,0,64,0,4,0,0,4,0,,,,,,
2026-10-05 07:11:27,7380.0,7422.0,0,33,0,1,0,0,1,0,,,,,,
2026-10-05 07:11:27,7380.0,7422.0,0,1,0,0,0,0,0,0,,,,,,
2026-10-05 07:11:27,7380.0,7422.0,0,0,0,0,0,0,0,0,,,,,,
2026-10-05 07:11:27,7380.0,7422.0,29,304,0,2,0,0,2,0,,,,,,
2026-10-05 07:11:27,7380.0,7422.0,0,73,0,0,0,0,0,0,,,,,,
2026-10-05 07:11:27,7380.0,7422.0,0,0,0,0,0,0,0,0,,,,,,
2026-10-05 07:11:27,7385.0,7427.0,22,122,0,11,0,0,11,0,,,,,,
2026-10-05 07:11:27,7390.0,7432.0,0,28,0,6,0,0,6,0,,,,,,
2026-10-05 07:11:27,7390.0,7432.0,0,33,0,1,0,0,1,0,,,,,,
2026-10-05 07:11:27,7390.0,7432.0,0,1,0,0,0,0,0,0,,,,,,
2026-10-05 07:11:27,7390.0,7432.0,0,7,0,0,0,0,0,0,,,,,,
2026-10-05 07:11:27,7390.0,7432.0,16,349,0,9,0,0,9,0,,,,,,
2026-10-05 07:11:27,7390.0,7432.0,0,60,0,0,0,0,0,0,,,,,,
2026-10-05 07:11:27,7390.0,7432.0,0,0,0,0,0,0,0,0,,,,,,
2026-10-05 07:11:27,7395.0,7437.0,2,150,0,21,0,0,21,0,,,,,,
2026-10-05 07:11:27,7400.0,7442.0,1,131,0,29,0,0,29,0,,,,,,
2026-10-05 07:11:27,7400.0,7442.0,0,482,0,5,0,0,5,0,,,,,,
2026-10-05 07:11:27,7400.0,7442.0,0,182,0,11,0,0,11,0,,,,,,
2026-10-05 07:11:27,7400.0,7442.0,0,38,0,6,0,0,6,0,,,,,,
2026-10-05 07:11:27,7400.0,7442.0,821,4404,1,40,0,0,41,0,,,,,,
2026-10-05 07:11:27,7400.0,7442.0,2,163,0,5,0,0,5,0,,,,,,
2026-10-05 07:11:27,7400.0,7442.0,7,105,0,2,0,0,2,0,,,,,,
2026-10-05 07:11:27,7400.0,7442.0,3,138,0,21,0,0,21,0,,,,,,
2026-10-05 07:11:27,7400.0,7442.0,3,11,0,0,0,0,0,0,,,,,,
2026-10-05 07:11:27,7400.0,7442.0,10,467,0,7,0,0,7,0,,,,,,
2026-10-05 07:11:27,7400.0,7442.0,0,21,0,6,0,0,6,0,,,,,,
2026-10-05 07:11:27,7400.0,7442.0,0,2,0,0,0,0,0,0,,,,,,
2026-10-05 07:11:27,7400.0,7442.0,0,0,0,0,0,0,0,0,,,,,,
2026-10-05 07:11:27,7400.0,7442.0,0,212,0,4,0,0,4,0,,,,,,
2026-10-05 07:11:27,7405.0,7447.0,54,293,0,7,0,0,7,0,,,,,,
2026-10-05 07:11:27,7410.0,7452.0,0,2,0,32,0,30,32,30,,,,,,
2026-10-05 07:11:27,7410.0,7452.0,0,29,0,0,0,0,0,0,,,,,,
2026-10-05 07:11:27,7410.0,7452.0,0,0,0,0,0,0,0,0,,,,,,
2026-10-05 07:11:27,7410.0,7452.0,0,0,0,0,0,0,0,0,,,,,,
2026-10-05 07:11:27,7410.0,7452.0,55,241,0,25,0,0,25,0,,,,,,
2026-10-05 07:11:27,7410.0,7452.0,0,14,0,1,0,0,1,0,,,,,,
2026-10-05 07:11:27,7410.0,7452.0,0,0,0,0,0,0,0,0,,,,,,
2026-10-05 07:11:27,7415.0,7457.0,59,190,0,0,0,0,0,0,,,,,,
2026-10-05 07:11:27,7420.0,7462.0,0,12,0,37,0,25,37,25,,,,,,
2026-10-05 07:11:27,7420.0,7462.0,0,31,0,0,0,0,0,0,,,,,,
2026-10-05 07:11:27,7420.0,7462.0,0,0,0,0,0,0,0,0,,,,,,
2026-10-05 07:11:27,7420.0,7462.0,0,1,0,0,0,0,0,0,,,,,,
2026-10-05 07:11:27,7420.0,7462.0,123,249,0,496,0,247,496,247,,,,4,,4
2026-10-05 07:11:27,7420.0,7462.0,0,11,0,1,0,0,1,0,,,,,,
2026-10-05 07:11:27,7420.0,7462.0,0,0,0,0,0,0,0,0,,,,,,
2026-10-05 07:11:27,7425.0,7467.0,0,77,0,2,0,0,2,0,,,,,,
2026-10-05 07:11:27,7425.0,7467.0,1,37,0,0,0,0,0,0,,,,,,
2026-10-05 07:11:27,7425.0,7467.0,0,35,0,14,0,0,14,0,,,,,,
2026-10-05 07:11:27,7425.0,7467.0,0,83,0,1,0,0,1,0,,,,,,
2026-10-05 07:11:27,7425.0,7467.0,156,910,0,9,0,0,9,0,,,,,,
2026-10-05 07:11:27,7425.0,7467.0,0,69,0,11,0,0,11,0,,,,,,
2026-10-05 07:11:27,7425.0,7467.0,1,67,0,0,0,0,0,0,,,,,,
2026-10-05 07:11:27,7425.0,7467.0,0,104,0,18,0,0,18,0,,,,,,
2026-10-05 07:11:27,7425.0,7467.0,0,7,0,0,0,0,0,0,,,,,,
2026-10-05 07:11:27,7425.0,7467.0,1,187,0,8,0,0,8,0,,,,,,
2026-10-05 07:11:27,7425.0,7467.0,0,13,0,2,0,0,2,0,,,,,,
2026-10-05 07:11:27,7425.0,7467.0,0,5,0,0,0,0,0,0,,,,,,
2026-10-05 07:11:27,7425.0,7467.0,0,0,0,0,0,0,0,0,,,,,,
2026-10-05 07:11:27,7425.0,7467.0,6,101,0,5,0,0,5,0,,,,,,
2026-10-05 07:11:27,7430.0,7472.0,1,23,0,4,0,0,4,0,,,,,,
2026-10-05 07:11:27,7430.0,7472.0,0,28,0,0,0,0,0,0,,,,,,
2026-10-05 07:11:27,7430.0,7472.0,0,1,0,0,0,0,0,0,,,,,,
2026-10-05 07:11:27,7430.0,7472.0,9,3,0,0,0,0,0,0,,,,,,
2026-10-05 07:11:27,7430.0,7472.0,53,210,0,2,0,0,2,0,,,,,,
2026-10-05 07:11:27,7430.0,7472.0,1,212,0,1,0,0,1,0,,,,,,
2026-10-05 07:11:27,7430.0,7472.0,0,0,0,0,0,0,0,0,,,,,,
2026-10-05 07:11:27,7435.0,7477.0,40,330,0,8,0,0,8,0,,,,,,
2026-10-05 07:11:27,7440.0,7482.0,0,22,0,28,0,6,28,6,,,,,,
2026-10-05 07:11:27,7440.0,7482.0,0,36,0,0,0,0,0,0,,,,,,
2026-10-05 07:11:27,7440.0,7482.0,0,3,0,1,0,0,1,0,,,,,,
2026-10-05 07:11:27,7440.0,7482.0,0,6,0,0,0,0,0,0,,,,,,
2026-10-05 07:11:27,7440.0,7482.0,70,772,0,8,0,0,8,0,,,,,,
2026-10-05 07:11:27,7440.0,7482.0,0,60,0,2,0,0,2,0,,,,,,
2026-10-05 07:11:27,7440.0,7482.0,0,0,0,0,0,0,0,0,,,,,,
2026-10-05 07:11:27,7445.0,7487.0,29,122,0,10,0,0,10,0,,,,,,
2026-10-05 07:11:27,7450.0,7492.0,0,236,0,46,0,0,46,0,,,,,,
2026-10-05 07:11:27,7450.0,7492.0,0,53,0,0,0,0,0,0,,,,,,
2026-10-05 07:11:27,7450.0,7492.0,2,680,0,6,0,0,6,0,,,,,,
2026-10-05 07:11:27,7450.0,7492.0,0,68,0,2,0,0,2,0,,,,,,
2026-10-05 07:11:27,7450.0,7492.0,272,10227,0,9,0,0,9,0,,,,,,
2026-10-05 07:11:27,7450.0,7492.0,5,33,0,14,0,0,14,0,,,,,,
2026-10-05 07:11:27,7450.0,7492.0,13,163,0,0,0,0,0,0,,,,,,
2026-10-05 07:11:27,7450.0,7492.0,1,143,0,6,0,0,6,0,,,,,,
2026-10-05 07:11:27,7450.0,7492.0,0,12,0,0,0,0,0,0,,,,,,
2026-10-05 07:11:27,7450.0,7492.0,7,357,0,6,0,0,6,0,,,,,,
2026-10-05 07:11:27,7450.0,7492.0,0,4,0,7,0,3,7,3,,,,,,
2026-10-05 07:11:27,7450.0,7492.0,0,47,0,0,0,0,0,0,,,,,,
2026-10-05 07:11:27,7450.0,7492.0,0,0,0,0,0,0,0,0,,,,,,
2026-10-05 07:11:27,7450.0,7492.0,3,146,0,0,0,0,0,0,,,,,,
2026-10-05 07:11:27,7455.0,7497.0,39,53,0,12,0,0,12,0,,,,,,
2026-10-05 07:11:27,7460.0,7502.0,0,102,0,30,0,0,30,0,,,,,,
2026-10-05 07:11:27,7460.0,7502.0,0,16,0,0,0,0,0,0,,,,,,
2026-10-05 07:11:27,7460.0,7502.0,0,1,0,0,0,0,0,0,,,,,,
2026-10-05 07:11:27,7460.0,7502.0,0,23,0,0,0,0,0,0,,,,,,
2026-10-05 07:11:27,7460.0,7502.0,247,337,0,0,0,0,0,0,,,,,,
2026-10-05 07:11:27,7460.0,7502.0,2,104,0,0,0,0,0,0,,,,,,
2026-10-05 07:11:27,7460.0,7502.0,0,0,0,0,0,0,0,0,,,,,,
2026-10-05 07:11:27,7465.0,7507.0,15,170,0,2,0,0,2,0,,,,,,
2026-10-05 07:11:27,7470.0,7512.0,0,11,0,3,0,0,3,0,,,,,,
2026-10-05 07:11:27,7470.0,7512.0,0,10,0,0,0,0,0,0,,,,,,
2026-10-05 07:11:27,7470.0,7512.0,0,0,0,0,0,0,0,0,,,,,,
2026-10-05 07:11:27,7470.0,7512.0,0,10,0,0,0,0,0,0,,,,,,
2026-10-05 07:11:27,7470.0,7512.0,35,421,0,1,0,0,1,0,,,,,,
2026-10-05 07:11:27,7470.0,7512.0,5,91,0,1,0,0,1,0,,,,,,
2026-10-05 07:11:27,7470.0,7512.0,0,0,0,0,0,0,0,0,,,,,,
2026-10-05 07:11:27,7475.0,7517.0,2,61,0,0,0,0,0,0,,,,,,
2026-10-05 07:11:27,7475.0,7517.0,0,108,0,0,0,0,0,0,,,,,,
2026-10-05 07:11:27,7475.0,7517.0,0,90,0,1,0,0,1,0,,,,,,
2026-10-05 07:11:27,7475.0,7517.0,1,30,0,1,0,0,1,0,,,,,,
2026-10-05 07:11:27,7475.0,7517.0,533,1257,1,3,0,0,4,0,,,,,,
2026-10-05 07:11:27,7475.0,7517.0,0,111,0,7,0,0,7,0,,,,,,
2026-10-05 07:11:27,7475.0,7517.0,17,145,0,1,0,0,1,0,,,,,,
2026-10-05 07:11:27,7475.0,7517.0,1,274,0,22,0,0,22,0,,,,,,
2026-10-05 07:11:27,7475.0,7517.0,1,7,0,0,0,0,0,0,,,,,,
2026-10-05 07:11:27,7475.0,7517.0,1,154,0,8,0,0,8,0,,,,,,
2026-10-05 07:11:27,7475.0,7517.0,0,21,0,0,0,0,0,0,,,,,,
2026-10-05 07:11:27,7475.0,7517.0,0,0,0,0,0,0,0,0,,,,,,
2026-10-05 07:11:27,7475.0,7517.0,0,0,0,0,0,0,0,0,,,,,,
2026-10-05 07:11:27,7475.0,7517.0,2,206,0,2,0,0,2,0,,,,,,
2026-10-05 07:11:27,7480.0,7522.0,5,3,0,2,0,0,2,0,,,,,,
2026-10-05 07:11:27,7480.0,7522.0,0,5,0,3,0,0,3,0,,,,,,
2026-10-05 07:11:27,7480.0,7522.0,0,21,0,0,0,0,0,0,,,,,,
2026-10-05 07:11:27,7480.0,7522.0,0,0,0,0,0,0,0,0,,,,,,
2026-10-05 07:11:27,7480.0,7522.0,38,139,0,1,0,0,1,0,,,,,,
2026-10-05 07:11:27,7480.0,7522.0,14,55,0,3,0,0,3,0,,,,,,
2026-10-05 07:11:27,7480.0,7522.0,0,0,0,0,0,0,0,0,,,,,,
2026-10-05 07:11:27,7485.0,7527.0,94,66,0,2,0,0,2,0,,,,,,
2026-10-05 07:11:27,7490.0,7532.0,0,15,0,0,0,0,0,0,,,,,,
2026-10-05 07:11:27,7490.0,7532.0,0,12,0,0,0,0,0,0,,,,,,
2026-10-05 07:11:27,7490.0,7532.0,0,56,0,0,0,0,0,0,,,,,,
2026-10-05 07:11:27,7490.0,7532.0,0,0,0,0,0,0,0,0,,,,,,
2026-10-05 07:11:27,7490.0,7532.0,85,298,0,57,0,0,57,0,,,,,,
2026-10-05 07:11:27,7490.0,7532.0,0,47,0,1,0,0,1,0,,,,,,
2026-10-05 07:11:27,7490.0,7532.0,0,0,0,0,0,0,0,0,,,,,,
2026-10-05 07:11:27,7495.0,7537.0,13,96,0,13,0,0,13,0,,,,,,
2026-10-05 07:11:27,7500.0,7542.0,49,116,0,12,0,0,12,0,,,,,,
2026-10-05 07:11:27,7500.0,7542.0,31,49,31,4,0,0,35,0,,,,,,
2026-10-05 07:11:27,7500.0,7542.0,2,281,0,0,0,0,0,0,,,,,,
2026-10-05 07:11:27,7500.0,7542.0,13,64,0,7,0,0,7,0,,,,,,
2026-10-05 07:11:27,7500.0,7542.0,404,4116,4,263,0,0,267,0,,,,,,
2026-10-05 07:11:27,7500.0,7542.0,12,571,0,16,0,0,16,0,,,,,,
2026-10-05 07:11:27,7500.0,7542.0,23,94,0,1,0,0,1,0,,,,,,
2026-10-05 07:11:27,7500.0,7542.0,1,160,0,2,0,0,2,0,,,,,,
2026-10-05 07:11:27,7500.0,7542.0,0,46,0,0,0,0,0,0,,,,,,
2026-10-05 07:11:27,7500.0,7542.0,31,413,0,19,0,0,19,0,,,,,,
2026-10-05 07:11:27,7500.0,7542.0,0,6,0,0,0,0,0,0,,,,,,
2026-10-05 07:11:27,7500.0,7542.0,0,40,0,0,0,0,0,0,,,,,,
2026-10-05 07:11:27,7500.0,7542.0,0,0,0,0,0,0,0,0,,,,,,
2026-10-05 07:11:27,7500.0,7542.0,13,336,0,2,0,0,2,0,,,,,,
2026-10-05 07:11:27,7505.0,7547.0,59,143,0,2,0,0,2,0,,,,,,
2026-10-05 07:11:27,7510.0,7552.0,0,4,0,0,0,0,0,0,,,,,,
2026-10-05 07:11:27,7510.0,7552.0,0,6,0,5,0,0,5,0,,,,,,
2026-10-05 07:11:27,7510.0,7552.0,0,101,0,0,0,0,0,0,,,,,,
2026-10-05 07:11:27,7510.0,7552.0,0,2,0,0,0,0,0,0,,,,,,
2026-10-05 07:11:27,7510.0,7552.0,86,339,0,2,0,0,2,0,,,,,,
2026-10-05 07:11:27,7510.0,7552.0,5,39,0,2,0,0,2,0,,,,,,
2026-10-05 07:11:27,7510.0,7552.0,0,0,0,20,0,20,20,20,,,,,,
2026-10-05 07:11:27,7515.0,7557.0,18,194,0,0,0,0,0,0,,,,,,
2026-10-05 07:11:27,7520.0,7562.0,12,11,0,1,0,0,1,0,,,,,,
2026-10-05 07:11:27,7520.0,7562.0,0,22,0,0,0,0,0,0,,,,,,
2026-10-05 07:11:27,7520.0,7562.0,1,14,0,20,0,6,20,6,,,,,,
2026-10-05 07:11:27,7520.0,7562.0,0,20,0,5,0,0,5,0,,,,,,
2026-10-05 07:11:27,7520.0,7562.0,41,187,0,15,0,0,15,0,,,,,,
2026-10-05 07:11:27,7520.0,7562.0,1,11,0,0,0,0,0,0,,,,,,
2026-10-05 07:11:27,7520.0,7562.0,0,6,0,0,0,0,0,0,,,,,,
2026-10-05 07:11:27,7520.0,7562.0,0,3,0,1,0,0,1,0,,,,,,
2026-10-05 07:11:27,7520.0,7562.0,0,0,0,0,0,0,0,0,,,,,,
2026-10-05 07:11:27,7520.0,7562.0,10,130,0,0,0,0,0,0,,,,,,
2026-10-05 07:11:27,7520.0,7562.0,0,30,0,0,0,0,0,0,,,,,,
2026-10-05 07:11:27,7525.0,7567.0,8,34,0,2,0,0,2,0,,,,,,
2026-10-05 07:11:27,7525.0,7567.0,1,81,0,0,0,0,0,0,,,,,,
2026-10-05 07:11:27,7525.0,7567.0,31,11,0,0,0,0,0,0,,,,,,
2026-10-05 07:11:27,7525.0,7567.0,0,42,0,0,0,0,0,0,,,,,,
2026-10-05 07:11:27,7525.0,7567.0,110,568,0,51,0,0,51,0,,,,,,
2026-10-05 07:11:27,7525.0,7567.0,22,114,0,1,0,0,1,0,,,,,,
2026-10-05 07:11:27,7525.0,7567.0,13,48,0,0,0,0,0,0,,,,,,
2026-10-05 07:11:27,7525.0,7567.0,3,172,0,12,0,0,12,0,,,,,,
2026-10-05 07:11:27,7525.0,7567.0,1,15,0,0,0,0,0,0,,,,,,
2026-10-05 07:11:27,7525.0,7567.0,4,264,0,2,0,0,2,0,,,,,,
2026-10-05 07:11:27,7525.0,7567.0,2,1,0,1,0,0,1,0,,,,,,
2026-10-05 07:11:27,7525.0,7567.0,0,0,0,0,0,0,0,0,,,,,,
2026-10-05 07:11:27,7525.0,7567.0,0,0,0,0,0,0,0,0,,,,,,
2026-10-05 07:11:27,7525.0,7567.0,7,190,0,20,0,0,20,0,,,,,,
2026-10-05 07:11:27,7530.0,7572.0,0,54,0,0,0,0,0,0,,,,,,
2026-10-05 07:11:27,7530.0,7572.0,1,53,0,0,0,0,0,0,,,,,,
2026-10-05 07:11:27,7530.0,7572.0,0,4,0,0,0,0,0,0,,,,,,
2026-10-05 07:11:27,7530.0,7572.0,31,34,0,0,0,0,0,0,,,,,,
2026-10-05 07:11:27,7530.0,7572.0,46,520,0,11,0,0,11,0,,,,,,
2026-10-05 07:11:27,7530.0,7572.0,33,6,0,0,0,0,0,0,,,,,,
2026-10-05 07:11:27,7530.0,7572.0,0,4,34,0,34,0,34,34,,,,,2,
2026-10-05 07:11:27,7530.0,7572.0,0,2,0,0,0,0,0,0,,,,,,
2026-10-05 07:11:27,7530.0,7572.0,0,0,0,0,0,0,0,0,,,,,,
2026-10-05 07:11:27,7530.0,7572.0,2,30,0,3,0,0,3,0,,,,,,
2026-10-05 07:11:27,7530.0,7572.0,5,29,0,0,0,0,0,0,,,,,,
2026-10-05 07:11:27,7535.0,7577.0,104,233,0,0,0,0,0,0,,,,,,
2026-10-05 07:11:27,7540.0,7582.0,0,47,0,2,0,0,2,0,,,,,,
2026-10-05 07:11:27,7540.0,7582.0,0,49,0,1,0,0,1,0,,,,,,
2026-10-05 07:11:27,7540.0,7582.0,1,12,0,0,0,0,0,0,,,,,,
2026-10-05 07:11:27,7540.0,7582.0,0,3,0,6,0,3,6,3,,,,,,
2026-10-05 07:11:27,7540.0,7582.0,112,648,0,4,0,0,4,0,,,,,,
2026-10-05 07:11:27,7540.0,7582.0,4,2,0,1,0,0,1,0,,,,,,
2026-10-05 07:11:27,7540.0,7582.0,0,0,0,0,0,0,0,0,,,,,,
2026-10-05 07:11:27,7540.0,7582.0,0,2,0,2,0,0,2,0,,,,,,
2026-10-05 07:11:27,7540.0,7582.0,0,0,0,0,0,0,0,0,,,,,,
2026-10-05 07:11:27,7540.0,7582.0,6,73,0,12,0,0,12,0,,,,,,
2026-10-05 07:11:27,7540.0,7582.0,0,3,0,0,0,0,0,0,,,,,,
2026-10-05 07:11:27,7545.0,7587.0,35,362,0,4,0,0,4,0,,,,,,
2026-10-05 07:11:27,7550.0,7592.0,7,94,0,5,0,0,5,0,,,,,,
2026-10-05 07:11:27,7550.0,7592.0,8,28,0,0,0,0,0,0,,,,,,
2026-10-05 07:11:27,7550.0,7592.0,1,32,0,0,0,0,0,0,,,,,,
2026-10-05 07:11:27,7550.0,7592.0,15,35,0,0,0,0,0,0,,,,,,
2026-10-05 07:11:27,7550.0,7592.0,684,4682,0,132,0,0,132,0,,,,,,
2026-10-05 07:11:27,7550.0,7592.0,28,121,0,1,0,0,1,0,,,,,,
2026-10-05 07:11:27,7550.0,7592.0,27,61,0,0,0,0,0,0,,,,,,
2026-10-05 07:11:27,7550.0,7592.0,8,73,0,2,0,0,2,0,,,,,,
2026-10-05 07:11:27,7550.0,7592.0,1,1,0,0,0,0,0,0,,,,,,
2026-10-05 07:11:27,7550.0,7592.0,17,208,0,15,0,0,15,0,,,,,,
2026-10-05 07:11:27,7550.0,7592.0,2,4,0,0,0,0,0,0,,,,,,
2026-10-05 07:11:27,7550.0,7592.0,0,1,0,0,0,0,0,0,,,,,,
2026-10-05 07:11:27,7550.0,7592.0,0,0,0,0,0,0,0,0,,,,,,
2026-10-05 07:11:27,7550.0,7592.0,15,212,0,2,0,0,2,0,,,,,,
2026-10-05 07:11:27,7555.0,7597.0,37,164,0,2,0,0,2,0,,,,,,
2026-10-05 07:11:27,7560.0,7602.0,0,7,0,2,0,0,2,0,,,,,,
2026-10-05 07:11:27,7560.0,7602.0,4,2,0,0,0,0,0,0,,,,,,
2026-10-05 07:11:27,7560.0,7602.0,8,28,0,0,0,0,0,0,,,,,,
2026-10-05 07:11:27,7560.0,7602.0,0,6,0,0,0,0,0,0,,,,,,
2026-10-05 07:11:27,7560.0,7602.0,60,474,0,3,0,0,3,0,,,,,,
2026-10-05 07:11:27,7560.0,7602.0,0,7,0,10,0,3,10,3,,,,,,
2026-10-05 07:11:27,7560.0,7602.0,0,3,0,0,0,0,0,0,,,,,,
2026-10-05 07:11:27,7560.0,7602.0,0,1,0,0,0,0,0,0,,,,,,
2026-10-05 07:11:27,7560.0,7602.0,0,0,0,0,0,0,0,0,,,,,,
2026-10-05 07:11:27,7560.0,7602.0,7,31,0,13,0,0,13,0,,,,,,
2026-10-05 07:11:27,7560.0,7602.0,0,65,0,0,0,0,0,0,,,,,,
2026-10-05 07:11:27,7565.0,7607.0,88,164,0,1,0,0,1,0,,,,,,
2026-10-05 07:11:27,7570.0,7612.0,0,7,0,0,0,0,0,0,,,,,,
2026-10-05 07:11:27,7570.0,7612.0,2,92,0,0,0,0,0,0,,,,,,
2026-10-05 07:11:27,7570.0,7612.0,40,66,0,0,0,0,0,0,,,,,,
2026-10-05 07:11:27,7570.0,7612.0,0,51,0,0,0,0,0,0,,,,,,
2026-10-05 07:11:27,7570.0,7612.0,38,233,0,1,0,0,1,0,,,,,,
2026-10-05 07:11:27,7570.0,7612.0,5,2,0,0,0,0,0,0,,,,,,
2026-10-05 07:11:27,7570.0,7612.0,0,0,0,0,0,0,0,0,,,,,,
2026-10-05 07:11:27,7570.0,7612.0,0,2,0,0,0,0,0,0,,,,,,
2026-10-05 07:11:27,7570.0,7612.0,0,0,0,0,0,0,0,0,,,,,,
2026-10-05 07:11:27,7570.0,7612.0,5,34,0,0,0,0,0,0,,,,,,
2026-10-05 07:11:27,7570.0,7612.0,0,15,0,0,0,0,0,0,,,,,,
2026-10-05 07:11:27,7575.0,7617.0,7,70,0,1,0,0,1,0,,,,,,
2026-10-05 07:11:27,7575.0,7617.0,0,35,0,0,0,0,0,0,,,,,,
2026-10-05 07:11:27,7575.0,7617.0,19,43,0,0,0,0,0,0,,,,,,
2026-10-05 07:11:27,7575.0,7617.0,3,52,0,1,0,0,1,0,,,,,,
2026-10-05 07:11:27,7575.0,7617.0,283,540,0,111,0,0,111,0,,,,,,
2026-10-05 07:11:27,7575.0,7617.0,7,57,0,2,0,0,2,0,,,,,,
2026-10-05 07:11:27,7575.0,7617.0,4,93,0,0,0,0,0,0,,,,,,
2026-10-05 07:11:27,7575.0,7617.0,2,91,0,1,0,0,1,0,,,,,,
2026-10-05 07:11:27,7575.0,7617.0,1,8,0,0,0,0,0,0,,,,,,
2026-10-05 07:11:27,7575.0,7617.0,8,177,0,10,0,0,10,0,,,,,,
2026-10-05 07:11:27,7575.0,7617.0,0,10,0,0,0,0,0,0,,,,,,
2026-10-05 07:11:27,7575.0,7617.0,0,1,0,0,0,0,0,0,,,,,,
2026-10-05 07:11:27,7575.0,7617.0,0,0,0,0,0,0,0,0,,,,,,
2026-10-05 07:11:27,7575.0,7617.0,5,48,0,0,0,0,0,0,,,,,,
2026-10-05 07:11:27,7580.0,7622.0,9,45,0,26,0,0,26,0,,,,,,
2026-10-05 07:11:27,7580.0,7622.0,0,266,0,0,0,0,0,0,,,,,,
2026-10-05 07:11:27,7580.0,7622.0,29,30,0,0,0,0,0,0,,,,,,
2026-10-05 07:11:27,7580.0,7622.0,0,98,0,1,0,0,1,0,,,,,,
2026-10-05 07:11:27,7580.0,7622.0,160,373,1,3,0,0,4,0,,,,,,
2026-10-05 07:11:27,7580.0,7622.0,0,50,0,3,0,0,3,0,,,,,,
2026-10-05 07:11:27,7580.0,7622.0,0,63,0,8,0,0,8,0,,,,,,
2026-10-05 07:11:27,7580.0,7622.0,0,1,0,5,0,4,5,4,,,,,,
2026-10-05 07:11:27,7580.0,7622.0,0,1,0,0,0,0,0,0,,,,,,
2026-10-05 07:11:27,7580.0,7622.0,2,86,0,0,0,0,0,0,,,,,,
2026-10-05 07:11:27,7580.0,7622.0,7,31,0,0,0,0,0,0,,,,,,
2026-10-05 07:11:27,7585.0,7627.0,102,1377,0,1,0,0,1,0,,,,,,
2026-10-05 07:11:27,7585.0,7627.0,0,0,0,0,0,0,0,0,,,,,,
2026-10-05 07:11:27,7590.0,7632.0,0,30,0,8,0,0,8,0,,,,,,
2026-10-05 07:11:27,7590.0,7632.0,0,7,0,0,0,0,0,0,,,,,,
2026-10-05 07:11:27,7590.0,7632.0,27,43,0,0,0,0,0,0,,,,,,
2026-10-05 07:11:27,7590.0,7632.0,40,22,0,0,0,0,0,0,,,,,,
2026-10-05 07:11:27,7590.0,7632.0,115,276,1,0,0,0,1,0,,,,,,
2026-10-05 07:11:27,7590.0,7632.0,0,51,0,0,0,0,0,0,,,,,,
2026-10-05 07:11:27,7590.0,7632.0,0,35,0,8,0,0,8,0,,,,,,
2026-10-05 07:11:27,7590.0,7632.0,0,10,0,5,0,0,5,0,,,,,,
2026-10-05 07:11:27,7590.0,7632.0,0,0,0,0,0,0,0,0,,,,,,
2026-10-05 07:11:27,7590.0,7632.0,4,44,0,0,0,0,0,0,,,,,,
2026-10-05 07:11:27,7590.0,7632.0,0,19,0,0,0,0,0,0,,,,,,
2026-10-05 07:11:27,7595.0,7637.0,77,163,0,0,0,0,0,0,,,,,,
2026-10-05 07:11:27,7595.0,7637.0,0,0,0,0,0,0,0,0,,,,,,
2026-10-05 07:11:27,7600.0,7642.0,21,156,0,4,0,0,4,0,,,,,,
2026-10-05 07:11:27,7600.0,7642.0,21,64,0,0,0,0,0,0,,,,,,
2026-10-05 07:11:27,7600.0,7642.0,26,155,0,0,0,0,0,0,,,,,,
2026-10-05 07:11:27,7600.0,7642.0,19,28,0,0,0,0,0,0,,,,,,
2026-10-05 07:11:27,7600.0,7642.0,1238,6122,16,405,0,0,421,0,,,,,,
2026-10-05 07:11:27,7600.0,7642.0,32,67,0,2,0,0,2,0,,,,,,
2026-10-05 07:11:27,7600.0,7642.0,11,169,0,5,0,0,5,0,,,,,,
2026-10-05 07:11:27,7600.0,7642.0,42,250,0,1,0,0,1,0,,,,,,
2026-10-05 07:11:27,7600.0,7642.0,9,4,0,0,0,0,0,0,,,,,,
2026-10-05 07:11:27,7600.0,7642.0,38,235,0,20,0,0,20,0,,,,,,
2026-10-05 07:11:27,7600.0,7642.0,0,4,0,0,0,0,0,0,,,,,,
2026-10-05 07:11:27,7600.0,7642.0,0,1,0,0,0,0,0,0,,,,,,
2026-10-05 07:11:27,7600.0,7642.0,0,0,0,0,0,0,0,0,,,,,,
2026-10-05 07:11:27,7600.0,7642.0,16,112,0,3,0,0,3,0,,,,,,
2026-10-05 07:11:27,7605.0,7647.0,104,404,0,0,0,0,0,0,,,,,,
2026-10-05 07:11:27,7605.0,7647.0,0,0,0,0,0,0,0,0,,,,,,
2026-10-05 07:11:27,7610.0,7652.0,1,33,0,9,0,0,9,0,,,,,,
2026-10-05 07:11:27,7610.0,7652.0,148,104,0,2,0,0,2,0,,,,,,
2026-10-05 07:11:27,7610.0,7652.0,35,86,0,0,0,0,0,0,,,,,,
2026-10-05 07:11:27,7610.0,7652.0,21,28,0,0,0,0,0,0,,,,,,
2026-10-05 07:11:27,7610.0,7652.0,236,186,0,0,0,0,0,0,,,,,,
2026-10-05 07:11:27,7610.0,7652.0,2,20,0,0,0,0,0,0,,,,,,
2026-10-05 07:11:27,7610.0,7652.0,0,6,0,0,0,0,0,0,,,,,,
2026-10-05 07:11:27,7610.0,7652.0,0,77,0,0,0,0,0,0,,,,,,
2026-10-05 07:11:27,7610.0,7652.0,0,0,0,0,0,0,0,0,,,,,,
2026-10-05 07:11:27,7610.0,7652.0,4,57,0,0,0,0,0,0,,,,,,
2026-10-05 07:11:27,7610.0,7652.0,1,11,0,0,0,0,0,0,,,,,,
2026-10-05 07:11:27,7615.0,7657.0,33,189,0,0,0,0,0,0,,,,,,
2026-10-05 07:11:27,7615.0,7657.0,0,0,0,0,0,0,0,0,,,,,,
2026-10-05 07:11:27,7620.0,7662.0,4,30,0,3,0,0,3,0,,,,,,
2026-10-05 07:11:27,7620.0,7662.0,1,16,0,0,0,0,0,0,,,,,,
2026-10-05 07:11:27,7620.0,7662.0,20,70,0,0,0,0,0,0,,,,,,
2026-10-05 07:11:27,7620.0,7662.0,0,101,0,0,0,0,0,0,,,,,,
2026-10-05 07:11:27,7620.0,7662.0,89,541,0,5,0,0,5,0,,,,,,
2026-10-05 07:11:27,7620.0,7662.0,40,24,0,30,0,6,30,6,,,,,,
2026-10-05 07:11:27,7620.0,7662.0,0,14,0,0,0,0,0,0,,,,,,
2026-10-05 07:11:27,7620.0,7662.0,0,0,0,0,0,0,0,0,,,,,,
2026-10-05 07:11:27,7620.0,7662.0,0,0,0,0,0,0,0,0,,,,,,
2026-10-05 07:11:27,7620.0,7662.0,22,96,0,0,0,0,0,0,,,,,,
2026-10-05 07:11:27,7620.0,7662.0,0,39,0,1,0,0,1,0,,,,,,
2026-10-05 07:11:27,7625.0,7667.0,54,101,0,0,0,0,0,0,,,,,,
2026-10-05 07:11:27,7625.0,7667.0,25,214,0,0,0,0,0,0,,,,,,
2026-10-05 07:11:27,7625.0,7667.0,32,28,0,0,0,0,0,0,,,,,,
2026-10-05 07:11:27,7625.0,7667.0,4,20,0,0,0,0,0,0,,,,,,
2026-10-05 07:11:27,7625.0,7667.0,484,1008,0,2,0,0,2,0,,,,,,
2026-10-05 07:11:27,7625.0,7667.0,3,257,0,1,0,0,1,0,,,,,,
2026-10-05 07:11:27,7625.0,7667.0,73,193,0,0,0,0,0,0,,,,,,
2026-10-05 07:11:27,7625.0,7667.0,30,198,0,1,0,0,1,0,,,,,,
2026-10-05 07:11:27,7625.0,7667.0,10,12,0,0,0,0,0,0,,,,,,
2026-10-05 07:11:27,7625.0,7667.0,34,168,0,2,0,0,2,0,,,,,,
2026-10-05 07:11:27,7625.0,7667.0,0,13,0,0,0,0,0,0,,,,,,
2026-10-05 07:11:27,7625.0,7667.0,0,0,0,0,0,0,0,0,,,,,,
2026-10-05 07:11:27,7625.0,7667.0,0,0,0,0,0,0,0,0,,,,,,
2026-10-05 07:11:27,7625.0,7667.0,3,22,0,2,0,0,2,0,,,,,,
2026-10-05 07:11:27,7630.0,7672.0,5,92,0,0,0,0,0,0,,,,,,
2026-10-05 07:11:27,7630.0,7672.0,3,35,0,0,0,0,0,0,,,,,,
2026-10-05 07:11:27,7630.0,7672.0,87,3,0,0,0,0,0,0,,,,,,
2026-10-05 07:11:27,7630.0,7672.0,4,17,0,0,0,0,0,0,,,,,,
2026-10-05 07:11:27,7630.0,7672.0,158,404,0,3,0,0,3,0,,,,,,
2026-10-05 07:11:27,7630.0,7672.0,6,66,0,0,0,0,0,0,,,,,,
2026-10-05 07:11:27,7630.0,7672.0,1,54,0,3,0,0,3,0,,,,,,
2026-10-05 07:11:27,7630.0,7672.0,8,11,0,1,0,0,1,0,,,,,,
2026-10-05 07:11:27,7630.0,7672.0,0,1,0,0,0,0,0,0,,,,,,
2026-10-05 07:11:27,7630.0,7672.0,74,60,0,0,0,0,0,0,,,,,,
2026-10-05 07:11:27,7630.0,7672.0,4,42,0,0,0,0,0,0,,,,,,
2026-10-05 07:11:27,7635.0,7677.0,102,1745,0,0,0,0,0,0,,,,,,
2026-10-05 07:11:27,7635.0,7677.0,0,0,0,0,0,0,0,0,,,,,,
2026-10-05 07:11:27,7640.0,7682.0,14,115,5,10,0,0,15,0,,,,,,
2026-10-05 07:11:27,7640.0,7682.0,13,64,0,1,0,0,1,0,,,,,,
2026-10-05 07:11:27,7640.0,7682.0,39,99,0,0,0,0,0,0,,,,,,
2026-10-05 07:11:27,7640.0,7682.0,4,6,0,0,0,0,0,0,,,,,,
2026-10-05 07:11:27,7640.0,7682.0,99,215,1,1,0,0,2,0,,,,,,
2026-10-05 07:11:27,7640.0,7682.0,29,54,0,0,0,0,0,0,,,,,,
2026-10-05 07:11:27,7640.0,7682.0,0,47,0,1,0,0,1,0,,,,,,
2026-10-05 07:11:27,7640.0,7682.0,1,0,0,0,0,0,0,0,,,,,,
2026-10-05 07:11:27,7640.0,7682.0,0,0,0,0,0,0,0,0,,,,,,
2026-10-05 07:11:27,7640.0,7682.0,19,40,0,0,0,0,0,0,,,,,,
2026-10-05 07:11:27,7640.0,7682.0,7,63,0,0,0,0,0,0,,,,,,
2026-10-05 07:11:27,7645.0,7687.0,86,170,0,0,0,0,0,0,,,,,,
2026-10-05 07:11:27,7645.0,7687.0,0,0,0,0,0,0,0,0,,,,,,
2026-10-05 07:11:27,7650.0,7692.0,63,244,5,5,0,0,10,0,,,,,,
2026-10-05 07:11:27,7650.0,7692.0,672,1561,0,0,0,0,0,0,,,,,,
2026-10-05 07:11:27,7650.0,7692.0,33,48,0,1,0,0,1,0,,,,,,
2026-10-05 07:11:27,7650.0,7692.0,82,75,0,0,0,0,0,0,,,,,,
2026-10-05 07:11:27,7650.0,7692.0,1507,9382,4,108,0,0,112,0,,,,,,
2026-10-05 07:11:27,7650.0,7692.0,60,272,0,2,0,0,2,0,,,,,,
2026-10-05 07:11:27,7650.0,7692.0,148,271,0,1,0,0,1,0,,,,,,
2026-10-05 07:11:27,7650.0,7692.0,54,99,0,0,0,0,0,0,,,,,,
2026-10-05 07:11:27,7650.0,7692.0,6,54,0,0,0,0,0,0,,,,,,
2026-10-05 07:11:27,7650.0,7692.0,115,268,0,5,0,0,5,0,,,,,,
2026-10-05 07:11:27,7650.0,7692.0,2,19,0,0,0,0,0,0,,,,,,
2026-10-05 07:11:27,7650.0,7692.0,0,0,0,0,0,0,0,0,,,,,,
2026-10-05 07:11:27,7650.0,7692.0,0,0,0,0,0,0,0,0,,,,,,
2026-10-05 07:11:27,7650.0,7692.0,23,143,0,0,0,0,0,0,,,,,,
2026-10-05 07:11:27,7655.0,7697.0,115,148,0,0,0,0,0,0,,,,,,
2026-10-05 07:11:27,7655.0,7697.0,0,0,0,0,0,0,0,0,,,,,,
2026-10-05 07:11:27,7660.0,7702.0,55,68,1,17,0,0,18,0,,,,,,
2026-10-05 07:11:27,7660.0,7702.0,141,35,0,1,0,0,1,0,,,,,,
2026-10-05 07:11:27,7660.0,7702.0,39,76,0,0,0,0,0,0,,,,,,
2026-10-05 07:11:27,7660.0,7702.0,59,14,0,0,0,0,0,0,,,,,,
2026-10-05 07:11:27,7660.0,7702.0,206,154,0,55,0,0,55,0,,,,,,
2026-10-05 07:11:27,7660.0,7702.0,45,82,0,10,0,0,10,0,,,,,,
2026-10-05 07:11:27,7660.0,7702.0,50,52,0,0,0,0,0,0,,,,,,
2026-10-05 07:11:27,7660.0,7702.0,8,0,0,0,0,0,0,0,,,,,,
2026-10-05 07:11:27,7660.0,7702.0,0,0,0,0,0,0,0,0,,,,,,
2026-10-05 07:11:27,7660.0,7702.0,42,37,0,0,0,0,0,0,,,,,,
2026-10-05 07:11:27,7660.0,7702.0,12,59,0,0,0,0,0,0,,,,,,
2026-10-05 07:11:27,7665.0,7707.0,98,342,0,1,0,0,1,0,,,,,,
2026-10-05 07:11:27,7665.0,7707.0,0,0,0,0,0,0,0,0,,,,,,
2026-10-05 07:11:27,7670.0,7712.0,7,43,1,1,0,0,2,0,,,,,,
2026-10-05 07:11:27,7670.0,7712.0,5,61,0,0,0,0,0,0,,,,,,
2026-10-05 07:11:27,7670.0,7712.0,30,31,7,0,0,0,7,0,,,,,,
2026-10-05 07:11:27,7670.0,7712.0,19,38,0,0,0,0,0,0,,,,,,
2026-10-05 07:11:27,7670.0,7712.0,197,531,0,30,0,0,30,0,,,,,,
2026-10-05 07:11:27,7670.0,7712.0,61,22,0,0,0,0,0,0,,,,,,
2026-10-05 07:11:27,7670.0,7712.0,125,129,0,0,0,0,0,0,,,,,,
2026-10-05 07:11:27,7670.0,7712.0,0,0,0,0,0,0,0,0,,,,,,
2026-10-05 07:11:27,7670.0,7712.0,50,0,0,0,0,0,0,0,,,,,,
2026-10-05 07:11:27,7670.0,7712.0,18,97,0,0,0,0,0,0,,,,,,
2026-10-05 07:11:27,7670.0,7712.0,7,57,0,0,0,0,0,0,,,,,,
2026-10-05 07:11:27,7675.0,7717.0,129,426,0,0,0,0,0,0,,,,,,
2026-10-05 07:11:27,7675.0,7717.0,24,257,0,1,0,0,1,0,,,,,,
2026-10-05 07:11:27,7675.0,7717.0,43,283,1,0,0,0,1,0,,,,,,
2026-10-05 07:11:27,7675.0,7717.0,60,293,0,0,0,0,0,0,,,,,,
2026-10-05 07:11:27,7675.0,7717.0,1047,595,22,50,0,0,72,0,,,,,,
2026-10-05 07:11:27,7675.0,7717.0,82,163,0,0,0,0,0,0,,,,,,
2026-10-05 07:11:27,7675.0,7717.0,71,237,0,0,0,0,0,0,,,,,,
2026-10-05 07:11:27,7675.0,7717.0,92,310,1,0,0,0,1,0,,,,,,
2026-10-05 07:11:27,7675.0,7717.0,65,17,0,0,0,0,0,0,,,,,,
2026-10-05 07:11:27,7675.0,7717.0,69,103,0,3,0,0,3,0,,,,,,
2026-10-05 07:11:27,7675.0,7717.0,24,35,0,0,0,0,0,0,,,,,,
2026-10-05 07:11:27,7675.0,7717.0,0,0,0,0,0,0,0,0,,,,,,
2026-10-05 07:11:27,7675.0,7717.0,0,0,0,0,0,0,0,0,,,,,,
2026-10-05 07:11:27,7675.0,7717.0,40,159,6,0,0,0,6,0,,,,,,
2026-10-05 07:11:27,7680.0,7722.0,10,54,2,10,0,0,12,0,,,,,,
2026-10-05 07:11:27,7680.0,7722.0,7,21,0,0,0,0,0,0,,,,,,
2026-10-05 07:11:27,7680.0,7722.0,74,61,0,0,0,0,0,0,,,,,,
2026-10-05 07:11:27,7680.0,7722.0,87,12,0,0,0,0,0,0,,,,,,
2026-10-05 07:11:27,7680.0,7722.0,392,178,3,0,0,0,3,0,,,,,,
2026-10-05 07:11:27,7680.0,7722.0,97,35,0,0,0,0,0,0,,,,,,
2026-10-05 07:11:27,7680.0,7722.0,0,2,0,0,0,0,0,0,,,,,,
2026-10-05 07:11:27,7680.0,7722.0,0,0,0,5,0,5,5,5,,,,,,
2026-10-05 07:11:27,7680.0,7722.0,0,0,0,0,0,0,0,0,,,,,,
2026-10-05 07:11:27,7680.0,7722.0,43,74,20,3,0,0,23,0,,,,,,
2026-10-05 07:11:27,7680.0,7722.0,40,45,0,3,0,0,3,0,,,,,,
2026-10-05 07:11:27,7685.0,7727.0,353,362,0,1,0,0,1,0,,,,,,
2026-10-05 07:11:27,7685.0,7727.0,0,0,20,0,20,0,20,20,,,,,3,
2026-10-05 07:11:27,7690.0,7732.0,62,66,0,17,0,0,17,0,,,,,,
2026-10-05 07:11:27,7690.0,7732.0,17,41,0,0,0,0,0,0,,,,,,
2026-10-05 07:11:27,7690.0,7732.0,35,29,0,0,0,0,0,0,,,,,,
2026-10-05 07:11:27,7690.0,7732.0,28,36,0,2,0,0,2,0,,,,,,
2026-10-05 07:11:27,7690.0,7732.0,549,374,0,19,0,0,19,0,,,,,,
2026-10-05 07:11:27,7690.0,7732.0,7,19,0,1,0,0,1,0,,,,,,
2026-10-05 07:11:27,7690.0,7732.0,5,14,1,4,0,0,5,0,,,,,,
2026-10-05 07:11:27,7690.0,7732.0,0,9,0,0,0,0,0,0,,,,,,
2026-10-05 07:11:27,7690.0,7732.0,0,0,0,0,0,0,0,0,,,,,,
2026-10-05 07:11:27,7690.0,7732.0,51,72,0,13,0,0,13,0,,,,,,
2026-10-05 07:11:27,7690.0,7732.0,18,28,0,0,0,0,0,0,,,,,,
2026-10-05 07:11:27,7695.0,7737.0,469,200,0,0,0,0,0,0,,,,,,
2026-10-05 07:11:27,7695.0,7737.0,0,0,0,0,0,0,0,0,,,,,,
2026-10-05 07:11:27,7700.0,7742.0,413,631,0,14,0,0,14,0,,,,,,
2026-10-05 07:11:27,7700.0,7742.0,273,435,0,0,0,0,0,0,,,,,,
2026-10-05 07:11:27,7700.0,7742.0,96,163,0,0,0,0,0,0,,,,,,
2026-10-05 07:11:27,7700.0,7742.0,28,96,2,4,0,0,6,0,,,,,,
2026-10-05 07:11:27,7700.0,7742.0,2573,5327,44,93,0,0,137,0,,,,,,
2026-10-05 07:11:27,7700.0,7742.0,179,147,2,73,0,0,75,0,,,,,,
2026-10-05 07:11:27,7700.0,7742.0,178,356,0,0,0,0,0,0,,,,,,
2026-10-05 07:11:27,7700.0,7742.0,62,241,1,1,0,0,2,0,,,,,,
2026-10-05 07:11:27,7700.0,7742.0,18,17,0,1,0,0,1,0,,,,,,
2026-10-05 07:11:27,7700.0,7742.0,384,654,24,33,0,0,57,0,,,,,,
2026-10-05 07:11:27,7700.0,7742.0,5,52,0,10,0,0,10,0,,,,,,
2026-10-05 07:11:27,7700.0,7742.0,0,11,1,0,1,0,1,1,,,,,,
2026-10-05 07:11:27,7700.0,7742.0,0,0,0,0,0,0,0,0,,,,,,
2026-10-05 07:11:27,7700.0,7742.0,65,182,2,2,0,0,4,0,,,,,,
2026-10-05 07:11:27,7705.0,7747.0,174,103,0,0,0,0,0,0,,,,,,
2026-10-05 07:11:27,7705.0,7747.0,0,0,20,0,20,0,20,20,,,,,4,
2026-10-05 07:11:27,7710.0,7752.0,132,25,0,1,0,0,1,0,,,,,,
2026-10-05 07:11:27,7710.0,7752.0,124,65,0,0,0,0,0,0,,,,,,
2026-10-05 07:11:27,7710.0,7752.0,19,34,0,0,0,0,0,0,,,,,,
2026-10-05 07:11:27,7710.0,7752.0,60,28,0,2,0,0,2,0,,,,,,
2026-10-05 07:11:27,7710.0,7752.0,369,137,0,1,0,0,1,0,,,,,,
2026-10-05 07:11:27,7710.0,7752.0,59,12,0,1,0,0,1,0,,,,,,
2026-10-05 07:11:27,7710.0,7752.0,13,3,0,0,0,0,0,0,,,,,,
2026-10-05 07:11:27,7710.0,7752.0,5,1,0,0,0,0,0,0,,,,,,
2026-10-05 07:11:27,7710.0,7752.0,0,0,0,0,0,0,0,0,,,,,,
2026-10-05 07:11:27,7710.0,7752.0,37,93,0,0,0,0,0,0,,,,,,
2026-10-05 07:11:27,7710.0,7752.0,23,99,0,0,0,0,0,0,,,,,,
2026-10-05 07:11:27,7715.0,7757.0,263,97,0,1,0,0,1,0,,,,,,
2026-10-05 07:11:27,7715.0,7757.0,0,0,0,0,0,0,0,0,,,,,,
2026-10-05 07:11:27,7720.0,7762.0,90,32,4,2,0,0,6,0,,,,,,
2026-10-05 07:11:27,7720.0,7762.0,30,31,12,1,0,0,13,0,,,,,,
2026-10-05 07:11:27,7720.0,7762.0,22,22,0,0,0,0,0,0,,,,,,
2026-10-05 07:11:27,7720.0,7762.0,26,16,2,2,0,0,4,0,,,,,,
2026-10-05 07:11:27,7720.0,7762.0,205,1857,3,1,0,0,4,0,,,,,,
2026-10-05 07:11:27,7720.0,7762.0,87,63,4,24,0,0,28,0,,,,,,
2026-10-05 07:11:27,7720.0,7762.0,10,0,3,2,0,2,5,2,,,,,,
2026-10-05 07:11:27,7720.0,7762.0,2,0,0,0,0,0,0,0,,,,,,
2026-10-05 07:11:27,7720.0,7762.0,25,0,0,0,0,0,0,0,,,,,,
2026-10-05 07:11:27,7720.0,7762.0,29,43,0,2,0,0,2,0,,,,,,
2026-10-05 07:11:27,7720.0,7762.0,23,45,0,7,0,0,7,0,,,,,,
2026-10-05 07:11:27,7725.0,7767.0,169,119,0,2,0,0,2,0,,,,,,
2026-10-05 07:11:27,7725.0,7767.0,528,381,0,0,0,0,0,0,,,,,,
2026-10-05 07:11:27,7725.0,7767.0,58,130,0,0,0,0,0,0,,,,,,
2026-10-05 07:11:27,7725.0,7767.0,34,32,0,48,0,16,48,16,,,,,,
2026-10-05 07:11:27,7725.0,7767.0,1124,1240,1,25,0,0,26,0,,,,,,
2026-10-05 07:11:27,7725.0,7767.0,156,97,1,10,0,0,11,0,,,,,,
2026-10-05 07:11:27,7725.0,7767.0,154,156,0,2,0,0,2,0,,,,,,
2026-10-05 07:11:27,7725.0,7767.0,228,79,0,0,0,0,0,0,,,,,,
2026-10-05 07:11:27,7725.0,7767.0,30,0,0,2,0,2,2,2,,,,,,
2026-10-05 07:11:27,7725.0,7767.0,143,225,0,4,0,0,4,0,,,,,,
2026-10-05 07:11:27,7725.0,7767.0,15,100,0,2,0,0,2,0,,,,,,
2026-10-05 07:11:27,7725.0,7767.0,1,1,1,2,0,1,3,1,,,,,,
2026-10-05 07:11:27,7725.0,7767.0,0,0,0,0,0,0,0,0,,,,,,
2026-10-05 07:11:27,7725.0,7767.0,17,97,0,0,0,0,0,0,,,,,,
2026-10-05 07:11:27,7730.0,7772.0,134,147,7,6,0,0,13,0,,,,,,
2026-10-05 07:11:27,7730.0,7772.0,19,8,2,0,0,0,2,0,,,,,,
2026-10-05 07:11:27,7730.0,7772.0,31,23,0,0,0,0,0,0,,,,,,
2026-10-05 07:11:27,7730.0,7772.0,36,18,0,4,0,0,4,0,,,,,,
2026-10-05 07:11:27,7730.0,7772.0,161,455,0,2,0,0,2,0,,,,,,
2026-10-05 07:11:27,7730.0,7772.0,100,8,0,0,0,0,0,0,,,,,,
2026-10-05 07:11:27,7730.0,7772.0,4,4,0,1,0,0,1,0,,,,,,
2026-10-05 07:11:27,7730.0,7772.0,0,2,0,1,0,0,1,0,,,,,,
2026-10-05 07:11:27,7730.0,7772.0,0,0,1,3,1,3,4,4,,,,,,
2026-10-05 07:11:27,7730.0,7772.0,54,99,0,0,0,0,0,0,,,,,,
2026-10-05 07:11:27,7730.0,7772.0,61,11,0,0,0,0,0,0,,,,,,
2026-10-05 07:11:27,7735.0,7777.0,805,56,5,6,0,0,11,0,,,,,,
2026-10-05 07:11:27,7735.0,7777.0,0,0,2,2,2,2,4,4,,,,,,
2026-10-05 07:11:27,7740.0,7782.0,87,194,4,12,0,0,16,0,,,,,,
2026-10-05 07:11:27,7740.0,7782.0,111,19,0,0,0,0,0,0,,,,,,
2026-10-05 07:11:27,7740.0,7782.0,28,20,14,0,0,0,14,0,,,,,,
2026-10-05 07:11:27,7740.0,7782.0,11,18,0,1,0,0,1,0,,,,,,
2026-10-05 07:11:27,7740.0,7782.0,158,559,4,115,0,0,119,0,,,,,,
2026-10-05 07:11:27,7740.0,7782.0,88,4,29,0,0,0,29,0,,,,,,
2026-10-05 07:11:27,7740.0,7782.0,12,7,1,2,0,0,3,0,,,,,,
2026-10-05 07:11:27,7740.0,7782.0,2,1,3,0,1,0,3,1,,,,,,
2026-10-05 07:11:27,7740.0,7782.0,0,0,0,0,0,0,0,0,,,,,,
2026-10-05 07:11:27,7740.0,7782.0,28,41,1,1,0,0,2,0,,,,,,
2026-10-05 07:11:27,7740.0,7782.0,12,37,3,4,0,0,7,0,,,,,,
2026-10-05 07:11:27,7745.0,7787.0,112,151,0,0,0,0,0,0,,,,,,
2026-10-05 07:11:27,7745.0,7787.0,0,0,0,0,0,0,0,0,,,,,,
2026-10-05 07:11:27,7750.0,7792.0,350,234,6,7,0,0,13,0,,,,,,
2026-10-05 07:11:27,7750.0,7792.0,64,197,0,7,0,0,7,0,,,,,,
2026-10-05 07:11:27,7750.0,7792.0,45,51,0,1,0,0,1,0,,,,,,
2026-10-05 07:11:27,7750.0,7792.0,66,118,1,1,0,0,2,0,,,,,,
2026-10-05 07:11:27,7750.0,7792.0,2247,1792,13,55,0,0,68,0,,,,,,
2026-10-05 07:11:27,7750.0,7792.0,137,64,1,56,0,0,57,0,,,,,,
2026-10-05 07:11:27,7750.0,7792.0,202,252,0,12,0,0,12,0,,,,,,
2026-10-05 07:11:27,7750.0,7792.0,297,135,4,1,0,0,5,0,,,,,,
2026-10-05 07:11:27,7750.0,7792.0,4,43,0,0,0,0,0,0,,,,,,
2026-10-05 07:11:27,7750.0,7792.0,361,254,38,4,0,0,42,0,,,,,,
2026-10-05 07:11:27,7750.0,7792.0,118,44,35,0,0,0,35,0,,,,,,
2026-10-05 07:11:27,7750.0,7792.0,0,0,0,0,0,0,0,0,,,,,,
2026-10-05 07:11:27,7750.0,7792.0,0,0,0,0,0,0,0,0,,,,,,
2026-10-05 07:11:27,7750.0,7792.0,44,79,0,0,0,0,0,0,,,,,,
2026-10-05 07:11:27,7755.0,7797.0,291,42,0,0,0,0,0,0,,,,,,
2026-10-05 07:11:27,7755.0,7797.0,0,0,0,1,0,1,1,1,,,,,,
2026-10-05 07:11:27,7760.0,7802.0,74,105,7,7,0,0,14,0,,,,,,
2026-10-05 07:11:27,7760.0,7802.0,34,45,1,0,0,0,1,0,,,,,,
2026-10-05 07:11:27,7760.0,7802.0,74,0,1,0,0,0,1,0,,,,,,
2026-10-05 07:11:27,7760.0,7802.0,20,28,2,2,0,0,4,0,,,,,,
2026-10-05 07:11:27,7760.0,7802.0,246,1953,3,8,0,0,11,0,,,,,,
2026-10-05 07:11:27,7760.0,7802.0,0,0,3,0,3,0,3,3,,,,,,
2026-10-05 07:11:27,7760.0,7802.0,0,0,1,1,1,1,2,2,,,,,,
2026-10-05 07:11:27,7760.0,7802.0,0,0,9,0,9,0,9,9,,,,,,
2026-10-05 07:11:27,7760.0,7802.0,0,0,0,0,0,0,0,0,,,,,,
2026-10-05 07:11:27,7760.0,7802.0,16,20,1,0,0,0,1,0,,,,,,
2026-10-05 07:11:27,7760.0,7802.0,29,17,0,0,0,0,0,0,,,,,,
2026-10-05 07:11:27,7765.0,7807.0,170,30,0,0,0,0,0,0,,,,,,
2026-10-05 07:11:27,7765.0,7807.0,0,0,0,0,0,0,0,0,,,,,,
2026-10-05 07:11:27,7770.0,7812.0,21,16,4,1,0,0,5,0,,,,,,
2026-10-05 07:11:27,7770.0,7812.0,118,6,0,0,0,0,0,0,,,,,,
2026-10-05 07:11:27,7770.0,7812.0,40,8,0,0,0,0,0,0,,,,,,
2026-10-05 07:11:27,7770.0,7812.0,3,4,0,0,0,0,0,0,,,,,,
2026-10-05 07:11:27,7770.0,7812.0,182,120,0,1,0,0,1,0,,,,,,
2026-10-05 07:11:27,7770.0,7812.0,0,0,4,0,4,0,4,4,,,,,,
2026-10-05 07:11:27,7770.0,7812.0,0,0,0,0,0,0,0,0,,,,,,
2026-10-05 07:11:27,7770.0,7812.0,0,0,4,0,4,0,4,4,,,,,,
2026-10-05 07:11:27,7770.0,7812.0,0,0,0,0,0,0,0,0,,,,,,
2026-10-05 07:11:27,7770.0,7812.0,22,13,0,0,0,0,0,0,,,,,,
2026-10-05 07:11:27,7770.0,7812.0,8,9,0,0,0,0,0,0,,,,,,
2026-10-05 07:11:27,7775.0,7817.0,158,54,1,0,0,0,1,0,,,,,,
2026-10-05 07:11:27,7775.0,7817.0,125,130,0,0,0,0,0,0,,,,,,
2026-10-05 07:11:27,7775.0,7817.0,40,5,0,0,0,0,0,0,,,,,,
2026-10-05 07:11:27,7775.0,7817.0,80,12,5,0,0,0,5,0,,,,,,
2026-10-05 07:11:27,7775.0,7817.0,871,540,4,32,0,0,36,0,,,,,,
2026-10-05 07:11:27,7775.0,7817.0,76,23,0,0,0,0,0,0,,,,,,
2026-10-05 07:11:27,7775.0,7817.0,277,202,0,4,0,0,4,0,,,,,,
2026-10-05 07:11:27,7775.0,7817.0,89,22,0,5,0,0,5,0,,,,,,
2026-10-05 07:11:27,7775.0,7817.0,7,1,0,0,0,0,0,0,,,,,,
2026-10-05 07:11:27,7775.0,7817.0,124,118,0,1,0,0,1,0,,,,,,
2026-10-05 07:11:27,7775.0,7817.0,28,6,0,0,0,0,0,0,,,,,,
2026-10-05 07:11:27,7775.0,7817.0,0,0,8,0,8,0,8,8,,,,,,
2026-10-05 07:11:27,7775.0,7817.0,0,0,0,0,0,0,0,0,,,,,,
2026-10-05 07:11:27,7775.0,7817.0,4,13,0,0,0,0,0,0,,,,,,
2026-10-05 07:11:27,7780.0,7822.0,101,2,6,1,0,0,7,0,,,,,,
2026-10-05 07:11:27,7780.0,7822.0,128,3,0,0,0,0,0,0,,,,,,
2026-10-05 07:11:27,7780.0,7822.0,65,5,0,0,0,0,0,0,,,,,,
2026-10-05 07:11:27,7780.0,7822.0,210,1,0,0,0,0,0,0,,,,,,
2026-10-05 07:11:27,7780.0,7822.0,213,75,1,0,0,0,1,0,,,,,,
2026-10-05 07:11:27,7780.0,7822.0,0,0,6,0,6,0,6,6,,,,,,
2026-10-05 07:11:27,7780.0,7822.0,0,0,1,1,1,1,2,2,,,,,,
2026-10-05 07:11:27,7780.0,7822.0,0,0,1,0,1,0,1,1,,,,,,
2026-10-05 07:11:27,7780.0,7822.0,0,0,0,0,0,0,0,0,,,,,,
2026-10-05 07:11:27,7780.0,7822.0,13,8,0,3,0,0,3,0,,,,,,
2026-10-05 07:11:27,7780.0,7822.0,22,6,0,2,0,0,2,0,,,,,,
2026-10-05 07:11:27,7785.0,7827.0,168,25,0,0,0,0,0,0,,,,,,
2026-10-05 07:11:27,7785.0,7827.0,0,0,0,0,0,0,0,0,,,,,,
2026-10-05 07:11:27,7790.0,7832.0,25,96,6,1,0,0,7,0,,,,,,
2026-10-05 07:11:27,7790.0,7832.0,116,0,0,0,0,0,0,0,,,,,,
2026-10-05 07:11:27,7790.0,7832.0,7,6,0,0,0,0,0,0,,,,,,
2026-10-05 07:11:27,7790.0,7832.0,6,2,0,0,0,0,0,0,,,,,,
2026-10-05 07:11:27,7790.0,7832.0,460,104,2,22,0,0,24,0,,,,,,
2026-10-05 07:11:27,7790.0,7832.0,0,0,2,0,2,0,2,2,,,,,,
2026-10-05 07:11:27,7790.0,7832.0,0,0,0,0,0,0,0,0,,,,,,
2026-10-05 07:11:27,7790.0,7832.0,0,0,0,1,0,1,1,1,,,,,,
2026-10-05 07:11:27,7790.0,7832.0,0,0,0,0,0,0,0,0,,,,,,
2026-10-05 07:11:27,7790.0,7832.0,13,6,0,2,0,0,2,0,,,,,,
2026-10-05 07:11:27,7790.0,7832.0,6,8,0,0,0,0,0,0,,,,,,
2026-10-05 07:11:27,7795.0,7837.0,92,40,1,1,0,0,2,0,,,,,,
2026-10-05 07:11:27,7795.0,7837.0,0,0,0,0,0,0,0,0,,,,,,
2026-10-05 07:11:27,7800.0,7842.0,245,11,1,0,0,0,1,0,,,,,,
2026-10-05 07:11:27,7800.0,7842.0,14,15,1,0,0,0,1,0,,,,,,
2026-10-05 07:11:27,7800.0,7842.0,38,9,7,1,0,0,8,0,,,,,,
2026-10-05 07:11:27,7800.0,7842.0,209,20,0,0,0,0,0,0,,,,,,
2026-10-05 07:11:27,7800.0,7842.0,6614,2044,7,29,0,0,36,0,,,,,,
2026-10-05 07:11:27,7800.0,7842.0,54,30,3,106,0,76,109,76,,,,5,,5
2026-10-05 07:11:27,7800.0,7842.0,929,256,3,4,0,0,7,0,,,,,,
2026-10-05 07:11:27,7800.0,7842.0,386,107,0,0,0,0,0,0,,,,,,
2026-10-05 07:11:27,7800.0,7842.0,10,10,1,0,0,0,1,0,,,,,,
2026-10-05 07:11:27,7800.0,7842.0,497,159,107,0,0,0,107,0,,,,,,
2026-10-05 07:11:27,7800.0,7842.0,18,3,0,0,0,0,0,0,,,,,,
2026-10-05 07:11:27,7800.0,7842.0,2,0,0,1,0,1,1,1,,,,,,
2026-10-05 07:11:27,7800.0,7842.0,0,0,0,0,0,0,0,0,,,,,,
2026-10-05 07:11:27,7800.0,7842.0,333,14,0,0,0,0,0,0,,,,,,
2026-10-05 07:11:27,7805.0,7847.0,187,46,0,96,0,50,96,50,,,,,,
2026-10-05 07:11:27,7810.0,7852.0,517,7,19,0,0,0,19,0,,,,,,
2026-10-05 07:11:27,7810.0,7852.0,92,8,1,0,0,0,1,0,,,,,,
2026-10-05 07:11:27,7810.0,7852.0,56,5,1,0,0,0,1,0,,,,,,
2026-10-05 07:11:27,7810.0,7852.0,15,2,0,0,0,0,0,0,,,,,,
2026-10-05 07:11:27,7810.0,7852.0,5199,202,1,0,0,0,1,0,,,,,,
2026-10-05 07:11:27,7810.0,7852.0,29,406,6,0,0,0,6,0,,,,,,
2026-10-05 07:11:27,7810.0,7852.0,16,1,1,0,0,0,1,0,,,,,,
2026-10-05 07:11:27,7815.0,7857.0,290,42,1,0,0,0,1,0,,,,,,
2026-10-05 07:11:27,7820.0,7862.0,8,2,0,0,0,0,0,0,,,,,,
2026-10-05 07:11:27,7820.0,7862.0,75,1,0,0,0,0,0,0,,,,,,
2026-10-05 07:11:27,7820.0,7862.0,515,9,0,0,0,0,0,0,,,,,,
2026-10-05 07:11:27,7820.0,7862.0,1,0,0,0,0,0,0,0,,,,,,
2026-10-05 07:11:27,7820.0,7862.0,508,525,0,0,0,0,0,0,,,,,,
2026-10-05 07:11:27,7820.0,7862.0,11,0,1,0,0,0,1,0,,,,,,
2026-10-05 07:11:27,7820.0,7862.0,14,0,1,0,0,0,1,0,,,,,,
2026-10-05 07:11:27,7825.0,7867.0,121,15,0,0,0,0,0,0,,,,,,
2026-10-05 07:11:27,7825.0,7867.0,1455,0,0,0,0,0,0,0,,,,,,
2026-10-05 07:11:27,7825.0,7867.0,29,18,0,0,0,0,0,0,,,,,,
2026-10-05 07:11:27,7825.0,7867.0,61,2,3,0,0,0,3,0,,,,,,
2026-10-05 07:11:27,7825.0,7867.0,1356,878,204,2,0,0,206,0,,1,,,,
2026-10-05 07:11:27,7825.0,7867.0,234,2,1,0,0,0,1,0,,,,,,
2026-10-05 07:11:27,7825.0,7867.0,187,23,4,2,0,0,6,0,,,,,,
2026-10-05 07:11:27,7825.0,7867.0,296,104,0,0,0,0,0,0,,,,,,
2026-10-05 07:11:27,7825.0,7867.0,15,0,0,0,0,0,0,0,,,,,,
2026-10-05 07:11:27,7825.0,7867.0,161,24,1,0,0,0,1,0,,,,,,
2026-10-05 07:11:27,7825.0,7867.0,12,1,0,0,0,0,0,0,,,,,,
2026-10-05 07:11:27,7825.0,7867.0,3,1,6,0,3,0,6,3,,,,,,
2026-10-05 07:11:27,7825.0,7867.0,0,0,0,0,0,0,0,0,,,,,,
2026-10-05 07:11:27,7825.0,7867.0,272,1,0,0,0,0,0,0,,,,,,
2026-10-05 07:11:27,7830.0,7872.0,60,9,3,0,0,0,3,0,,,,,,
2026-10-05 07:11:27,7830.0,7872.0,14,12,0,0,0,0,0,0,,,,,,
2026-10-05 07:11:27,7830.0,7872.0,0,0,0,0,0,0,0,0,,,,,,
2026-10-05 07:11:27,7830.0,7872.0,0,0,0,0,0,0,0,0,,,,,,
2026-10-05 07:11:27,7830.0,7872.0,341,67,1,0,0,0,1,0,,,,,,
2026-10-05 07:11:27,7830.0,7872.0,10,5,0,0,0,0,0,0,,,,,,
2026-10-05 07:11:27,7830.0,7872.0,14,4,0,0,0,0,0,0,,,,,,
2026-10-05 07:11:27,7835.0,7877.0,102,22,0,0,0,0,0,0,,,,,,
2026-10-05 07:11:27,7840.0,7882.0,71,16,6,0,0,0,6,0,,,,,,
2026-10-05 07:11:27,7840.0,7882.0,15,7,0,0,0,0,0,0,,,,,,
2026-10-05 07:11:27,7840.0,7882.0,0,0,0,0,0,0,0,0,,,,,,
2026-10-05 07:11:27,7840.0,7882.0,0,0,0,0,0,0,0,0,,,,,,
2026-10-05 07:11:27,7840.0,7882.0,884,11,201,0,0,0,201,0,,2,,,,
2026-10-05 07:11:27,7840.0,7882.0,13,0,2,0,0,0,2,0,,,,,,
2026-10-05 07:11:27,7840.0,7882.0,36,0,2,1,0,1,3,1,,,,,,
2026-10-05 07:11:27,7845.0,7887.0,349,33,0,2,0,0,2,0,,,,,,
2026-10-05 07:11:27,7850.0,7892.0,467,25,26,0,0,0,26,0,,,,,,
2026-10-05 07:11:27,7850.0,7892.0,49,1,0,0,0,0,0,0,,,,,,
2026-10-05 07:11:27,7850.0,7892.0,197,13,0,0,0,0,0,0,,,,,,
2026-10-05 07:11:27,7850.0,7892.0,138,16,0,0,0,0,0,0,,,,,,
2026-10-05 07:11:27,7850.0,7892.0,2492,783,8,1,0,0,9,0,,,,,,
2026-10-05 07:11:27,7850.0,7892.0,60,6,0,1,0,0,1,0,,,,,,
2026-10-05 07:11:27,7850.0,7892.0,91,30,2,2,0,0,4,0,,,,,,
2026-10-05 07:11:27,7850.0,7892.0,168,50,0,1,0,0,1,0,,,,,,
2026-10-05 07:11:27,7850.0,7892.0,98,0,0,0,0,0,0,0,,,,,,
2026-10-05 07:11:27,7850.0,7892.0,414,5,2,0,0,0,2,0,,,,,,
2026-10-05 07:11:27,7850.0,7892.0,2,3,0,0,0,0,0,0,,,,,,
2026-10-05 07:11:27,7850.0,7892.0,3,0,0,0,0,0,0,0,,,,,,
2026-10-05 07:11:27,7850.0,7892.0,0,0,0,0,0,0,0,0,,,,,,
2026-10-05 07:11:27,7850.0,7892.0,79,2,0,0,0,0,0,0,,,,,,
2026-10-05 07:11:27,7855.0,7897.0,123,25,0,0,0,0,0,0,,,,,,
2026-10-05 07:11:27,7860.0,7902.0,0,0,0,0,0,0,0,0,,,,,,
2026-10-05 07:11:27,7860.0,7902.0,0,0,0,0,0,0,0,0,,,,,,
2026-10-05 07:11:27,7860.0,7902.0,0,0,0,0,0,0,0,0,,,,,,
2026-10-05 07:11:27,7860.0,7902.0,0,0,0,0,0,0,0,0,,,,,,
2026-10-05 07:11:27,7860.0,7902.0,455,26,192,0,0,0,192,0,,4,,,,
2026-10-05 07:11:27,7860.0,7902.0,3,0,0,0,0,0,0,0,,,,,,
2026-10-05 07:11:27,7860.0,7902.0,0,0,0,0,0,0,0,0,,,,,,
2026-10-05 07:11:27,7865.0,7907.0,459,26,1,0,0,0,1,0,,,,,,
2026-10-05 07:11:27,7870.0,7912.0,0,0,49,0,49,0,49,49,,,,,1,
2026-10-05 07:11:27,7870.0,7912.0,0,0,0,0,0,0,0,0,,,,,,
2026-10-05 07:11:27,7870.0,7912.0,0,0,0,0,0,0,0,0,,,,,,
2026-10-05 07:11:27,7870.0,7912.0,0,0,0,0,0,0,0,0,,,,,,
2026-10-05 07:11:27,7870.0,7912.0,2697,53,0,0,0,0,0,0,,,,,,
2026-10-05 07:11:27,7870.0,7912.0,25,0,0,0,0,0,0,0,,,,,,
2026-10-05 07:11:27,7870.0,7912.0,0,0,0,0,0,0,0,0,,,,,,
2026-10-05 07:11:27,7875.0,7917.0,230,2,0,0,0,0,0,0,,,,,,
2026-10-05 07:11:27,7875.0,7917.0,86,8,0,0,0,0,0,0,,,,,,
2026-10-05 07:11:27,7875.0,7917.0,131,1,0,0,0,0,0,0,,,,,,
2026-10-05 07:11:27,7875.0,7917.0,143,1,0,0,0,0,0,0,,,,,,
2026-10-05 07:11:27,7875.0,7917.0,986,77,3,0,0,0,3,0,,,,,,
2026-10-05 07:11:27,7875.0,7917.0,138,1,3,0,0,0,3,0,,,,,,
2026-10-05 07:11:27,7875.0,7917.0,91,31,5,0,0,0,5,0,,,,,,
2026-10-05 07:11:27,7875.0,7917.0,62,28,0,1,0,0,1,0,,,,,,
2026-10-05 07:11:27,7875.0,7917.0,33,0,0,0,0,0,0,0,,,,,,
2026-10-05 07:11:27,7875.0,7917.0,195,11,2,0,0,0,2,0,,,,,,
2026-10-05 07:11:27,7875.0,7917.0,21,1,0,0,0,0,0,0,,,,,,
2026-10-05 07:11:27,7875.0,7917.0,3,0,2,0,0,0,2,0,,,,,,
2026-10-05 07:11:27,7875.0,7917.0,0,0,0,0,0,0,0,0,,,,,,
2026-10-05 07:11:27,7875.0,7917.0,122,5,0,0,0,0,0,0,,,,,,
2026-10-05 07:11:27,7880.0,7922.0,470,130,3,1,0,0,4,0,,,,,,
2026-10-05 07:11:27,7880.0,7922.0,8,0,0,0,0,0,0,0,,,,,,
2026-10-05 07:11:27,7880.0,7922.0,0,0,0,0,0,0,0,0,,,,,,
2026-10-05 07:11:27,7885.0,7927.0,260,25,0,2,0,0,2,0,,,,,,
2026-10-05 07:11:27,7890.0,7932.0,732,54,194,0,0,0,194,0,,3,,,,
2026-10-05 07:11:27,7890.0,7932.0,38,2,0,0,0,0,0,0,,,,,,
2026-10-05 07:11:27,7890.0,7932.0,0,0,0,0,0,0,0,0,,,,,,
2026-10-05 07:11:27,7895.0,7937.0,122,27,2,0,0,0,2,0,,,,,,
2026-10-05 07:11:27,7900.0,7942.0,209,3,24,0,0,0,24,0,,,,,,
2026-10-05 07:11:27,7900.0,7942.0,36,0,0,0,0,0,0,0,,,,,,
2026-10-05 07:11:27,7900.0,7942.0,101,1,0,0,0,0,0,0,,,,,,
2026-10-05 07:11:27,7900.0,7942.0,75,6,0,0,0,0,0,0,,,,,,
2026-10-05 07:11:27,7900.0,7942.0,2837,55,53,0,0,0,53,0,,,,,,
2026-10-05 07:11:27,7900.0,7942.0,84,5,7,0,0,0,7,0,,,,,,
2026-10-05 07:11:27,7900.0,7942.0,136,4,4,0,0,0,4,0,,,,,,
2026-10-05 07:11:27,7900.0,7942.0,320,73,0,0,0,0,0,0,,,,,,
2026-10-05 07:11:27,7900.0,7942.0,151,0,17,0,0,0,17,0,,,,,,
2026-10-05 07:11:27,7900.0,7942.0,132,5,4,0,0,0,4,0,,,,,,
2026-10-05 07:11:27,7900.0,7942.0,11,0,0,0,0,0,0,0,,,,,,
2026-10-05 07:11:27,7900.0,7942.0,20,0,0,0,0,0,0,0,,,,,,
2026-10-05 07:11:27,7900.0,7942.0,0,0,0,0,0,0,0,0,,,,,,
2026-10-05 07:11:27,7900.0,7942.0,270,7,11,0,0,0,11,0,,,,,,
2026-10-05 07:11:27,7905.0,7947.0,530,18,1,0,0,0,1,0,,,,,,
2026-10-05 07:11:27,7910.0,7952.0,461,22,3,0,0,0,3,0,,,,,,
2026-10-05 07:11:27,7910.0,7952.0,43,0,0,0,0,0,0,0,,,,,,
2026-10-05 07:11:27,7910.0,7952.0,0,0,0,0,0,0,0,0,,,,,,
2026-10-05 07:11:27,7915.0,7957.0,3667,20,9,0,0,0,9,0,,,,,,
2026-10-05 07:11:27,7920.0,7962.0,530,1,2,0,0,0,2,0,,,,,,
2026-10-05 07:11:27,7920.0,7962.0,136,0,0,0,0,0,0,0,,,,,,
2026-10-05 07:11:27,7920.0,7962.0,0,0,0,0,0,0,0,0,,,,,,
2026-10-05 07:11:27,7925.0,7967.0,94,10,0,0,0,0,0,0,,,,,,
2026-10-05 07:11:27,7925.0,7967.0,2019,7,0,0,0,0,0,0,,,,,,
2026-10-05 07:11:27,7925.0,7967.0,579,1,0,0,0,0,0,0,,,,,,
2026-10-05 07:11:27,7925.0,7967.0,89,0,1,0,0,0,1,0,,,,,,
2026-10-05 07:11:27,7925.0,7967.0,948,71,0,0,0,0,0,0,,,,,,
2026-10-05 07:11:27,7925.0,7967.0,270,0,6,0,0,0,6,0,,,,,,
2026-10-05 07:11:27,7925.0,7967.0,73,17,0,0,0,0,0,0,,,,,,
2026-10-05 07:11:27,7925.0,7967.0,106,31,0,0,0,0,0,0,,,,,,
2026-10-05 07:11:27,7925.0,7967.0,50,0,0,0,0,0,0,0,,,,,,
2026-10-05 07:11:27,7925.0,7967.0,87,1,3,0,0,0,3,0,,,,,,
2026-10-05 07:11:27,7925.0,7967.0,8,0,0,0,0,0,0,0,,,,,,
2026-10-05 07:11:27,7925.0,7967.0,20,0,0,0,0,0,0,0,,,,,,
2026-10-05 07:11:27,7925.0,7967.0,0,0,0,0,0,0,0,0,,,,,,
2026-10-05 07:11:27,7925.0,7967.0,223,10,10,0,0,0,10,0,,,,,,
2026-10-05 07:11:27,7930.0,7972.0,1171,39,0,0,0,0,0,0,,,,,,
2026-10-05 07:11:27,7930.0,7972.0,37,3,1,0,0,0,1,0,,,,,,
2026-10-05 07:11:27,7930.0,7972.0,0,0,0,0,0,0,0,0,,,,,,
2026-10-05 07:11:27,7935.0,7977.0,3426,45,6,0,0,0,6,0,,,,,,
2026-10-05 07:11:27,7940.0,7982.0,939,34,55,0,0,0,55,0,,,,,,
2026-10-05 07:11:27,7940.0,7982.0,142,0,0,0,0,0,0,0,,,,,,
2026-10-05 07:11:27,7940.0,7982.0,0,0,0,0,0,0,0,0,,,,,,
2026-10-05 07:11:27,7945.0,7987.0,454,32,0,0,0,0,0,0,,,,,,
2026-10-05 07:11:27,7950.0,7992.0,127,0,13,0,0,0,13,0,,,,,,
2026-10-05 07:11:27,7950.0,7992.0,290,0,0,0,0,0,0,0,,,,,,
2026-10-05 07:11:27,7950.0,7992.0,1002,0,0,0,0,0,0,0,,,,,,
2026-10-05 07:11:27,7950.0,7992.0,156,2,0,0,0,0,0,0,,,,,,
2026-10-05 07:11:27,7950.0,7992.0,3628,693,67,0,0,0,67,0,,,,,,
2026-10-05 07:11:27,7950.0,7992.0,831,0,8,0,0,0,8,0,,,,,,
2026-10-05 07:11:27,7950.0,7992.0,236,7,7,0,0,0,7,0,,,,,,
2026-10-05 07:11:27,7950.0,7992.0,193,5,0,0,0,0,0,0,,,,,,
2026-10-05 07:11:27,7950.0,7992.0,262,0,15,0,0,0,15,0,,,,,,
2026-10-05 07:11:27,7950.0,7992.0,449,96,13,0,0,0,13,0,,,,,,
2026-10-05 07:11:27,7950.0,7992.0,9,0,0,0,0,0,0,0,,,,,,
2026-10-05 07:11:27,7950.0,7992.0,0,0,0,0,0,0,0,0,,,,,,
2026-10-05 07:11:27,7950.0,7992.0,0,0,0,0,0,0,0,0,,,,,,
2026-10-05 07:11:27,7950.0,7992.0,161,2,0,0,0,0,0,0,,,,,,
2026-10-05 07:11:27,7955.0,7997.0,3289,30,12,0,0,0,12,0,,,,,,
2026-10-05 07:11:27,7960.0,8002.0,876,32,1,0,0,0,1,0,,,,,,
2026-10-05 07:11:27,7960.0,8002.0,28,0,0,0,0,0,0,0,,,,,,
2026-10-05 07:11:27,7965.0,8007.0,215,16,1,0,0,0,1,0,,,,,,
2026-10-05 07:11:27,7970.0,8012.0,3220,17,10,0,0,0,10,0,,,,,,
2026-10-05 07:11:27,7970.0,8012.0,15,1,0,0,0,0,0,0,,,,,,
2026-10-05 07:11:27,7975.0,8017.0,146,0,9,0,0,0,9,0,,,,,,
2026-10-05 07:11:27,7975.0,8017.0,36,2,0,0,0,0,0,0,,,,,,
2026-10-05 07:11:27,7975.0,8017.0,569,2,5,0,0,0,5,0,,,,,,
2026-10-05 07:11:27,7975.0,8017.0,197,0,1,0,0,0,1,0,,,,,,
2026-10-05 07:11:27,7975.0,8017.0,1474,20,3,0,0,0,3,0,,,,,,
2026-10-05 07:11:27,7975.0,8017.0,196,0,0,0,0,0,0,0,,,,,,
2026-10-05 07:11:27,7975.0,8017.0,149,0,1,0,0,0,1,0,,,,,,
2026-10-05 07:11:27,7975.0,8017.0,69,8,0,0,0,0,0,0,,,,,,
2026-10-05 07:11:27,7975.0,8017.0,121,0,0,0,0,0,0,0,,,,,,
2026-10-05 07:11:27,7975.0,8017.0,157,18,0,0,0,0,0,0,,,,,,
2026-10-05 07:11:27,7975.0,8017.0,1,0,0,0,0,0,0,0,,,,,,
2026-10-05 07:11:27,7975.0,8017.0,0,0,0,0,0,0,0,0,,,,,,
2026-10-05 07:11:27,7975.0,8017.0,93,0,0,0,0,0,0,0,,,,,,
2026-10-05 07:11:27,7980.0,8022.0,152,19,1,0,0,0,1,0,,,,,,
2026-10-05 07:11:27,7980.0,8022.0,0,0,0,0,0,0,0,0,,,,,,
2026-10-05 07:11:27,7985.0,8027.0,144,16,1,0,0,0,1,0,,,,,,
2026-10-05 07:11:27,7990.0,8032.0,648,12,0,0,0,0,0,0,,,,,,
2026-10-05 07:11:27,7990.0,8032.0,0,0,9,0,9,0,9,9,,,,,,
2026-10-05 07:11:27,7995.0,8037.0,179,16,0,0,0,0,0,0,,,,,,
2026-10-05 07:11:27,8000.0,8042.0,224,3,2,0,0,0,2,0,,,,,,
2026-10-05 07:11:27,8000.0,8042.0,106,0,0,0,0,0,0,0,,,,,,
2026-10-05 07:11:27,8000.0,8042.0,513,0,3,0,0,0,3,0,,,,,,
2026-10-05 07:11:27,8000.0,8042.0,83,0,0,0,0,0,0,0,,,,,,
2026-10-05 07:11:27,8000.0,8042.0,24099,1477,115,1,0,0,116,0,,5,,,,
2026-10-05 07:11:27,8000.0,8042.0,584,6,2,0,0,0,2,0,,,,,,
2026-10-05 07:11:27,8000.0,8042.0,403,9,1,0,0,0,1,0,,,,,,
2026-10-05 07:11:27,8000.0,8042.0,391,6,4,0,0,0,4,0,,,,,,
2026-10-05 07:11:27,8000.0,8042.0,280,0,2,0,0,0,2,0,,,,,,
2026-10-05 07:11:27,8000.0,8042.0,878,501,10,0,0,0,10,0,,,,,,
2026-10-05 07:11:27,8000.0,8042.0,64,0,0,0,0,0,0,0,,,,,,
2026-10-05 07:11:27,8000.0,8042.0,2,0,0,0,0,0,0,0,,,,,,
2026-10-05 07:11:27,8000.0,8042.0,0,0,0,0,0,0,0,0,,,,,,
2026-10-05 07:11:27,8000.0,8042.0,1248,5,13,0,0,0,13,0,,,,,,
2026-10-05 07:11:27,8005.0,8047.0,634,19,1,0,0,0,1,0,,,,,,
2026-10-05 07:11:27,8010.0,8052.0,254,4,13,0,0,0,13,0,,,,,,
2026-10-05 07:11:27,8010.0,8052.0,0,0,0,0,0,0,0,0,,,,,,
2026-10-05 07:11:27,8015.0,8057.0,553,10,12,0,0,0,12,0,,,,,,
2026-10-05 07:11:27,8020.0,8062.0,878,0,57,1,0,1,58,1,,,,,,
2026-10-05 07:11:27,8020.0,8062.0,0,0,0,0,0,0,0,0,,,,,,
2026-10-05 07:11:27,8025.0,8067.0,113,0,4,0,0,0,4,0,,,,,,
2026-10-05 07:11:27,8025.0,8067.0,83,0,0,0,0,0,0,0,,,,,,
2026-10-05 07:11:27,8025.0,8067.0,305,0,5,0,0,0,5,0,,,,,,
2026-10-05 07:11:27,8025.0,8067.0,37,0,0,0,0,0,0,0,,,,,,
2026-10-05 07:11:27,8025.0,8067.0,1435,8,10,0,0,0,10,0,,,,,,
2026-10-05 07:11:27,8025.0,8067.0,142,0,1,0,0,0,1,0,,,,,,
2026-10-05 07:11:27,8025.0,8067.0,257,0,3,0,0,0,3,0,,,,,,
2026-10-05 07:11:27,8025.0,8067.0,97,0,0,0,0,0,0,0,,,,,,
2026-10-05 07:11:27,8025.0,8067.0,8,0,1,0,0,0,1,0,,,,,,
2026-10-05 07:11:27,8025.0,8067.0,250,0,11,0,0,0,11,0,,,,,,
2026-10-05 07:11:27,8025.0,8067.0,0,0,0,0,0,0,0,0,,,,,,
2026-10-05 07:11:27,8025.0,8067.0,183,0,13,0,0,0,13,0,,,,,,
2026-10-05 07:11:27,8030.0,8072.0,247,13,65,0,0,0,65,0,,,,,,
2026-10-05 07:11:27,8030.0,8072.0,0,0,10,0,10,0,10,10,,,,,5,
2026-10-05 07:11:27,8035.0,8077.0,313,315,0,0,0,0,0,0,,,,,,
2026-10-05 07:11:27,8040.0,8082.0,502,5,11,0,0,0,11,0,,,,,,
2026-10-05 07:11:27,8045.0,8087.0,198,11,10,0,0,0,10,0,,,,,,
2026-10-05 07:11:27,8050.0,8092.0,45,0,3,0,0,0,3,0,,,,,,
2026-10-05 07:11:27,8050.0,8092.0,61,0,0,0,0,0,0,0,,,,,,
2026-10-05 07:11:27,8050.0,8092.0,70,0,7,0,0,0,7,0,,,,,,
2026-10-05 07:11:27,8050.0,8092.0,117,0,5,0,0,0,5,0,,,,,,
2026-10-05 07:11:27,8050.0,8092.0,22515,24,12,0,0,0,12,0,,,,,,
2026-10-05 07:11:27,8050.0,8092.0,178,0,7,0,0,0,7,0,,,,,,
2026-10-05 07:11:27,8050.0,8092.0,161,1,0,0,0,0,0,0,,,,,,
2026-10-05 07:11:27,8050.0,8092.0,95,1,5,0,0,0,5,0,,,,,,
2026-10-05 07:11:27,8050.0,8092.0,2,0,3,0,1,0,3,1,,,,,,
2026-10-05 07:11:27,8050.0,8092.0,367,0,4,0,0,0,4,0,,,,,,
2026-10-05 07:11:27,8050.0,8092.0,319,0,4,0,0,0,4,0,,,,,,
2026-10-05 07:11:27,8055.0,8097.0,144,3,0,0,0,0,0,0,,,,,,
2026-10-05 07:11:27,8060.0,8102.0,185,4,1,0,0,0,1,0,,,,,,
2026-10-05 07:11:27,8065.0,8107.0,93,20,0,0,0,0,0,0,,,,,,
2026-10-05 07:11:27,8070.0,8112.0,217,2,8,0,0,0,8,0,,,,,,
2026-10-05 07:11:27,8075.0,8117.0,533,0,2,0,0,0,2,0,,,,,,
2026-10-05 07:11:27,8075.0,8117.0,32,0,0,0,0,0,0,0,,,,,,
2026-10-05 07:11:27,8075.0,8117.0,124,0,5,0,0,0,5,0,,,,,,
2026-10-05 07:11:27,8075.0,8117.0,23,0,0,0,0,0,0,0,,,,,,
2026-10-05 07:11:27,8075.0,8117.0,1414,6,9,0,0,0,9,0,,,,,,
2026-10-05 07:11:27,8075.0,8117.0,121,0,38,0,0,0,38,0,,,,,,
2026-10-05 07:11:27,8075.0,8117.0,119,3,0,0,0,0,0,0,,,,,,
2026-10-05 07:11:27,8075.0,8117.0,90,0,1,0,0,0,1,0,,,,,,
2026-10-05 07:11:27,8075.0,8117.0,8,0,2,0,0,0,2,0,,,,,,
2026-10-05 07:11:27,8075.0,8117.0,331,0,6,0,0,0,6,0,,,,,,
2026-10-05 07:11:27,8075.0,8117.0,203,0,5,0,0,0,5,0,,,,,,
2026-10-05 07:11:27,8080.0,8122.0,126,0,6,0,0,0,6,0,,,,,,
2026-10-05 07:11:27,8085.0,8127.0,134,3,3,0,0,0,3,0,,,,,,
2026-10-05 07:11:27,8090.0,8132.0,238,3,3,0,0,0,3,0,,,,,,
2026-10-05 07:11:27,8095.0,8137.0,117,10,0,0,0,0,0,0,,,,,,
2026-10-05 07:11:27,8100.0,8142.0,1579,0,4,0,0,0,4,0,,,,,,
2026-10-05 07:11:27,8100.0,8142.0,109,0,0,0,0,0,0,0,,,,,,
2026-10-05 07:11:27,8100.0,8142.0,174,0,2,0,0,0,2,0,,,,,,
2026-10-05 07:11:27,8100.0,8142.0,51,0,1,0,0,0,1,0,,,,,,
2026-10-05 07:11:27,8100.0,8142.0,4289,20,14,0,0,0,14,0,,,,,,
2026-10-05 07:11:27,8100.0,8142.0,2111,0,5,0,0,0,5,0,,,,,,
2026-10-05 07:11:27,8100.0,8142.0,819,0,6,0,0,0,6,0,,,,,,
2026-10-05 07:11:27,8100.0,8142.0,265,0,32,0,0,0,32,0,,,,,,
2026-10-05 07:11:27,8100.0,8142.0,251,0,0,0,0,0,0,0,,,,,,
2026-10-05 07:11:27,8100.0,8142.0,539,0,12,0,0,0,12,0,,,,,,
2026-10-05 07:11:27,8100.0,8142.0,14,0,3,0,0,0,3,0,,,,,,
2026-10-05 07:11:27,8100.0,8142.0,6,0,0,0,0,0,0,0,,,,,,
2026-10-05 07:11:27,8100.0,8142.0,0,0,0,0,0,0,0,0,,,,,,
2026-10-05 07:11:27,8100.0,8142.0,504,1,2,0,0,0,2,0,,,,,,
2026-10-05 07:11:27,8105.0,8147.0,112,0,1,0,0,0,1,0,,,,,,
2026-10-05 07:11:27,8110.0,8152.0,118,7,0,0,0,0,0,0,,,,,,
2026-10-05 07:11:27,8115.0,8157.0,91,3,0,0,0,0,0,0,,,,,,
2026-10-05 07:11:27,8120.0,8162.0,170,0,0,0,0,0,0,0,,,,,,
2026-10-05 07:11:27,8125.0,8167.0,55,0,2,0,0,0,2,0,,,,,,
2026-10-05 07:11:27,8125.0,8167.0,3,0,0,0,0,0,0,0,,,,,,
2026-10-05 07:11:27,8125.0,8167.0,19,0,0,0,0,0,0,0,,,,,,
2026-10-05 07:11:27,8125.0,8167.0,17,0,0,0,0,0,0,0,,,,,,
2026-10-05 07:11:27,8125.0,8167.0,454,11,7,0,0,0,7,0,,,,,,
2026-10-05 07:11:27,8125.0,8167.0,20,0,5,0,0,0,5,0,,,,,,
2026-10-05 07:11:27,8125.0,8167.0,11,0,0,0,0,0,0,0,,,,,,
2026-10-05 07:11:27,8125.0,8167.0,42,0,3,0,0,0,3,0,,,,,,
2026-10-05 07:11:27,8125.0,8167.0,1,0,0,0,0,0,0,0,,,,,,
2026-10-05 07:11:27,8125.0,8167.0,366,0,3,0,0,0,3,0,,,,,,
2026-10-05 07:11:27,8125.0,8167.0,0,0,2,0,2,0,2,2,,,,,,
2026-10-05 07:11:27,8130.0,8172.0,174,3,0,0,0,0,0,0,,,,,,
2026-10-05 07:11:27,8135.0,8177.0,98,0,7,0,0,0,7,0,,,,,,
2026-10-05 07:11:27,8140.0,8182.0,80,0,7,0,0,0,7,0,,,,,,
2026-10-05 07:11:27,8145.0,8187.0,74,0,0,0,0,0,0,0,,,,,,
2026-10-05 07:11:27,8150.0,8192.0,80,0,3,0,0,0,3,0,,,,,,
2026-10-05 07:11:27,8150.0,8192.0,24,0,0,0,0,0,0,0,,,,,,
2026-10-05 07:11:27,8150.0,8192.0,11,0,1,0,0,0,1,0,,,,,,
2026-10-05 07:11:27,8150.0,8192.0,11,0,0,0,0,0,0,0,,,,,,
2026-10-05 07:11:27,8150.0,8192.0,2109,8,2,0,0,0,2,0,,,,,,
2026-10-05 07:11:27,8150.0,8192.0,16,0,10,0,0,0,10,0,,,,,,
2026-10-05 07:11:27,8150.0,8192.0,20,0,1,0,0,0,1,0,,,,,,
2026-10-05 07:11:27,8150.0,8192.0,360,0,11,0,0,0,11,0,,,,,,
2026-10-05 07:11:27,8150.0,8192.0,0,0,0,0,0,0,0,0,,,,,,
2026-10-05 07:11:27,8150.0,8192.0,430,0,8,0,0,0,8,0,,,,,,
2026-10-05 07:11:27,8150.0,8192.0,375,0,13,0,0,0,13,0,,,,,,
2026-10-05 07:11:27,8155.0,8197.0,99,0,0,0,0,0,0,0,,,,,,
2026-10-05 07:11:27,8160.0,8202.0,119,1,0,0,0,0,0,0,,,,,,
2026-10-05 07:11:27,8165.0,8207.0,52,0,0,0,0,0,0,0,,,,,,
2026-10-05 07:11:27,8170.0,8212.0,276,0,0,0,0,0,0,0,,,,,,
2026-10-05 07:11:27,8175.0,8217.0,7,0,2,0,0,0,2,0,,,,,,
2026-10-05 07:11:27,8175.0,8217.0,652,0,0,0,0,0,0,0,,,,,,
2026-10-05 07:11:27,8175.0,8217.0,8,0,1,0,0,0,1,0,,,,,,
2026-10-05 07:11:27,8175.0,8217.0,6,0,5,0,0,0,5,0,,,,,,
2026-10-05 07:11:27,8175.0,8217.0,233,0,5,0,0,0,5,0,,,,,,
2026-10-05 07:11:27,8175.0,8217.0,17,0,0,0,0,0,0,0,,,,,,
2026-10-05 07:11:27,8175.0,8217.0,24,0,0,0,0,0,0,0,,,,,,
2026-10-05 07:11:27,8175.0,8217.0,162,0,1,0,0,0,1,0,,,,,,
2026-10-05 07:11:27,8175.0,8217.0,1,0,0,0,0,0,0,0,,,,,,
2026-10-05 07:11:27,8175.0,8217.0,156,5,8,0,0,0,8,0,,,,,,
2026-10-05 07:11:27,8175.0,8217.0,0,0,4,0,4,0,4,4,,,,,,
2026-10-05 07:11:27,8180.0,8222.0,93,0,2,0,0,0,2,0,,,,,,
2026-10-05 07:11:27,8185.0,8227.0,124,0,1,0,0,0,1,0,,,,,,
2026-10-05 07:11:27,8190.0,8232.0,111,0,0,0,0,0,0,0,,,,,,
2026-10-05 07:11:27,8195.0,8237.0,112,0,0,0,0,0,0,0,,,,,,
2026-10-05 07:11:27,8200.0,8242.0,81,0,4,0,0,0,4,0,,,,,,
2026-10-05 07:11:27,8200.0,8242.0,10,0,0,0,0,0,0,0,,,,,,
2026-10-05 07:11:27,8200.0,8242.0,27,0,0,0,0,0,0,0,,,,,,
2026-10-05 07:11:27,8200.0,8242.0,13,0,1,0,0,0,1,0,,,,,,
2026-10-05 07:11:27,8200.0,8242.0,3203,5,19,0,0,0,19,0,,,,,,
2026-10-05 07:11:27,8200.0,8242.0,73,0,4,0,0,0,4,0,,,,,,
2026-10-05 07:11:27,8200.0,8242.0,638,0,5,0,0,0,5,0,,,,,,
2026-10-05 07:11:27,8200.0,8242.0,254,0,4,0,0,0,4,0,,,,,,
2026-10-05 07:11:27,8200.0,8242.0,22,0,0,0,0,0,0,0,,,,,,
2026-10-05 07:11:27,8200.0,8242.0,803,5,8,0,0,0,8,0,,,,,,
2026-10-05 07:11:27,8200.0,8242.0,11,0,0,0,0,0,0,0,,,,,,
2026-10-05 07:11:27,8200.0,8242.0,11,0,2,0,0,0,2,0,,,,,,
2026-10-05 07:11:27,8200.0,8242.0,0,0,0,0,0,0,0,0,,,,,,
2026-10-05 07:11:27,8200.0,8242.0,355,0,10,0,0,0,10,0,,,,,,
2026-10-05 07:11:27,8205.0,8247.0,39,0,0,0,0,0,0,0,,,,,,
2026-10-05 07:11:27,8210.0,8252.0,111,3,0,0,0,0,0,0,,,,,,
2026-10-05 07:11:27,8220.0,8262.0,49,0,0,0,0,0,0,0,,,,,,
2026-10-05 07:11:27,8225.0,8267.0,12,0,0,0,0,0,0,0,,,,,,
2026-10-05 07:11:27,8225.0,8267.0,5,0,0,0,0,0,0,0,,,,,,
2026-10-05 07:11:27,8225.0,8267.0,2,0,0,0,0,0,0,0,,,,,,
2026-10-05 07:11:27,8225.0,8267.0,3,0,0,0,0,0,0,0,,,,,,
2026-10-05 07:11:27,8225.0,8267.0,135,0,10,0,0,0,10,0,,,,,,
2026-10-05 07:11:27,8225.0,8267.0,0,0,9,1,9,1,10,10,,,,,,
2026-10-05 07:11:27,8225.0,8267.0,0,0,0,0,0,0,0,0,,,,,,
2026-10-05 07:11:27,8225.0,8267.0,0,0,5,0,5,0,5,5,,,,,,
2026-10-05 07:11:27,8225.0,8267.0,0,0,0,0,0,0,0,0,,,,,,
2026-10-05 07:11:27,8225.0,8267.0,80,0,2,0,0,0,2,0,,,,,,
2026-10-05 07:11:27,8225.0,8267.0,0,0,2,0,2,0,2,2,,,,,,
2026-10-05 07:11:27,8230.0,8272.0,114,0,0,0,0,0,0,0,,,,,,
2026-10-05 07:11:27,8240.0,8282.0,52,0,0,0,0,0,0,0,,,,,,
2026-10-05 07:11:27,8250.0,8292.0,9,0,0,0,0,0,0,0,,,,,,
2026-10-05 07:11:27,8250.0,8292.0,2,0,0,0,0,0,0,0,,,,,,
2026-10-05 07:11:27,8250.0,8292.0,2,1,0,0,0,0,0,0,,,,,,
2026-10-05 07:11:27,8250.0,8292.0,75,0,0,0,0,0,0,0,,,,,,
2026-10-05 07:11:27,8250.0,8292.0,1738,1,0,0,0,0,0,0,,,,,,
2026-10-05 07:11:27,8250.0,8292.0,0,0,0,0,0,0,0,0,,,,,,
2026-10-05 07:11:27,8250.0,8292.0,0,0,0,0,0,0,0,0,,,,,,
2026-10-05 07:11:27,8250.0,8292.0,0,0,0,0,0,0,0,0,,,,,,
2026-10-05 07:11:27,8250.0,8292.0,0,0,0,0,0,0,0,0,,,,,,
2026-10-05 07:11:27,8250.0,8292.0,122,0,4,0,0,0,4,0,,,,,,
2026-10-05 07:11:27,8250.0,8292.0,241,1,3,0,0,0,3,0,,,,,,
2026-10-05 07:11:27,8260.0,8302.0,50,0,0,0,0,0,0,0,,,,,,
2026-10-05 07:11:27,8270.0,8312.0,116,0,0,0,0,0,0,0,,,,,,
2026-10-05 07:11:27,8275.0,8317.0,2,0,0,0,0,0,0,0,,,,,,
2026-10-05 07:11:27,8275.0,8317.0,0,0,0,0,0,0,0,0,,,,,,
2026-10-05 07:11:27,8275.0,8317.0,0,0,0,0,0,0,0,0,,,,,,
2026-10-05 07:11:27,8275.0,8317.0,3,0,0,0,0,0,0,0,,,,,,
2026-10-05 07:11:27,8275.0,8317.0,104,0,0,0,0,0,0,0,,,,,,
2026-10-05 07:11:27,8275.0,8317.0,10,0,0,0,0,0,0,0,,,,,,
2026-10-05 07:11:27,8280.0,8322.0,200,0,0,0,0,0,0,0,,,,,,
2026-10-05 07:11:27,8290.0,8332.0,112,0,0,0,0,0,0,0,,,,,,
2026-10-05 07:11:27,8300.0,8342.0,58,0,2,0,0,0,2,0,,,,,,
2026-10-05 07:11:27,8300.0,8342.0,15,0,0,0,0,0,0,0,,,,,,
2026-10-05 07:11:27,8300.0,8342.0,2005,1,0,0,0,0,0,0,,,,,,
2026-10-05 07:11:27,8300.0,8342.0,28,0,0,0,0,0,0,0,,,,,,
2026-10-05 07:11:27,8300.0,8342.0,4523,7,0,0,0,0,0,0,,,,,,
2026-10-05 07:11:27,8300.0,8342.0,13,0,2,0,0,0,2,0,,,,,,
2026-10-05 07:11:27,8300.0,8342.0,163,0,0,0,0,0,0,0,,,,,,
2026-10-05 07:11:27,8300.0,8342.0,211,0,1,0,0,0,1,0,,,,,,
2026-10-05 07:11:27,8300.0,8342.0,67,0,0,0,0,0,0,0,,,,,,
2026-10-05 07:11:27,8300.0,8342.0,186,3,1,0,0,0,1,0,,,,,,
2026-10-05 07:11:27,8300.0,8342.0,10,0,5,0,0,0,5,0,,,,,,
2026-10-05 07:11:27,8300.0,8342.0,1,0,0,0,0,0,0,0,,,,,,
2026-10-05 07:11:27,8300.0,8342.0,0,0,0,0,0,0,0,0,,,,,,
2026-10-05 07:11:27,8300.0,8342.0,205,0,15,0,0,0,15,0,,,,,,
2026-10-05 07:11:27,8310.0,8352.0,110,2,0,0,0,0,0,0,,,,,,
2026-10-05 07:11:27,8320.0,8362.0,96,0,0,0,0,0,0,0,,,,,,
2026-10-05 07:11:27,8325.0,8367.0,158,0,0,0,0,0,0,0,,,,,,
2026-10-05 07:11:27,8325.0,8367.0,0,0,0,0,0,0,0,0,,,,,,
2026-10-05 07:11:27,8330.0,8372.0,60,0,0,0,0,0,0,0,,,,,,
2026-10-05 07:11:27,8340.0,8382.0,275,0,1,1,0,1,2,1,,,,,,
2026-10-05 07:11:27,8350.0,8392.0,525,32,0,2,0,0,2,0,,,,,,
2026-10-05 07:11:27,8350.0,8392.0,609,0,4,0,0,0,4,0,,,,,,
2026-10-05 07:11:27,8350.0,8392.0,88,0,0,0,0,0,0,0,,,,,,
2026-10-05 07:11:27,8360.0,8402.0,71,0,2,1,0,1,3,1,,,,,,
2026-10-05 07:11:27,8370.0,8412.0,15,0,0,0,0,0,0,0,,,,,,
2026-10-05 07:11:27,8375.0,8417.0,204,0,0,0,0,0,0,0,,,,,,
2026-10-05 07:11:27,8380.0,8422.0,322,0,0,0,0,0,0,0,,,,,,
2026-10-05 07:11:27,8390.0,8432.0,162,0,0,0,0,0,0,0,,,,,,
2026-10-05 07:11:27,8400.0,8442.0,5,0,1,0,0,0,1,0,,,,,,
2026-10-05 07:11:27,8400.0,8442.0,9,0,0,0,0,0,0,0,,,,,,
2026-10-05 07:11:27,8400.0,8442.0,2005,0,0,0,0,0,0,0,,,,,,
2026-10-05 07:11:27,8400.0,8442.0,21,0,0,0,0,0,0,0,,,,,,
2026-10-05 07:11:27,8400.0,8442.0,654,0,0,0,0,0,0,0,,,,,,
2026-10-05 07:11:27,8400.0,8442.0,6,0,8,0,2,0,8,2,,,,,,
2026-10-05 07:11:27,8400.0,8442.0,124,0,0,0,0,0,0,0,,,,,,
2026-10-05 07:11:27,8400.0,8442.0,212,0,2,0,0,0,2,0,,,,,,
2026-10-05 07:11:27,8400.0,8442.0,3,0,0,0,0,0,0,0,,,,,,
2026-10-05 07:11:27,8400.0,8442.0,17035,0,3,1,0,1,4,1,,,,,,
2026-10-05 07:11:27,8400.0,8442.0,5,0,5,0,0,0,5,0,,,,,,
2026-10-05 07:11:27,8400.0,8442.0,0,0,0,0,0,0,0,0,,,,,,
2026-10-05 07:11:27,8400.0,8442.0,0,0,0,0,0,0,0,0,,,,,,
2026-10-05 07:11:27,8400.0,8442.0,57,0,2,0,0,0,2,0,,,,,,
2026-10-05 07:11:27,8410.0,8452.0,4837,0,0,0,0,0,0,0,,,,,,
2026-10-05 07:11:27,8420.0,8462.0,306,0,0,0,0,0,0,0,,,,,,
2026-10-05 07:11:27,8425.0,8467.0,421,0,0,0,0,0,0,0,,,,,,
2026-10-05 07:11:27,8430.0,8472.0,25,0,0,0,0,0,0,0,,,,,,
2026-10-05 07:11:27,8440.0,8482.0,19,0,0,0,0,0,0,0,,,,,,
2026-10-05 07:11:27,8450.0,8492.0,292,0,0,0,0,0,0,0,,,,,,
2026-10-05 07:11:27,8450.0,8492.0,130,0,0,1,0,1,1,1,,,,,,
2026-10-05 07:11:27,8450.0,8492.0,118,0,0,0,0,0,0,0,,,,,,
2026-10-05 07:11:27,8460.0,8502.0,22,0,0,0,0,0,0,0,,,,,,
2026-10-05 07:11:27,8470.0,8512.0,29,0,0,0,0,0,0,0,,,,,,
2026-10-05 07:11:27,8475.0,8517.0,96,1,0,0,0,0,0,0,,,,,,
2026-10-05 07:11:27,8480.0,8522.0,94,0,0,0,0,0,0,0,,,,,,
2026-10-05 07:11:27,8490.0,8532.0,5038,0,0,0,0,0,0,0,,,,,,
2026-10-05 07:11:27,8500.0,8542.0,261,0,0,0,0,0,0,0,,,,,,
2026-10-05 07:11:27,8500.0,8542.0,1,0,0,0,0,0,0,0,,,,,,
2026-10-05 07:11:27,8500.0,8542.0,2,0,0,0,0,0,0,0,,,,,,
2026-10-05 07:11:27,8500.0,8542.0,2,1,0,0,0,0,0,0,,,,,,
2026-10-05 07:11:27,8500.0,8542.0,1254,4,0,0,0,0,0,0,,,,,,
2026-10-05 07:11:27,8500.0,8542.0,141,0,0,0,0,0,0,0,,,,,,
2026-10-05 07:11:27,8500.0,8542.0,13117,2,2,0,0,0,2,0,,,,,,
2026-10-05 07:11:27,8500.0,8542.0,3058,0,0,0,0,0,0,0,,,,,,
2026-10-05 07:11:27,8500.0,8542.0,53,0,2,0,0,0,2,0,,,,,,
2026-10-05 07:11:27,8510.0,8552.0,130,0,0,0,0,0,0,0,,,,,,
2026-10-05 07:11:27,8520.0,8562.0,10,0,0,0,0,0,0,0,,,,,,
2026-10-05 07:11:27,8525.0,8567.0,272,3,0,0,0,0,0,0,,,,,,
2026-10-05 07:11:27,8530.0,8572.0,14,3,0,0,0,0,0,0,,,,,,
2026-10-05 07:11:27,8540.0,8582.0,4704,0,0,0,0,0,0,0,,,,,,
2026-10-05 07:11:27,8550.0,8592.0,8456,0,10,0,0,0,10,0,,,,,,
2026-10-05 07:11:27,8560.0,8602.0,4815,0,0,0,0,0,0,0,,,,,,
2026-10-05 07:11:27,8570.0,8612.0,4811,0,0,0,0,0,0,0,,,,,,
2026-10-05 07:11:27,8575.0,8617.0,6022,1,0,0,0,0,0,0,,,,,,
2026-10-05 07:11:27,8580.0,8622.0,54,0,0,0,0,0,0,0,,,,,,
2026-10-05 07:11:27,8600.0,8642.0,21,0,0,0,0,0,0,0,,,,,,
2026-10-05 07:11:27,8600.0,8642.0,11,0,0,0,0,0,0,0,,,,,,
2026-10-05 07:11:27,8600.0,8642.0,33,0,0,0,0,0,0,0,,,,,,
2026-10-05 07:11:27,8600.0,8642.0,10,0,0,0,0,0,0,0,,,,,,
2026-10-05 07:11:27,8600.0,8642.0,10427,1,0,0,0,0,0,0,,,,,,
2026-10-05 07:11:27,8600.0,8642.0,20,0,0,0,0,0,0,0,,,,,,
2026-10-05 07:11:27,8600.0,8642.0,17,0,0,0,0,0,0,0,,,,,,
2026-10-05 07:11:27,8600.0,8642.0,2307,0,10,0,0,0,10,0,,,,,,
2026-10-05 07:11:27,8600.0,8642.0,0,0,0,0,0,0,0,0,,,,,,
2026-10-05 07:11:27,8600.0,8642.0,185,0,0,0,0,0,0,0,,,,,,
2026-10-05 07:11:27,8600.0,8642.0,0,0,0,0,0,0,0,0,,,,,,
2026-10-05 07:11:27,8600.0,8642.0,0,0,0,0,0,0,0,0,,,,,,
2026-10-05 07:11:27,8600.0,8642.0,0,0,0,0,0,0,0,0,,,,,,
2026-10-05 07:11:27,8600.0,8642.0,961,0,0,0,0,0,0,0,,,,,,
2026-10-05 07:11:27,8625.0,8667.0,101,0,20,0,0,0,20,0,,,,,,
2026-10-05 07:11:27,8650.0,8692.0,189,1,0,0,0,0,0,0,,,,,,
2026-10-05 07:11:27,8700.0,8742.0,1073,2,0,0,0,0,0,0,,,,,,
2026-10-05 07:11:27,8700.0,8742.0,1,0,0,0,0,0,0,0,,,,,,
2026-10-05 07:11:27,8700.0,8742.0,25,0,0,0,0,0,0,0,,,,,,
2026-10-05 07:11:27,8800.0,8842.0,2,0,0,0,0,0,0,0,,,,,,
2026-10-05 07:11:27,8800.0,8842.0,0,0,0,0,0,0,0,0,,,,,,
2026-10-05 07:11:27,8800.0,8842.0,2,0,0,0,0,0,0,0,,,,,,
2026-10-05 07:11:27,8800.0,8842.0,101,0,0,0,0,0,0,0,,,,,,
2026-10-05 07:11:27,8800.0,8842.0,4952,2,0,0,0,0,0,0,,,,,,
2026-10-05 07:11:27,8800.0,8842.0,4,0,0,0,0,0,0,0,,,,,,
2026-10-05 07:11:27,8800.0,8842.0,34,0,0,0,0,0,0,0,,,,,,
2026-10-05 07:11:27,8800.0,8842.0,13102,0,0,0,0,0,0,0,,,,,,
2026-10-05 07:11:27,8800.0,8842.0,0,0,0,0,0,0,0,0,,,,,,
2026-10-05 07:11:27,8800.0,8842.0,19702,0,0,0,0,0,0,0,,,,,,
2026-10-05 07:11:27,8800.0,8842.0,0,0,0,0,0,0,0,0,,,,,,
2026-10-05 07:11:27,8800.0,8842.0,0,0,0,0,0,0,0,0,,,,,,
2026-10-05 07:11:27,8800.0,8842.0,0,0,0,0,0,0,0,0,,,,,,
2026-10-05 07:11:27,8800.0,8842.0,42,0,0,0,0,0,0,0,,,,,,
2026-10-05 07:11:27,8900.0,8942.0,9716,0,0,0,0,0,0,0,,,,,,
2026-10-05 07:11:27,9000.0,9042.0,1,0,0,0,0,0,0,0,,,,,,
2026-10-05 07:11:27,9000.0,9042.0,1,0,0,0,0,0,0,0,,,,,,
2026-10-05 07:11:27,9000.0,9042.0,5,0,0,0,0,0,0,0,,,,,,
2026-10-05 07:11:27,9000.0,9042.0,3,0,0,0,0,0,0,0,,,,,,
2026-10-05 07:11:27,9000.0,9042.0,33621,6,0,0,0,0,0,0,,,,,,
2026-10-05 07:11:27,9000.0,9042.0,1,0,0,0,0,0,0,0,,,,,,
2026-10-05 07:11:27,9000.0,9042.0,13,0,0,0,0,0,0,0,,,,,,
2026-10-05 07:11:27,9000.0,9042.0,2305,0,0,0,0,0,0,0,,,,,,
2026-10-05 07:11:27,9000.0,9042.0,0,0,0,0,0,0,0,0,,,,,,
2026-10-05 07:11:27,9000.0,9042.0,17,0,0,0,0,0,0,0,,,,,,
2026-10-05 07:11:27,9000.0,9042.0,0,0,0,0,0,0,0,0,,,,,,
2026-10-05 07:11:27,9000.0,9042.0,0,0,0,0,0,0,0,0,,,,,,
2026-10-05 07:11:27,9000.0,9042.0,0,0,0,0,0,0,0,0,,,,,,
2026-10-05 07:11:27,9000.0,9042.0,16,0,0,0,0,0,0,0,,,,,,
2026-10-05 07:11:27,9100.0,9142.0,6,0,0,0,0,0,0,0,,,,,,
2026-10-05 07:11:27,9200.0,9242.0,1,0,0,0,0,0,0,0,,,,,,
2026-10-05 07:11:27,9200.0,9242.0,0,0,0,0,0,0,0,0,,,,,,
2026-10-05 07:11:27,9200.0,9242.0,0,0,0,0,0,0,0,0,,,,,,
2026-10-05 07:11:27,9200.0,9242.0,2,0,0,0,0,0,0,0,,,,,,
2026-10-05 07:11:27,9200.0,9242.0,395,0,0,0,0,0,0,0,,,,,,
2026-10-05 07:11:27,9200.0,9242.0,0,9,0,0,0,0,0,0,,,,,,
2026-10-05 07:11:27,9200.0,9242.0,0,0,0,0,0,0,0,0,,,,,,
2026-10-05 07:11:27,9200.0,9242.0,1,0,0,0,0,0,0,0,,,,,,
2026-10-05 07:11:27,9200.0,9242.0,0,0,0,0,0,0,0,0,,,,,,
2026-10-05 07:11:27,9200.0,9242.0,0,0,0,0,0,0,0,0,,,,,,
2026-10-05 07:11:27,9200.0,9242.0,0,0,0,0,0,0,0,0,,,,,,
2026-10-05 07:11:27,9200.0,9242.0,0,0,0,0,0,0,0,0,,,,,,
2026-10-05 07:11:27,9200.0,9242.0,0,0,0,0,0,0,0,0,,,,,,
2026-10-05 07:11:27,9200.0,9242.0,13,0,0,0,0,0,0,0,,,,,,
2026-10-05 07:11:29,6250.0,6292.0,26,5740,0,0,0,0,0,0,,,,,4,
2026-10-05 07:11:29,6250.0,6292.0,0,0,0,0,0,0,0,0,,,,,5,
2026-10-05 07:11:29,6250.0,6292.0,1,99,0,0,0,0,0,0,,,,,,
2026-10-05 07:11:29,6260.0,6302.0,0,8,0,0,0,0,0,0,,,,,,
2026-10-05 07:11:29,6260.0,6302.0,0,2,0,0,0,0,0,0,,,,,,
2026-10-05 07:11:29,6270.0,6312.0,0,9,0,0,0,0,0,0,,,,,,
2026-10-05 07:11:29,6270.0,6312.0,0,4,0,0,0,0,0,0,,,,,,
2026-10-05 07:11:29,6275.0,6317.0,6,2152,0,0,0,0,0,0,,,,,,
2026-10-05 07:11:29,6275.0,6317.0,0,74,0,0,0,0,0,0,,,,,,
2026-10-05 07:11:29,6280.0,6322.0,2,4,0,2,0,0,2,0,,,,,,
2026-10-05 07:11:29,6280.0,6322.0,0,1,0,0,0,0,0,0,,,,,,
2026-10-05 07:11:29,6290.0,6332.0,0,7,0,5,0,0,5,0,,,,,,
2026-10-05 07:11:29,6290.0,6332.0,0,60,0,0,0,0,0,0,,,,,,
2026-10-05 07:11:29,6300.0,6342.0,22,17867,0,28,0,0,28,0,,,,,,
2026-10-05 07:11:29,6300.0,6342.0,0,0,0,0,0,0,0,0,,,,,,
2026-10-05 07:11:29,6300.0,6342.0,0,256,0,0,0,0,0,0,,,,,,
2026-10-05 07:11:29,6310.0,6352.0,0,4,0,2,0,0,2,0,,,,,,
2026-10-05 07:11:29,6310.0,6352.0,0,21,0,0,0,0,0,0,,,,,,
2026-10-05 07:11:29,6320.0,6362.0,1,3,0,0,0,0,0,0,,,,,,
2026-10-05 07:11:29,6320.0,6362.0,0,6,0,0,0,0,0,0,,,,,,
2026-10-05 07:11:29,6325.0,6367.0,7,1844,0,0,0,0,0,0,,,,,,
2026-10-05 07:11:29,6325.0,6367.0,0,77,0,0,0,0,0,0,,,,,,
2026-10-05 07:11:29,6330.0,6372.0,1,6,0,0,0,0,0,0,,,,,,
2026-10-05 07:11:29,6330.0,6372.0,0,0,0,0,0,0,0,0,,,,,,
2026-10-05 07:11:29,6340.0,6382.0,0,22,0,0,0,0,0,0,,,,,,
2026-10-05 07:11:29,6340.0,6382.0,10,11,0,0,0,0,0,0,,,,,,
2026-10-05 07:11:29,6350.0,6392.0,16,3707,0,0,0,0,0,0,,,,,,
2026-10-05 07:11:29,6350.0,6392.0,0,0,0,0,0,0,0,0,,,,,,
2026-10-05 07:11:29,6350.0,6392.0,129,138,0,3,0,0,3,0,,,,,,
2026-10-05 07:11:29,6360.0,6402.0,0,0,0,0,0,0,0,0,,,,,,
2026-10-05 07:11:29,6360.0,6402.0,0,3,0,0,0,0,0,0,,,,,,
2026-10-05 07:11:29,6370.0,6412.0,0,5,0,0,0,0,0,0,,,,,,
2026-10-05 07:11:29,6370.0,6412.0,0,0,0,0,0,0,0,0,,,,,,
2026-10-05 07:11:29,6375.0,6417.0,30,2914,0,4,0,0,4,0,,,,,,
2026-10-05 07:11:29,6375.0,6417.0,15,105,0,0,0,0,0,0,,,,,,
2026-10-05 07:11:29,6380.0,6422.0,0,8,0,0,0,0,0,0,,,,,,
2026-10-05 07:11:29,6380.0,6422.0,0,17,0,0,0,0,0,0,,,,,,
2026-10-05 07:11:29,6390.0,6432.0,2,75,0,0,0,0,0,0,,,,,,
2026-10-05 07:11:29,6390.0,6432.0,0,0,0,0,0,0,0,0,,,,,,
2026-10-05 07:11:29,6400.0,6442.0,1022,9621,0,0,0,0,0,0,,,,,,
2026-10-05 07:11:29,6400.0,6442.0,0,6,0,0,0,0,0,0,,,,,,
2026-10-05 07:11:29,6400.0,6442.0,1,147,0,2,0,0,2,0,,,,,,
2026-10-05 07:11:29,6410.0,6452.0,1,471,0,0,0,0,0,0,,,,,,
2026-10-05 07:11:29,6410.0,6452.0,0,18,0,0,0,0,0,0,,,,,,
2026-10-05 07:11:29,6420.0,6462.0,0,140,0,0,0,0,0,0,,,,,,
2026-10-05 07:11:29,6420.0,6462.0,0,1,0,0,0,0,0,0,,,,,,
2026-10-05 07:11:29,6425.0,6467.0,7,2161,0,0,0,0,0,0,,,,,,
2026-10-05 07:11:29,6425.0,6467.0,0,28,0,0,0,0,0,0,,,,,,
2026-10-05 07:11:29,6430.0,6472.0,2,308,0,0,0,0,0,0,,,,,,
2026-10-05 07:11:29,6430.0,6472.0,0,1,0,0,0,0,0,0,,,,,,
2026-10-05 07:11:29,6440.0,6482.0,0,152,0,0,0,0,0,0,,,,,,
2026-10-05 07:11:29,6440.0,6482.0,0,7,0,1,0,0,1,0,,,,,,
2026-10-05 07:11:29,6450.0,6492.0,215,3218,0,0,0,0,0,0,,,,,,
2026-10-05 07:11:29,6450.0,6492.0,0,0,0,0,0,0,0,0,,,,,,
2026-10-05 07:11:29,6450.0,6492.0,0,103,0,1,0,0,1,0,,,,,,
2026-10-05 07:11:29,6460.0,6502.0,1,182,0,0,0,0,0,0,,,,,,
2026-10-05 07:11:29,6460.0,6502.0,0,18,0,0,0,0,0,0,,,,,,
2026-10-05 07:11:29,6470.0,6512.0,0,55,0,0,0,0,0,0,,,,,,
2026-10-05 07:11:29,6470.0,6512.0,0,2,0,0,0,0,0,0,,,,,,
2026-10-05 07:11:29,6475.0,6517.0,50,1420,0,0,0,0,0,0,,,,,,
2026-10-05 07:11:29,6475.0,6517.0,0,67,0,0,0,0,0,0,,,,,,
2026-10-05 07:11:29,6480.0,6522.0,3,24,0,0,0,0,0,0,,,,,,
2026-10-05 07:11:29,6480.0,6522.0,108,25,0,0,0,0,0,0,,,,,,
2026-10-05 07:11:29,6490.0,6532.0,0,71,0,0,0,0,0,0,,,,,,
2026-10-05 07:11:29,6490.0,6532.0,21,19,0,1,0,0,1,0,,,,,,
2026-10-05 07:11:29,6500.0,6542.0,3200,13675,0,0,0,0,0,0,,,,,,
2026-10-05 07:11:29,6500.0,6542.0,0,0,0,0,0,0,0,0,,,,,,
2026-10-05 07:11:29,6500.0,6542.0,4,5473,0,1,0,0,1,0,,,,,,
2026-10-05 07:11:29,6510.0,6552.0,1,98,0,0,0,0,0,0,,,,,,
2026-10-05 07:11:29,6510.0,6552.0,0,6,0,0,0,0,0,0,,,,,,
2026-10-05 07:11:29,6520.0,6562.0,1,20,0,0,0,0,0,0,,,,,,
2026-10-05 07:11:29,6520.0,6562.0,0,14,0,0,0,0,0,0,,,,,,
2026-10-05 07:11:29,6525.0,6567.0,929,1637,0,0,0,0,0,0,,,,,,
2026-10-05 07:11:29,6525.0,6567.0,0,148,0,0,0,0,0,0,,,,,,
2026-10-05 07:11:29,6530.0,6572.0,1,9,0,0,0,0,0,0,,,,,,
2026-10-05 07:11:29,6530.0,6572.0,0,43,0,0,0,0,0,0,,,,,,
2026-10-05 07:11:29,6540.0,6582.0,0,57,0,0,0,0,0,0,,,,,,
2026-10-05 07:11:29,6540.0,6582.0,0,0,0,0,0,0,0,0,,,,,,
2026-10-05 07:11:29,6550.0,6592.0,181,3066,0,0,0,0,0,0,,,,,,
2026-10-05 07:11:29,6550.0,6592.0,0,0,0,0,0,0,0,0,,,,,,
2026-10-05 07:11:29,6550.0,6592.0,0,8464,0,0,0,0,0,0,,,,,,
2026-10-05 07:11:29,6560.0,6602.0,0,235,0,0,0,0,0,0,,,,,,
2026-10-05 07:11:29,6560.0,6602.0,0,36,0,0,0,0,0,0,,,,,,
2026-10-05 07:11:29,6570.0,6612.0,340,172,0,0,0,0,0,0,,,,,,
2026-10-05 07:11:29,6570.0,6612.0,0,15,0,0,0,0,0,0,,,,,,
2026-10-05 07:11:29,6575.0,6617.0,868,1319,0,0,0,0,0,0,,,,,,
2026-10-05 07:11:29,6575.0,6617.0,0,69,0,0,0,0,0,0,,,,,,
2026-10-05 07:11:29,6580.0,6622.0,0,1048,0,0,0,0,0,0,,,,,,
2026-10-05 07:11:29,6580.0,6622.0,0,8,0,0,0,0,0,0,,,,,,
2026-10-05 07:11:29,6590.0,6632.0,1,231,0,0,0,0,0,0,,,,,,
2026-10-05 07:11:29,6590.0,6632.0,0,19,0,0,0,0,0,0,,,,,,
2026-10-05 07:11:29,6600.0,6642.0,1995,14826,0,19,0,0,19,0,,,,,,
2026-10-05 07:11:29,6600.0,6642.0,0,1,0,0,0,0,0,0,,,,,,
2026-10-05 07:11:29,6600.0,6642.0,1,228,0,1,0,0,1,0,,,,,,
2026-10-05 07:11:29,6610.0,6652.0,2,706,0,0,0,0,0,0,,,,,,
2026-10-05 07:11:29,6610.0,6652.0,0,10,0,0,0,0,0,0,,,,,,
2026-10-05 07:11:29,6620.0,6662.0,5,622,0,0,0,0,0,0,,,,,,
2026-10-05 07:11:29,6620.0,6662.0,0,14,0,0,0,0,0,0,,,,,,
2026-10-05 07:11:29,6625.0,6667.0,212,4085,0,0,0,0,0,0,,,,,,
2026-10-05 07:11:29,6625.0,6667.0,1,608,0,0,0,0,0,0,,,,,,
2026-10-05 07:11:29,6630.0,6672.0,0,293,0,0,0,0,0,0,,,,,,
2026-10-05 07:11:29,6630.0,6672.0,0,11,0,2,0,0,2,0,,,,,,
2026-10-05 07:11:29,6640.0,6682.0,1,392,0,0,0,0,0,0,,,,,,
2026-10-05 07:11:29,6640.0,6682.0,0,1,0,0,0,0,0,0,,,,,,
2026-10-05 07:11:29,6650.0,6692.0,1841,4249,0,27,0,0,27,0,,,,,,
2026-10-05 07:11:29,6650.0,6692.0,0,0,0,0,0,0,0,0,,,,,,
2026-10-05 07:11:29,6650.0,6692.0,2,251,0,0,0,0,0,0,,,,,,
2026-10-05 07:11:29,6660.0,6702.0,4,481,0,0,0,0,0,0,,,,,,
2026-10-05 07:11:29,6660.0,6702.0,0,127,0,6,0,0,6,0,,,,,,
2026-10-05 07:11:29,6670.0,6712.0,378,829,0,1,0,0,1,0,,,,,,
2026-10-05 07:11:29,6670.0,6712.0,0,19,0,0,0,0,0,0,,,,,,
2026-10-05 07:11:29,6675.0,6717.0,1402,2963,0,0,0,0,0,0,,,,,,
2026-10-05 07:11:29,6675.0,6717.0,0,59,0,2,0,0,2,0,,,,,,
2026-10-05 07:11:29,6680.0,6722.0,0,306,0,0,0,0,0,0,,,,,,
2026-10-05 07:11:29,6680.0,6722.0,0,37,0,0,0,0,0,0,,,,,,
2026-10-05 07:11:29,6690.0,6732.0,8,385,0,1,0,0,1,0,,,,,,
2026-10-05 07:11:29,6690.0,6732.0,0,8,0,0,0,0,0,0,,,,,,
2026-10-05 07:11:29,6700.0,6742.0,3904,16308,0,26,0,0,26,0,,,,,,
2026-10-05 07:11:29,6700.0,6742.0,0,21,0,0,0,0,0,0,,,,,,
2026-10-05 07:11:29,6700.0,6742.0,3,373,0,0,0,0,0,0,,,,,,
2026-10-05 07:11:29,6710.0,6752.0,1,644,0,0,0,0,0,0,,,,,,
2026-10-05 07:11:29,6710.0,6752.0,0,5,0,0,0,0,0,0,,,,,,
2026-10-05 07:11:29,6720.0,6762.0,0,480,0,0,0,0,0,0,,,,,,
2026-10-05 07:11:29,6720.0,6762.0,0,26,0,0,0,0,0,0,,,,,,
2026-10-05 07:11:29,6725.0,6767.0,3215,2051,0,0,0,0,0,0,,,,,,
2026-10-05 07:11:29,6725.0,6767.0,0,325,0,0,0,0,0,0,,,,,,
2026-10-05 07:11:29,6730.0,6772.0,0,426,0,0,0,0,0,0,,,,,,
2026-10-05 07:11:29,6730.0,6772.0,0,41,0,0,0,0,0,0,,,,,,
2026-10-05 07:11:29,6740.0,6782.0,2,512,0,1,0,0,1,0,,,,,,
2026-10-05 07:11:29,6740.0,6782.0,0,1,0,0,0,0,0,0,,,,,,
2026-10-05 07:11:29,6750.0,6792.0,3463,12917,0,46,0,0,46,0,,,,,,
2026-10-05 07:11:29,6750.0,6792.0,0,3,0,0,0,0,0,0,,,,,,
2026-10-05 07:11:29,6750.0,6792.0,2,185,0,0,0,0,0,0,,,,,,
2026-10-05 07:11:29,6760.0,6802.0,101,441,0,1,0,0,1,0,,,,,,
2026-10-05 07:11:29,6760.0,6802.0,0,24,0,0,0,0,0,0,,,,,,
2026-10-05 07:11:29,6770.0,6812.0,6,236,0,0,0,0,0,0,,,,,,
2026-10-05 07:11:29,6770.0,6812.0,0,7,0,0,0,0,0,0,,,,,,
2026-10-05 07:11:29,6775.0,6817.0,1925,1993,0,0,0,0,0,0,,,,,,
2026-10-05 07:11:29,6775.0,6817.0,0,167,0,6,0,0,6,0,,,,,,
2026-10-05 07:11:29,6780.0,6822.0,0,243,0,2,0,0,2,0,,,,,,
2026-10-05 07:11:29,6780.0,6822.0,0,2,0,0,0,0,0,0,,,,,,
2026-10-05 07:11:29,6790.0,6832.0,0,236,0,0,0,0,0,0,,,,,,
2026-10-05 07:11:29,6790.0,6832.0,0,36,0,0,0,0,0,0,,,,,,
2026-10-05 07:11:29,6800.0,6842.0,5643,12033,0,1,0,0,1,0,,,,,,
2026-10-05 07:11:29,6800.0,6842.0,0,37,0,8,0,0,8,0,,,,,,
2026-10-05 07:11:29,6800.0,6842.0,9,509,0,0,0,0,0,0,,,,,,
2026-10-05 07:11:29,6810.0,6852.0,2,315,0,0,0,0,0,0,,,,,,
2026-10-05 07:11:29,6810.0,6852.0,0,33,0,0,0,0,0,0,,,,,,
2026-10-05 07:11:29,6820.0,6862.0,2,196,0,0,0,0,0,0,,,,,,
2026-10-05 07:11:29,6820.0,6862.0,0,3,0,0,0,0,0,0,,,,,,
2026-10-05 07:11:29,6825.0,6867.0,1791,2675,0,5,0,0,5,0,,,,,,
2026-10-05 07:11:29,6825.0,6867.0,0,118,0,0,0,0,0,0,,,,,,
2026-10-05 07:11:29,6830.0,6872.0,8,402,0,0,0,0,0,0,,,,,,
2026-10-05 07:11:29,6830.0,6872.0,0,29,0,1,0,0,1,0,,,,,,
2026-10-05 07:11:29,6840.0,6882.0,2,243,0,3,0,0,3,0,,,,,,
2026-10-05 07:11:29,6840.0,6882.0,0,20,0,0,0,0,0,0,,,,,,
2026-10-05 07:11:29,6850.0,6892.0,1445,6495,0,1,0,0,1,0,,,,,,
2026-10-05 07:11:29,6850.0,6892.0,2,21,0,0,0,0,0,0,,,,,,
2026-10-05 07:11:29,6850.0,6892.0,8,163,0,0,0,0,0,0,,,,,,
2026-10-05 07:11:29,6860.0,6902.0,2,360,0,1,0,0,1,0,,,,,,
2026-10-05 07:11:29,6860.0,6902.0,0,2,0,0,0,0,0,0,,,,,,
2026-10-05 07:11:29,6870.0,6912.0,0,360,0,0,0,0,0,0,,,,,,
2026-10-05 07:11:29,6870.0,6912.0,0,15,0,0,0,0,0,0,,,,,,
2026-10-05 07:11:29,6875.0,6917.0,646,3678,0,1,0,0,1,0,,,,,,
2026-10-05 07:11:29,6875.0,6917.0,4,101,0,6,0,0,6,0,,,,,,
2026-10-05 07:11:29,6880.0,6922.0,6,325,0,0,0,0,0,0,,,,,,
2026-10-05 07:11:29,6880.0,6922.0,0,11,0,0,0,0,0,0,,,,,,
2026-10-05 07:11:29,6890.0,6932.0,7,713,0,1,0,0,1,0,,,,,,
2026-10-05 07:11:29,6890.0,6932.0,0,16,0,0,0,0,0,0,,,,,,
2026-10-05 07:11:29,6900.0,6942.0,3786,9390,0,2,0,0,2,0,,,,,,
2026-10-05 07:11:29,6900.0,6942.0,0,18,0,0,0,0,0,0,,,,,,
2026-10-05 07:11:29,6900.0,6942.0,5,188,0,1,0,0,1,0,,,,,,
2026-10-05 07:11:29,6910.0,6952.0,3,433,0,0,0,0,0,0,,,,,,
2026-10-05 07:11:29,6910.0,6952.0,0,24,0,0,0,0,0,0,,,,,,
2026-10-05 07:11:29,6920.0,6962.0,16,258,0,0,0,0,0,0,,,,,,
2026-10-05 07:11:29,6920.0,6962.0,0,19,0,0,0,0,0,0,,,,,,
2026-10-05 07:11:29,6925.0,6967.0,353,1976,0,38,0,0,38,0,,,,,,
2026-10-05 07:11:29,6925.0,6967.0,0,62,0,0,0,0,0,0,,,,,,
2026-10-05 07:11:29,6930.0,6972.0,1,113,0,0,0,0,0,0,,,,,,
2026-10-05 07:11:29,6930.0,6972.0,0,36,0,1,0,0,1,0,,,,,,
2026-10-05 07:11:29,6940.0,6982.0,0,269,0,0,0,0,0,0,,,,,,
2026-10-05 07:11:29,6940.0,6982.0,0,49,0,0,0,0,0,0,,,,,,
2026-10-05 07:11:29,6950.0,6992.0,1310,4741,0,2008,0,0,2008,0,1,,1,,,
2026-10-05 07:11:29,6950.0,6992.0,75,11,0,0,0,0,0,0,,,,,,
2026-10-05 07:11:29,6950.0,6992.0,4,213,0,3,0,0,3,0,,,,,,
2026-10-05 07:11:29,6960.0,7002.0,3,327,0,1,0,0,1,0,,,,,,
2026-10-05 07:11:29,6960.0,7002.0,2,12,0,0,0,0,0,0,,,,,,
2026-10-05 07:11:29,6970.0,7012.0,186,414,0,1,0,0,1,0,,,,,,
2026-10-05 07:11:29,6970.0,7012.0,0,52,0,0,0,0,0,0,,,,,,
2026-10-05 07:11:29,6975.0,7017.0,303,3007,0,16,0,0,16,0,,,,,,
2026-10-05 07:11:29,6975.0,7017.0,6,146,0,4,0,0,4,0,,,,,,
2026-10-05 07:11:29,6980.0,7022.0,13,798,0,10,0,0,10,0,,,,,,
2026-10-05 07:11:29,6980.0,7022.0,0,107,0,0,0,0,0,0,,,,,,
2026-10-05 07:11:29,6990.0,7032.0,13,1177,0,1,0,0,1,0,,,,,,
2026-10-05 07:11:29,6990.0,7032.0,0,42,0,0,0,0,0,0,,,,,,
2026-10-05 07:11:29,7000.0,7042.0,65947,86725,13,82,0,0,95,0,,,,,,
2026-10-05 07:11:29,7000.0,7042.0,3936,3873,0,0,0,0,0,0,,,,,,
2026-10-05 07:11:29,7000.0,7042.0,67,5603,0,7,0,0,7,0,,,,,,
2026-10-05 07:11:29,7010.0,7052.0,21,878,0,1,0,0,1,0,,,,,,
2026-10-05 07:11:29,7010.0,7052.0,0,41,0,0,0,0,0,0,,,,,,
2026-10-05 07:11:29,7015.0,7057.0,0,3,0,0,0,0,0,0,,,,,,
2026-10-05 07:11:29,7020.0,7062.0,9,653,0,0,0,0,0,0,,,,,,
2026-10-05 07:11:29,7020.0,7062.0,0,55,0,0,0,0,0,0,,,,,,
2026-10-05 07:11:29,7025.0,7067.0,295,2210,0,40,0,0,40,0,,,,,,
2026-10-05 07:11:29,7025.0,7067.0,65,159,0,0,0,0,0,0,,,,,,
2026-10-05 07:11:29,7030.0,7072.0,4,1326,0,0,0,0,0,0,,,,,,
2026-10-05 07:11:29,7030.0,7072.0,0,20,0,0,0,0,0,0,,,,,,
2026-10-05 07:11:29,7035.0,7077.0,0,6,0,0,0,0,0,0,,,,,,
2026-10-05 07:11:29,7040.0,7082.0,0,778,0,19,0,0,19,0,,,,,,
2026-10-05 07:11:29,7040.0,7082.0,0,10,0,2,0,0,2,0,,,,,,
2026-10-05 07:11:29,7045.0,7087.0,0,1,0,0,0,0,0,0,,,,,,
2026-10-05 07:11:29,7050.0,7092.0,3143,5580,0,21,0,0,21,0,,,,,,
2026-10-05 07:11:29,7050.0,7092.0,0,25,0,1,0,0,1,0,,,,,,
2026-10-05 07:11:29,7050.0,7092.0,0,1012,0,1,0,0,1,0,,,,,,
2026-10-05 07:11:29,7055.0,7097.0,0,3,0,0,0,0,0,0,,,,,,
2026-10-05 07:11:29,7060.0,7102.0,0,460,0,0,0,0,0,0,,,,,,
2026-10-05 07:11:29,7060.0,7102.0,2,38,0,0,0,0,0,0,,,,,,
2026-10-05 07:11:29,7065.0,7107.0,0,8,0,0,0,0,0,0,,,,,,
2026-10-05 07:11:29,7065.0,7107.0,0,50,0,0,0,0,0,0,,,,,,
2026-10-05 07:11:29,7070.0,7112.0,1,689,0,5,0,0,5,0,,,,,,
2026-10-05 07:11:29,7070.0,7112.0,0,17,0,0,0,0,0,0,,,,,,
2026-10-05 07:11:29,7075.0,7117.0,1098,2316,0,41,0,0,41,0,,,,,,
2026-10-05 07:11:29,7075.0,7117.0,0,4,0,3,0,0,3,0,,,,,,
2026-10-05 07:11:29,7075.0,7117.0,20,150,0,0,0,0,0,0,,,,,,
2026-10-05 07:11:29,7080.0,7122.0,2,651,0,3,0,0,3,0,,,,,,
2026-10-05 07:11:29,7080.0,7122.0,0,203,0,0,0,0,0,0,,,,,,
2026-10-05 07:11:29,7085.0,7127.0,30,3,0,0,0,0,0,0,,,,,,
2026-10-05 07:11:29,7085.0,7127.0,0,13,0,0,0,0,0,0,,,,,,
2026-10-05 07:11:29,7090.0,7132.0,8,1199,0,30,0,0,30,0,,,,,,
2026-10-05 07:11:29,7090.0,7132.0,0,176,0,0,0,0,0,0,,,,,,
2026-10-05 07:11:29,7095.0,7137.0,0,17,0,4,0,0,4,0,,,,,,
2026-10-05 07:11:29,7095.0,7137.0,0,22,0,0,0,0,0,0,,,,,,
2026-10-05 07:11:29,7100.0,7142.0,1411,17445,0,91,0,0,91,0,,,,,,
2026-10-05 07:11:29,7100.0,7142.0,2,7,0,0,0,0,0,0,,,,,,
2026-10-05 07:11:29,7100.0,7142.0,9,1150,0,0,0,0,0,0,,,,,,
2026-10-05 07:11:29,7105.0,7147.0,0,2,0,0,0,0,0,0,,,,,,
2026-10-05 07:11:29,7105.0,7147.0,0,63,0,0,0,0,0,0,,,,,,
2026-10-05 07:11:29,7110.0,7152.0,11,898,0,0,0,0,0,0,,,,,,
2026-10-05 07:11:29,7110.0,7152.0,0,53,0,0,0,0,0,0,,,,,,
2026-10-05 07:11:29,7115.0,7157.0,0,2,0,1,0,0,1,0,,,,,,
2026-10-05 07:11:29,7115.0,7157.0,0,5,0,0,0,0,0,0,,,,,,
2026-10-05 07:11:29,7120.0,7162.0,4,327,0,1,0,0,1,0,,,,,,
2026-10-05 07:11:29,7120.0,7162.0,0,61,0,0,0,0,0,0,,,,,,
2026-10-05 07:11:29,7125.0,7167.0,940,1681,0,2,0,0,2,0,,,,,,
2026-10-05 07:11:29,7125.0,7167.0,1,10,0,0,0,0,0,0,,,,,,
2026-10-05 07:11:29,7125.0,7167.0,9,144,0,0,0,0,0,0,,,,,,
2026-10-05 07:11:29,7130.0,7172.0,333,922,0,0,0,0,0,0,,,,,,
2026-10-05 07:11:29,7130.0,7172.0,0,7,0,0,0,0,0,0,,,,,,
2026-10-05 07:11:29,7135.0,7177.0,0,41,0,0,0,0,0,0,,,,,,
2026-10-05 07:11:29,7135.0,7177.0,0,37,0,0,0,0,0,0,,,,,,
2026-10-05 07:11:29,7140.0,7182.0,2,1820,0,0,0,0,0,0,,,,,,
2026-10-05 07:11:29,7140.0,7182.0,0,160,0,1,0,0,1,0,,,,,,
2026-10-05 07:11:29,7140.0,7182.0,0,176,0,0,0,0,0,0,,,,,,
2026-10-05 07:11:29,7145.0,7187.0,2,235,0,2,0,0,2,0,,,,,,
2026-10-05 07:11:29,7145.0,7187.0,0,14,0,0,0,0,0,0,,,,,,
2026-10-05 07:11:29,7150.0,7192.0,955,6432,0,7,0,0,7,0,,,,,,
2026-10-05 07:11:29,7150.0,7192.0,0,165,0,0,0,0,0,0,,,,,,
2026-10-05 07:11:29,7150.0,7192.0,3,470,0,2,0,0,2,0,,,,,,
2026-10-05 07:11:29,7155.0,7197.0,9,169,0,0,0,0,0,0,,,,,,
2026-10-05 07:11:29,7155.0,7197.0,0,213,0,0,0,0,0,0,,,,,,
2026-10-05 07:11:29,7160.0,7202.0,6,1002,0,0,0,0,0,0,,,,,,
2026-10-05 07:11:29,7160.0,7202.0,0,43,0,0,0,0,0,0,,,,,,
2026-10-05 07:11:29,7165.0,7207.0,2,58,0,0,0,0,0,0,,,,,,
2026-10-05 07:11:29,7165.0,7207.0,0,6,0,0,0,0,0,0,,,,,,
2026-10-05 07:11:29,7170.0,7212.0,3,417,0,1,0,0,1,0,,,,,,
2026-10-05 07:11:29,7170.0,7212.0,0,17,0,0,0,0,0,0,,,,,,
2026-10-05 07:11:29,7175.0,7217.0,819,5496,0,0,0,0,0,0,,,,,,
2026-10-05 07:11:29,7175.0,7217.0,0,2,0,0,0,0,0,0,,,,,,
2026-10-05 07:11:29,7175.0,7217.0,8,169,0,0,0,0,0,0,,,,,,
2026-10-05 07:11:29,7180.0,7222.0,3,975,0,1,0,0,1,0,,,,,,
2026-10-05 07:11:29,7180.0,7222.0,0,19,0,0,0,0,0,0,,,,,,
2026-10-05 07:11:29,7185.0,7227.0,0,179,0,0,0,0,0,0,,,,,,
2026-10-05 07:11:29,7185.0,7227.0,0,5,0,0,0,0,0,0,,,,,,
2026-10-05 07:11:29,7190.0,7232.0,1,910,0,1,0,0,1,0,,,,,,
2026-10-05 07:11:29,7190.0,7232.0,0,17,0,0,0,0,0,0,,,,,,
2026-10-05 07:11:29,7195.0,7237.0,2,354,0,0,0,0,0,0,,,,,,
2026-10-05 07:11:29,7195.0,7237.0,1,3,0,0,0,0,0,0,,,,,,
2026-10-05 07:11:29,7200.0,7242.0,3676,22289,0,74,0,0,74,0,,,,,,
2026-10-05 07:11:29,7200.0,7242.0,0,10,0,1,0,0,1,0,,,,,,
2026-10-05 07:11:29,7200.0,7242.0,40,2161,0,1,0,0,1,0,,,,,,
2026-10-05 07:11:29,7205.0,7247.0,2,714,0,0,0,0,0,0,,,,,,
2026-10-05 07:11:29,7205.0,7247.0,0,59,0,1,0,0,1,0,,,,,,
2026-10-05 07:11:29,7210.0,7252.0,13,486,0,0,0,0,0,0,,,,,,
2026-10-05 07:11:29,7210.0,7252.0,0,32,0,0,0,0,0,0,,,,,,
2026-10-05 07:11:29,7215.0,7257.0,5,358,0,1,0,0,1,0,,,,,,
2026-10-05 07:11:29,7215.0,7257.0,0,30,0,1,0,0,1,0,,,,,,
2026-10-05 07:11:29,7220.0,7262.0,1,442,0,5,0,0,5,0,,,,,,
2026-10-05 07:11:29,7220.0,7262.0,0,24,0,0,0,0,0,0,,,,,,
2026-10-05 07:11:29,7225.0,7267.0,707,1665,0,29,0,0,29,0,,,,,,
2026-10-05 07:11:29,7225.0,7267.0,0,4,0,0,0,0,0,0,,,,,,
2026-10-05 07:11:29,7225.0,7267.0,12,192,0,0,0,0,0,0,,,,,,
2026-10-05 07:11:29,7230.0,7272.0,7,487,0,3,0,0,3,0,,,,,,
2026-10-05 07:11:29,7230.0,7272.0,0,44,0,0,0,0,0,0,,,,,,
2026-10-05 07:11:29,7235.0,7277.0,4,344,0,2,0,0,2,0,,,,,,
2026-10-05 07:11:29,7235.0,7277.0,0,11,0,0,0,0,0,0,,,,,,
2026-10-05 07:11:29,7240.0,7282.0,2,862,0,6,0,0,6,0,,,,,,
2026-10-05 07:11:29,7240.0,7282.0,5,17,0,0,0,0,0,0,,,,,,
2026-10-05 07:11:29,7245.0,7287.0,2,453,0,11,0,0,11,0,,,,,,
2026-10-05 07:11:29,7245.0,7287.0,0,16,0,0,0,0,0,0,,,,,,
2026-10-05 07:11:29,7250.0,7292.0,2379,11449,0,141,0,0,141,0,,,5,,,
2026-10-05 07:11:29,7250.0,7292.0,175,17,0,0,0,0,0,0,,,,,,
2026-10-05 07:11:29,7250.0,7292.0,28,2413,0,2,0,0,2,0,,,,,,
2026-10-05 07:11:29,7255.0,7297.0,7,279,0,8,0,0,8,0,,,,,,
2026-10-05 07:11:29,7255.0,7297.0,0,14,0,0,0,0,0,0,,,,,,
2026-10-05 07:11:29,7260.0,7302.0,13,577,0,9,0,0,9,0,,,,,,
2026-10-05 07:11:29,7260.0,7302.0,0,44,0,0,0,0,0,0,,,,,,
2026-10-05 07:11:29,7265.0,7307.0,2,321,0,1,0,0,1,0,,,,,,
2026-10-05 07:11:29,7265.0,7307.0,0,48,0,0,0,0,0,0,,,,,,
2026-10-05 07:11:29,7270.0,7312.0,12,394,0,0,0,0,0,0,,,,,,
2026-10-05 07:11:29,7270.0,7312.0,0,64,0,0,0,0,0,0,,,,,,
2026-10-05 07:11:29,7275.0,7317.0,172,4508,0,17,0,0,17,0,,,,,,
2026-10-05 07:11:29,7275.0,7317.0,0,3,0,3,0,0,3,0,,,,,,
2026-10-05 07:11:29,7275.0,7317.0,17,59,0,4,0,0,4,0,,,,,,
2026-10-05 07:11:29,7280.0,7322.0,27,531,0,39,0,0,39,0,,,,,,
2026-10-05 07:11:29,7280.0,7322.0,0,19,0,0,0,0,0,0,,,,,,
2026-10-05 07:11:29,7285.0,7327.0,19,461,0,0,0,0,0,0,,,,,,
2026-10-05 07:11:29,7285.0,7327.0,0,9,0,0,0,0,0,0,,,,,,
2026-10-05 07:11:29,7290.0,7332.0,35,2667,0,4,0,0,4,0,,,,,,
2026-10-05 07:11:29,7290.0,7332.0,0,105,0,0,0,0,0,0,,,,,,
2026-10-05 07:11:29,7295.0,7337.0,4,663,0,6,0,0,6,0,,,,,,
2026-10-05 07:11:29,7295.0,7337.0,0,29,0,0,0,0,0,0,,,,,,
2026-10-05 07:11:29,7300.0,7342.0,4217,16440,1,254,0,0,255,0,5,,3,,,
2026-10-05 07:11:29,7300.0,7342.0,1,33,0,1,0,0,1,0,,,,,,
2026-10-05 07:11:29,7300.0,7342.0,36,1234,0,1,0,0,1,0,,,,,,
2026-10-05 07:11:29,7305.0,7347.0,22,362,0,11,0,0,11,0,,,,,,
2026-10-05 07:11:29,7305.0,7347.0,0,13,0,0,0,0,0,0,,,,,,
2026-10-05 07:11:29,7310.0,7352.0,29,1349,0,2,0,0,2,0,,,,,,
2026-10-05 07:11:29,7310.0,7352.0,1,55,0,0,0,0,0,0,,,,,,
2026-10-05 07:11:29,7315.0,7357.0,10,561,0,1,0,0,1,0,,,,,,
2026-10-05 07:11:29,7315.0,7357.0,0,65,0,0,0,0,0,0,,,,,,
2026-10-05 07:11:29,7320.0,7362.0,19,1080,0,0,0,0,0,0,,,,,,
2026-10-05 07:11:29,7320.0,7362.0,12,95,0,0,0,0,0,0,,,,,,
2026-10-05 07:11:29,7325.0,7367.0,418,2085,0,9,0,0,9,0,,,,,,
2026-10-05 07:11:29,7325.0,7367.0,0,14,0,1,0,0,1,0,,,,,,
2026-10-05 07:11:29,7325.0,7367.0,8,66,0,4,0,0,4,0,,,,,,
2026-10-05 07:11:29,7330.0,7372.0,115,913,0,1,0,0,1,0,,,,,,
2026-10-05 07:11:29,7330.0,7372.0,24,85,0,0,0,0,0,0,,,,,,
2026-10-05 07:11:29,7335.0,7377.0,17,1736,0,0,0,0,0,0,,,,,,
2026-10-05 07:11:29,7335.0,7377.0,0,51,0,0,0,0,0,0,,,,,,
2026-10-05 07:11:29,7340.0,7382.0,20,1773,0,3,0,0,3,0,,,,,,
2026-10-05 07:11:29,7340.0,7382.0,21,101,0,0,0,0,0,0,,,,,,
2026-10-05 07:11:29,7345.0,7387.0,17,448,3,3,0,0,6,0,,,,,,
2026-10-05 07:11:29,7345.0,7387.0,0,36,0,0,0,0,0,0,,,,,,
2026-10-05 07:11:29,7350.0,7392.0,2262,12637,0,65,0,0,65,0,,,,,,
2026-10-05 07:11:29,7350.0,7392.0,0,7,0,1,0,0,1,0,,,,,,
2026-10-05 07:11:29,7350.0,7392.0,9,1971,0,2,0,0,2,0,,,,,,
2026-10-05 07:11:29,7355.0,7397.0,16,475,0,10,0,0,10,0,,,,,,
2026-10-05 07:11:29,7355.0,7397.0,0,38,0,0,0,0,0,0,,,,,,
2026-10-05 07:11:29,7360.0,7402.0,22,493,0,0,0,0,0,0,,,,,,
2026-10-05 07:11:29,7360.0,7402.0,34,47,0,0,0,0,0,0,,,,,,
2026-10-05 07:11:29,7365.0,7407.0,22,510,0,1,0,0,1,0,,,,,,
2026-10-05 07:11:29,7365.0,7407.0,0,124,0,1,0,0,1,0,,,,,,
2026-10-05 07:11:29,7370.0,7412.0,37,557,0,5,0,0,5,0,,,,,,
2026-10-05 07:11:29,7370.0,7412.0,80,279,0,0,0,0,0,0,,,,,,
2026-10-05 07:11:29,7375.0,7417.0,601,3860,0,15,0,0,15,0,,,,,,
2026-10-05 07:11:29,7375.0,7417.0,0,1,0,11,0,10,11,10,,,,2,,1
2026-10-05 07:11:29,7375.0,7417.0,33,166,0,1,0,0,1,0,,,,,,
2026-10-05 07:11:29,7380.0,7422.0,59,1461,0,4,0,0,4,0,,,,,,
2026-10-05 07:11:29,7380.0,7422.0,82,39,0,0,0,0,0,0,,,,,,
2026-10-05 07:11:29,7385.0,7427.0,31,848,0,1,0,0,1,0,,,,,,
2026-10-05 07:11:29,7385.0,7427.0,20,75,0,3,0,0,3,0,,,,,,
2026-10-05 07:11:29,7390.0,7432.0,58,835,0,1,0,0,1,0,,,,,,
2026-10-05 07:11:29,7390.0,7432.0,45,88,0,0,0,0,0,0,,,,,,
2026-10-05 07:11:29,7395.0,7437.0,22,344,0,13,0,0,13,0,,,,,,
2026-10-05 07:11:29,7395.0,7437.0,0,38,0,0,0,0,0,0,,,,,,
2026-10-05 07:11:29,7400.0,7442.0,5976,21704,0,128,0,0,128,0,,,,,,
2026-10-05 07:11:29,7400.0,7442.0,1,13,0,1,0,0,1,0,,,,,,
2026-10-05 07:11:29,7400.0,7442.0,439,1302,0,1,0,0,1,0,,,,,,
2026-10-05 07:11:29,7405.0,7447.0,43,439,0,2,0,0,2,0,,,,,,
2026-10-05 07:11:29,7405.0,7447.0,0,38,0,0,0,0,0,0,,,,,,
2026-10-05 07:11:29,7410.0,7452.0,77,1074,0,6,0,0,6,0,,,,,,
2026-10-05 07:11:29,7410.0,7452.0,38,49,0,0,0,0,0,0,,,,,,
2026-10-05 07:11:29,7415.0,7457.0,36,429,0,1,0,0,1,0,,,,,,
2026-10-05 07:11:29,7415.0,7457.0,0,15,0,0,0,0,0,0,,,,,,
2026-10-05 07:11:29,7420.0,7462.0,86,518,0,1,0,0,1,0,,,,,,
2026-10-05 07:11:29,7420.0,7462.0,38,31,0,1,0,0,1,0,,,,,,
2026-10-05 07:11:29,7425.0,7467.0,463,1570,0,9,0,0,9,0,,,,,,
2026-10-05 07:11:29,7425.0,7467.0,0,2,0,0,0,0,0,0,,,,,,
2026-10-05 07:11:29,7425.0,7467.0,8,251,0,0,0,0,0,0,,,,,,
2026-10-05 07:11:29,7430.0,7472.0,43,499,0,6,0,0,6,0,,,,,,
2026-10-05 07:11:29,7430.0,7472.0,51,45,0,0,0,0,0,0,,,,,,
2026-10-05 07:11:29,7435.0,7477.0,86,280,0,1,0,0,1,0,,,,,,
2026-10-05 07:11:29,7435.0,7477.0,8,7,0,0,0,0,0,0,,,,,,
2026-10-05 07:11:29,7440.0,7482.0,48,1183,0,5,0,0,5,0,,,,,,
2026-10-05 07:11:29,7440.0,7482.0,33,352,1,0,0,0,1,0,,,,,,
2026-10-05 07:11:29,7445.0,7487.0,15,572,0,1,0,0,1,0,,,,,,
2026-10-05 07:11:29,7445.0,7487.0,5,5,0,0,0,0,0,0,,,,,,
2026-10-05 07:11:29,7450.0,7492.0,2612,9470,0,54,0,0,54,0,,,,,,
2026-10-05 07:11:29,7450.0,7492.0,0,5,0,1,0,0,1,0,,,,,,
2026-10-05 07:11:29,7450.0,7492.0,411,1577,0,0,0,0,0,0,,,,,,
2026-10-05 07:11:29,7455.0,7497.0,22,731,0,0,0,0,0,0,,,,,,
2026-10-05 07:11:29,7455.0,7497.0,24,5,0,0,0,0,0,0,,,,,,
2026-10-05 07:11:29,7460.0,7502.0,96,982,0,12,0,0,12,0,,,,,,
2026-10-05 07:11:29,7460.0,7502.0,35,69,0,0,0,0,0,0,,,,,,
2026-10-05 07:11:29,7465.0,7507.0,20,353,0,4,0,0,4,0,,,,,,
2026-10-05 07:11:29,7465.0,7507.0,5,15,0,1,0,0,1,0,,,,,,
2026-10-05 07:11:29,7470.0,7512.0,71,528,0,1,0,0,1,0,,,,,,
2026-10-05 07:11:29,7470.0,7512.0,50,42,0,0,0,0,0,0,,,,,,
2026-10-05 07:11:29,7475.0,7517.0,1688,10337,0,3,0,0,3,0,,,,,,
2026-10-05 07:11:29,7475.0,7517.0,1,2,0,0,0,0,0,0,,,,,,
2026-10-05 07:11:29,7475.0,7517.0,41,70,0,0,0,0,0,0,,,,,,
2026-10-05 07:11:29,7480.0,7522.0,46,1075,0,5,0,0,5,0,,,,,,
2026-10-05 07:11:29,7480.0,7522.0,77,39,0,1,0,0,1,0,,,,,,
2026-10-05 07:11:29,7485.0,7527.0,25,271,0,13,0,0,13,0,,,,,,
2026-10-05 07:11:29,7485.0,7527.0,9,7,0,0,0,0,0,0,,,,,,
2026-10-05 07:11:29,7490.0,7532.0,44,401,0,17,0,0,17,0,,,,,,
2026-10-05 07:11:29,7490.0,7532.0,88,32,0,0,0,0,0,0,,,,,,
2026-10-05 07:11:29,7495.0,7537.0,9,578,0,2,0,0,2,0,,,,,,
2026-10-05 07:11:29,7495.0,7537.0,3,5,0,0,0,0,0,0,,,,,,
2026-10-05 07:11:29,7500.0,7542.0,6991,23158,0,31,0,0,31,0,,,,,,
2026-10-05 07:11:29,7500.0,7542.0,2,7,0,0,0,0,0,0,,,,,,
2026-10-05 07:11:29,7500.0,7542.0,66,2209,0,3,0,0,3,0,,,,,,
2026-10-05 07:11:29,7505.0,7547.0,39,961,0,2,0,0,2,0,,,,,,
2026-10-05 07:11:29,7505.0,7547.0,4,54,0,0,0,0,0,0,,,,,,
2026-10-05 07:11:29,7510.0,7552.0,188,537,0,2,0,0,2,0,,,,,,
2026-10-05 07:11:29,7510.0,7552.0,68,100,0,0,0,0,0,0,,,,,,
2026-10-05 07:11:29,7515.0,7557.0,34,822,0,4,0,0,4,0,,,,,,
2026-10-05 07:11:29,7515.0,7557.0,2,54,0,0,0,0,0,0,,,,,,
2026-10-05 07:11:29,7520.0,7562.0,179,375,0,0,0,0,0,0,,,,,,
2026-10-05 07:11:29,7520.0,7562.0,0,1,0,0,0,0,0,0,,,,,,
2026-10-05 07:11:29,7520.0,7562.0,52,48,0,0,0,0,0,0,,,,,,
2026-10-05 07:11:29,7525.0,7567.0,1138,1560,0,0,0,0,0,0,,,,,,
2026-10-05 07:11:29,7525.0,7567.0,3,3,0,0,0,0,0,0,,,,,,
2026-10-05 07:11:29,7525.0,7567.0,39,165,0,0,0,0,0,0,,,,,,
2026-10-05 07:11:29,7530.0,7572.0,105,357,0,1,0,0,1,0,,,,,,
2026-10-05 07:11:29,7530.0,7572.0,1,0,1,0,0,0,1,0,,,,,,
2026-10-05 07:11:29,7530.0,7572.0,52,57,0,0,0,0,0,0,,,,,,
2026-10-05 07:11:29,7535.0,7577.0,30,196,0,3,0,0,3,0,,,,,,
2026-10-05 07:11:29,7535.0,7577.0,13,52,0,4,0,0,4,0,,,,,,
2026-10-05 07:11:29,7540.0,7582.0,201,754,0,0,0,0,0,0,,,,,,
2026-10-05 07:11:29,7540.0,7582.0,3,0,1,0,0,0,1,0,,,,,,
2026-10-05 07:11:29,7540.0,7582.0,106,330,0,0,0,0,0,0,,,,,,
2026-10-05 07:11:29,7545.0,7587.0,141,407,0,0,0,0,0,0,,,,,,
2026-10-05 07:11:29,7545.0,7587.0,34,85,0,0,0,0,0,0,,,,,,
2026-10-05 07:11:29,7550.0,7592.0,3161,9650,0,0,0,0,0,0,,,,,,
2026-10-05 07:11:29,7550.0,7592.0,0,19,0,0,0,0,0,0,,,,,,
2026-10-05 07:11:29,7550.0,7592.0,30,741,0,0,0,0,0,0,,,,,,
2026-10-05 07:11:29,7555.0,7597.0,76,243,0,6,0,0,6,0,,,,,,
2026-10-05 07:11:29,7555.0,7597.0,40,56,0,0,0,0,0,0,,,,,,
2026-10-05 07:11:29,7560.0,7602.0,103,311,0,0,0,0,0,0,,,,,,
2026-10-05 07:11:29,7560.0,7602.0,0,0,0,0,0,0,0,0,,,,,,
2026-10-05 07:11:29,7560.0,7602.0,39,77,0,0,0,0,0,0,,,,,,
2026-10-05 07:11:29,7565.0,7607.0,88,256,0,0,0,0,0,0,,,,,,
2026-10-05 07:11:29,7565.0,7607.0,32,51,0,0,0,0,0,0,,,,,,
2026-10-05 07:11:29,7570.0,7612.0,47,232,0,0,0,0,0,0,,,,,,
2026-10-05 07:11:29,7570.0,7612.0,1,0,0,0,0,0,0,0,,,,,,
2026-10-05 07:11:29,7570.0,7612.0,25,63,0,0,0,0,0,0,,,,,,
2026-10-05 07:11:29,7575.0,7617.0,650,1569,0,0,0,0,0,0,,,,,,
2026-10-05 07:11:29,7575.0,7617.0,0,0,0,0,0,0,0,0,,,,,,
2026-10-05 07:11:29,7575.0,7617.0,121,167,0,0,0,0,0,0,,,,,,
2026-10-05 07:11:29,7580.0,7622.0,253,340,0,0,0,0,0,0,,,,,,
2026-10-05 07:11:29,7580.0,7622.0,0,0,0,0,0,0,0,0,,,,,,
2026-10-05 07:11:29,7580.0,7622.0,99,183,0,0,0,0,0,0,,,,,,
2026-10-05 07:11:29,7585.0,7627.0,88,283,0,0,0,0,0,0,,,,,,
2026-10-05 07:11:29,7585.0,7627.0,33,48,0,0,0,0,0,0,,,,,,
2026-10-05 07:11:29,7590.0,7632.0,262,475,0,1,0,0,1,0,,,,,,
2026-10-05 07:11:29,7590.0,7632.0,1,0,0,1,0,1,1,1,,,,4,,3
2026-10-05 07:11:29,7590.0,7632.0,56,131,0,0,0,0,0,0,,,,,,
2026-10-05 07:11:29,7595.0,7637.0,120,324,0,6,0,0,6,0,,,,,,
2026-10-05 07:11:29,7595.0,7637.0,9,34,0,0,0,0,0,0,,,,,,
2026-10-05 07:11:29,7600.0,7642.0,6664,15018,5,349,0,0,354,0,3,,2,,,
2026-10-05 07:11:29,7600.0,7642.0,0,11,0,1,0,0,1,0,,,,,,
2026-10-05 07:11:29,7600.0,7642.0,565,1856,1,3,0,0,4,0,,,,,,
2026-10-05 07:11:29,7605.0,7647.0,115,215,0,0,0,0,0,0,,,,,,
2026-10-05 07:11:29,7605.0,7647.0,58,44,0,2,0,0,2,0,,,,,,
2026-10-05 07:11:29,7610.0,7652.0,157,423,0,0,0,0,0,0,,,,,,
2026-10-05 07:11:29,7610.0,7652.0,1,0,0,1,0,1,1,1,,,,5,,4
2026-10-05 07:11:29,7610.0,7652.0,84,255,0,0,0,0,0,0,,,,,,
2026-10-05 07:11:29,7615.0,7657.0,67,222,0,0,0,0,0,0,,,,,,
2026-10-05 07:11:29,7615.0,7657.0,22,65,0,2,0,0,2,0,,,,,,
2026-10-05 07:11:29,7620.0,7662.0,263,580,1,1,0,0,2,0,,,,,,
2026-10-05 07:11:29,7620.0,7662.0,2,2,0,0,0,0,0,0,,,,,,
2026-10-05 07:11:29,7620.0,7662.0,45,68,0,1,0,0,1,0,,,,,,
2026-10-05 07:11:29,7625.0,7667.0,2135,2349,0,1,0,0,1,0,,,,,,
2026-10-05 07:11:29,7625.0,7667.0,0,7,0,0,0,0,0,0,,,,,,
2026-10-05 07:11:29,7625.0,7667.0,89,148,0,2,0,0,2,0,,,,,,
2026-10-05 07:11:29,7630.0,7672.0,163,1330,0,1,0,0,1,0,,,,,,
2026-10-05 07:11:29,7630.0,7672.0,6,0,1,0,0,0,1,0,,,,,,
2026-10-05 07:11:29,7630.0,7672.0,37,70,0,1,0,0,1,0,,,,,,
2026-10-05 07:11:29,7635.0,7677.0,121,595,0,0,0,0,0,0,,,,,,
2026-10-05 07:11:29,7635.0,7677.0,27,71,0,0,0,0,0,0,,,,,,
2026-10-05 07:11:29,7640.0,7682.0,119,1023,1,0,0,0,1,0,,,,,,
2026-10-05 07:11:29,7640.0,7682.0,0,0,1,0,1,0,1,1,,,,,2,
2026-10-05 07:11:29,7640.0,7682.0,42,110,0,0,0,0,0,0,,,,,,
2026-10-05 07:11:29,7645.0,7687.0,113,238,0,0,0,0,0,0,,,,,,
2026-10-05 07:11:29,7645.0,7687.0,34,64,0,0,0,0,0,0,,,,,,
2026-10-05 07:11:29,7650.0,7692.0,4900,7120,0,13,0,0,13,0,,,,,,
2026-10-05 07:11:29,7650.0,7692.0,2,23,0,0,0,0,0,0,,,,,,
2026-10-05 07:11:29,7650.0,7692.0,396,1049,0,0,0,0,0,0,,,,,,
2026-10-05 07:11:29,7655.0,7697.0,284,222,0,0,0,0,0,0,,,,,,
2026-10-05 07:11:29,7655.0,7697.0,26,118,0,0,0,0,0,0,,,,,,
2026-10-05 07:11:29,7660.0,7702.0,315,421,0,11,0,0,11,0,,,,,,
2026-10-05 07:11:29,7660.0,7702.0,0,6,0,0,0,0,0,0,,,,,,
2026-10-05 07:11:29,7660.0,7702.0,71,90,0,0,0,0,0,0,,,,,,
2026-10-05 07:11:29,7665.0,7707.0,202,633,0,0,0,0,0,0,,,,,,
2026-10-05 07:11:29,7665.0,7707.0,16,34,0,0,0,0,0,0,,,,,,
2026-10-05 07:11:29,7670.0,7712.0,216,472,0,0,0,0,0,0,,,,,,
2026-10-05 07:11:29,7670.0,7712.0,0,0,0,0,0,0,0,0,,,,,,
2026-10-05 07:11:29,7670.0,7712.0,727,165,0,0,0,0,0,0,,,,,,
2026-10-05 07:11:29,7675.0,7717.0,1817,3448,5,8,0,0,13,0,,,,,,
2026-10-05 07:11:29,7675.0,7717.0,6,11,0,0,0,0,0,0,,,,,,
2026-10-05 07:11:29,7675.0,7717.0,121,95,0,0,0,0,0,0,,,,,,
2026-10-05 07:11:29,7680.0,7722.0,239,591,0,24,0,0,24,0,,,,,,
2026-10-05 07:11:29,7680.0,7722.0,0,6,0,0,0,0,0,0,,,,,,
2026-10-05 07:11:29,7680.0,7722.0,68,108,0,0,0,0,0,0,,,,,,
2026-10-05 07:11:29,7685.0,7727.0,278,339,0,16,0,0,16,0,,,,,,
2026-10-05 07:11:29,7685.0,7727.0,32,26,0,0,0,0,0,0,,,,,,
2026-10-05 07:11:29,7690.0,7732.0,245,365,1,8,0,0,9,0,,,,,,
2026-10-05 07:11:29,7690.0,7732.0,7,12,0,1,0,0,1,0,,,,,,
2026-10-05 07:11:29,7690.0,7732.0,140,89,0,2,0,0,2,0,,,,,,
2026-10-05 07:11:29,7695.0,7737.0,506,278,0,0,0,0,0,0,,,,,,
2026-10-05 07:11:29,7695.0,7737.0,232,36,0,0,0,0,0,0,,,,,,
2026-10-05 07:11:29,7700.0,7742.0,17782,17631,50,211,0,0,261,0,4,,4,,,
2026-10-05 07:11:29,7700.0,7742.0,13,16,1,0,0,0,1,0,,,,,,
2026-10-05 07:11:29,7700.0,7742.0,839,1581,4,8,0,0,12,0,,,,,,
2026-10-05 07:11:29,7705.0,7747.0,140,238,0,0,0,0,0,0,,,,,,
2026-10-05 07:11:29,7705.0,7747.0,18,31,0,0,0,0,0,0,,,,,,
2026-10-05 07:11:29,7710.0,7752.0,375,756,0,0,0,0,0,0,,,,,,
2026-10-05 07:11:29,7710.0,7752.0,0,10,0,1,0,0,1,0,,,,,,
2026-10-05 07:11:29,7710.0,7752.0,397,73,0,0,0,0,0,0,,,,,,
2026-10-05 07:11:29,7715.0,7757.0,312,324,0,0,0,0,0,0,,,,,,
2026-10-05 07:11:29,7715.0,7757.0,131,50,0,0,0,0,0,0,,,,,,
2026-10-05 07:11:29,7720.0,7762.0,316,559,8,3,0,0,11,0,,,,,,
2026-10-05 07:11:29,7720.0,7762.0,27,3,0,4,0,1,4,1,,,,,,5
2026-10-05 07:11:29,7720.0,7762.0,39,69,0,5,0,0,5,0,,,,,,
2026-10-05 07:11:29,7725.0,7767.0,2671,1883,1,6,0,0,7,0,,,,,,
2026-10-05 07:11:29,7725.0,7767.0,78,4,0,1,0,0,1,0,,,,,,
2026-10-05 07:11:29,7725.0,7767.0,1173,187,0,0,0,0,0,0,,,,,,
2026-10-05 07:11:29,7730.0,7772.0,314,464,0,26,0,0,26,0,,,,,,
2026-10-05 07:11:29,7730.0,7772.0,0,9,0,0,0,0,0,0,,,,,,
2026-10-05 07:11:29,7730.0,7772.0,93,1752,0,5,0,0,5,0,,,,,,
2026-10-05 07:11:29,7735.0,7777.0,258,439,0,7,0,0,7,0,,,,,,
2026-10-05 07:11:29,7735.0,7777.0,64,27,0,2,0,0,2,0,,,,,,
2026-10-05 07:11:29,7740.0,7782.0,489,782,0,4,0,0,4,0,,,,,,
2026-10-05 07:11:29,7740.0,7782.0,2,1,0,0,0,0,0,0,,,,,,
2026-10-05 07:11:29,7740.0,7782.0,68,42,0,0,0,0,0,0,,,,,,
2026-10-05 07:11:29,7745.0,7787.0,527,976,0,0,0,0,0,0,,,,,,
2026-10-05 07:11:29,7745.0,7787.0,20,28,1,1,0,0,2,0,,,,,,
2026-10-05 07:11:29,7750.0,7792.0,7028,6181,654,20,0,0,674,0,2,1,,,,
2026-10-05 07:11:29,7750.0,7792.0,30,6,1,0,0,0,1,0,,,,,,
2026-10-05 07:11:29,7750.0,7792.0,905,1472,0,3,0,0,3,0,,,,,,
2026-10-05 07:11:29,7755.0,7797.0,275,309,0,0,0,0,0,0,,,,,,
2026-10-05 07:11:29,7755.0,7797.0,28,18,0,0,0,0,0,0,,,,,,
2026-10-05 07:11:29,7760.0,7802.0,1357,1452,0,0,0,0,0,0,,,,,,
2026-10-05 07:11:29,7760.0,7802.0,49,61,0,0,0,0,0,0,,,,,,
2026-10-05 07:11:29,7765.0,7807.0,322,343,0,0,0,0,0,0,,,,,,
2026-10-05 07:11:29,7765.0,7807.0,13,10,0,0,0,0,0,0,,,,,,
2026-10-05 07:11:29,7770.0,7812.0,298,370,0,2,0,0,2,0,,,,,,
2026-10-05 07:11:29,7770.0,7812.0,174,77,0,0,0,0,0,0,,,,,,
2026-10-05 07:11:29,7775.0,7817.0,3091,1724,57,56,0,0,113,0,,,,,,
2026-10-05 07:11:29,7775.0,7817.0,8,1,0,0,0,0,0,0,,,,,,
2026-10-05 07:11:29,7775.0,7817.0,187,160,0,0,0,0,0,0,,,,,,
2026-10-05 07:11:29,7780.0,7822.0,391,180,11,0,0,0,11,0,,,,,,
2026-10-05 07:11:29,7780.0,7822.0,73,9,0,0,0,0,0,0,,,,,,
2026-10-05 07:11:29,7785.0,7827.0,231,122,10,0,0,0,10,0,,,,,,
2026-10-05 07:11:29,7785.0,7827.0,52,22,0,0,0,0,0,0,,,,,,
2026-10-05 07:11:29,7790.0,7832.0,581,307,0,1,0,0,1,0,,,,,,
2026-10-05 07:11:29,7790.0,7832.0,60,20,0,1,0,0,1,0,,,,,,
2026-10-05 07:11:29,7795.0,7837.0,301,64,116,30,0,0,146,0,,3,,,,
2026-10-05 07:11:29,7795.0,7837.0,91,22,0,1,0,0,1,0,,,,,,
2026-10-05 07:11:29,7800.0,7842.0,12544,7037,21,14,0,0,35,0,,,,,,
2026-10-05 07:11:29,7800.0,7842.0,318,303,0,0,0,0,0,0,,,,,,
2026-10-05 07:11:29,7800.0,7842.0,547,287,5,12,0,0,17,0,,,,,,
2026-10-05 07:11:29,7805.0,7847.0,495,436,0,0,0,0,0,0,,,,,,
2026-10-05 07:11:29,7805.0,7847.0,43,38,0,0,0,0,0,0,,,,,,
2026-10-05 07:11:29,7810.0,7852.0,229,113,0,0,0,0,0,0,,,,,,
2026-10-05 07:11:29,7810.0,7852.0,60,15,0,0,0,0,0,0,,,,,,
2026-10-05 07:11:29,7815.0,7857.0,161,243,17,17,0,0,34,0,,,,,,
2026-10-05 07:11:29,7815.0,7857.0,125,99,0,0,0,0,0,0,,,,,,
2026-10-05 07:11:29,7820.0,7862.0,452,143,1,0,0,0,1,0,,,,,,
2026-10-05 07:11:29,7820.0,7862.0,94,23,0,0,0,0,0,0,,,,,,
2026-10-05 07:11:29,7825.0,7867.0,1697,1404,66,18,0,0,84,0,,,,,,
2026-10-05 07:11:29,7825.0,7867.0,32,0,0,0,0,0,0,0,,,,,,
2026-10-05 07:11:29,7825.0,7867.0,451,64,0,0,0,0,0,0,,,,,,
2026-10-05 07:11:29,7830.0,7872.0,5532,253,2,0,0,0,2,0,,,,,,
2026-10-05 07:11:29,7830.0,7872.0,752,232,0,0,0,0,0,0,,,,,,
2026-10-05 07:11:29,7835.0,7877.0,227,47,0,0,0,0,0,0,,,,,,
2026-10-05 07:11:29,7835.0,7877.0,32,25,0,0,0,0,0,0,,,,,,
2026-10-05 07:11:29,7840.0,7882.0,293,108,0,6,0,0,6,0,,,,,,
2026-10-05 07:11:29,7840.0,7882.0,20,22,0,0,0,0,0,0,,,,,,
2026-10-05 07:11:29,7845.0,7887.0,363,185,0,0,0,0,0,0,,,,,,
2026-10-05 07:11:29,7845.0,7887.0,19,9,0,0,0,0,0,0,,,,,,
2026-10-05 07:11:29,7850.0,7892.0,7314,1457,17,2,0,0,19,0,,,,,,
2026-10-05 07:11:29,7850.0,7892.0,30,7,1,0,0,0,1,0,,,,,,
2026-10-05 07:11:29,7850.0,7892.0,321,325,0,0,0,0,0,0,,,,,,
2026-10-05 07:11:29,7855.0,7897.0,198,42,0,0,0,0,0,0,,,,,,
2026-10-05 07:11:29,7855.0,7897.0,43,7,0,2,0,0,2,0,,,,,,
2026-10-05 07:11:29,7860.0,7902.0,421,348,0,0,0,0,0,0,,,,,,
2026-10-05 07:11:29,7860.0,7902.0,19,8,0,0,0,0,0,0,,,,,,
2026-10-05 07:11:29,7865.0,7907.0,645,489,7,0,0,0,7,0,,,,,,
2026-10-05 07:11:29,7865.0,7907.0,4,0,0,0,0,0,0,0,,,,,,
2026-10-05 07:11:29,7870.0,7912.0,440,68,0,0,0,0,0,0,,,,,,
2026-10-05 07:11:29,7870.0,7912.0,81,22,0,0,0,0,0,0,,,,,,
2026-10-05 07:11:29,7875.0,7917.0,1888,543,1,0,0,0,1,0,,,,,,
2026-10-05 07:11:29,7875.0,7917.0,18,0,0,0,0,0,0,0,,,,,,
2026-10-05 07:11:29,7875.0,7917.0,156,40,0,0,0,0,0,0,,,,,,
2026-10-05 07:11:29,7880.0,7922.0,292,139,0,0,0,0,0,0,,,,,,
2026-10-05 07:11:29,7880.0,7922.0,81,11,0,0,0,0,0,0,,,,,,
2026-10-05 07:11:29,7885.0,7927.0,146,19,1,0,0,0,1,0,,,,,,
2026-10-05 07:11:29,7885.0,7927.0,7,7,0,0,0,0,0,0,,,,,,
2026-10-05 07:11:29,7890.0,7932.0,1355,214,0,0,0,0,0,0,,,,,,
2026-10-05 07:11:29,7890.0,7932.0,78,41,0,0,0,0,0,0,,,,,,
2026-10-05 07:11:29,7895.0,7937.0,104,28,0,0,0,0,0,0,,,,,,
2026-10-05 07:11:29,7895.0,7937.0,59,13,0,0,0,0,0,0,,,,,,
2026-10-05 07:11:29,7900.0,7942.0,14726,1594,11,0,0,0,11,0,,,,,,
2026-10-05 07:11:29,7900.0,7942.0,19,7,0,0,0,0,0,0,,,,,,
2026-10-05 07:11:29,7900.0,7942.0,256,551,24,0,0,0,24,0,,,,,,
2026-10-05 07:11:29,7905.0,7947.0,118,15,101,0,0,0,101,0,,,,,,
2026-10-05 07:11:29,7905.0,7947.0,15,13,0,0,0,0,0,0,,,,,,
2026-10-05 07:11:29,7910.0,7952.0,338,84,0,0,0,0,0,0,,,,,,
2026-10-05 07:11:29,7910.0,7952.0,33,13,0,0,0,0,0,0,,,,,,
2026-10-05 07:11:29,7915.0,7957.0,672,9,2,0,0,0,2,0,,,,,,
2026-10-05 07:11:29,7915.0,7957.0,22,12,0,0,0,0,0,0,,,,,,
2026-10-05 07:11:29,7920.0,7962.0,736,30,0,0,0,0,0,0,,,,,,
2026-10-05 07:11:29,7920.0,7962.0,37,36,0,0,0,0,0,0,,,,,,
2026-10-05 07:11:29,7925.0,7967.0,7354,111,3,0,0,0,3,0,,,,,,
2026-10-05 07:11:29,7925.0,7967.0,16,9,0,0,0,0,0,0,,,,,,
2026-10-05 07:11:29,7925.0,7967.0,91,7,0,0,0,0,0,0,,,,,,
2026-10-05 07:11:29,7930.0,7972.0,390,71,4,0,0,0,4,0,,,,,,
2026-10-05 07:11:29,7930.0,7972.0,78,12,0,0,0,0,0,0,,,,,,
2026-10-05 07:11:29,7935.0,7977.0,226,29,1,0,0,0,1,0,,,,,,
2026-10-05 07:11:29,7935.0,7977.0,20,16,0,0,0,0,0,0,,,,,,
2026-10-05 07:11:29,7940.0,7982.0,356,43,1,0,0,0,1,0,,,,,,
2026-10-05 07:11:29,7940.0,7982.0,19,3,0,0,0,0,0,0,,,,,,
2026-10-05 07:11:29,7945.0,7987.0,162,12,1,0,0,0,1,0,,,,,,
2026-10-05 07:11:29,7945.0,7987.0,61,8,0,0,0,0,0,0,,,,,,
2026-10-05 07:11:29,7950.0,7992.0,5986,414,9,0,0,0,9,0,,,,,,
2026-10-05 07:11:29,7950.0,7992.0,33,0,0,0,0,0,0,0,,,,,,
2026-10-05 07:11:29,7950.0,7992.0,1680,55,22,0,0,0,22,0,,,,,,
2026-10-05 07:11:29,7955.0,7997.0,226,9,0,0,0,0,0,0,,,,,,
2026-10-05 07:11:29,7955.0,7997.0,15,14,0,0,0,0,0,0,,,,,,
2026-10-05 07:11:29,7960.0,8002.0,590,56,0,0,0,0,0,0,,,,,,
2026-10-05 07:11:29,7960.0,8002.0,22,16,0,0,0,0,0,0,,,,,,
2026-10-05 07:11:29,7965.0,8007.0,163,17,0,0,0,0,0,0,,,,,,
2026-10-05 07:11:29,7965.0,8007.0,31,4,0,0,0,0,0,0,,,,,,
2026-10-05 07:11:29,7970.0,8012.0,559,48,0,0,0,0,0,0,,,,,,
2026-10-05 07:11:29,7970.0,8012.0,19,18,0,0,0,0,0,0,,,,,,
2026-10-05 07:11:29,7975.0,8017.0,1204,58,0,0,0,0,0,0,,,,,,
2026-10-05 07:11:29,7975.0,8017.0,37,0,0,0,0,0,0,0,,,,,,
2026-10-05 07:11:29,7975.0,8017.0,77,16,0,0,0,0,0,0,,,,,,
2026-10-05 07:11:29,7980.0,8022.0,726,91,1,0,0,0,1,0,,,,,,
2026-10-05 07:11:29,7980.0,8022.0,161,10,0,0,0,0,0,0,,,,,,
2026-10-05 07:11:29,7985.0,8027.0,57,2,1,0,0,0,1,0,,,,,,
2026-10-05 07:11:29,7985.0,8027.0,6,0,0,0,0,0,0,0,,,,,,
2026-10-05 07:11:29,7990.0,8032.0,514,29,1,0,0,0,1,0,,,,,,
2026-10-05 07:11:29,7990.0,8032.0,24,13,0,0,0,0,0,0,,,,,,
2026-10-05 07:11:29,7995.0,8037.0,393,5,0,0,0,0,0,0,,,,,,
2026-10-05 07:11:29,7995.0,8037.0,16,0,0,0,0,0,0,0,,,,,,
2026-10-05 07:11:29,8000.0,8042.0,83137,59889,133,2,0,0,135,0,,2,,,,
2026-10-05 07:11:29,8000.0,8042.0,2521,2500,0,0,0,0,0,0,,,,,,
2026-10-05 07:11:29,8000.0,8042.0,1941,98,3,0,0,0,3,0,,,,,,
2026-10-05 07:11:29,8005.0,8047.0,169,5,1,1,0,0,2,0,,,,,,
2026-10-05 07:11:29,8005.0,8047.0,44,4,0,0,0,0,0,0,,,,,,
2026-10-05 07:11:29,8010.0,8052.0,947,30,0,0,0,0,0,0,,,,,,
2026-10-05 07:11:29,8010.0,8052.0,65,64,0,0,0,0,0,0,,,,,,
2026-10-05 07:11:29,8015.0,8057.0,370,3,0,0,0,0,0,0,,,,,,
2026-10-05 07:11:29,8015.0,8057.0,94,7,0,0,0,0,0,0,,,,,,
2026-10-05 07:11:29,8020.0,8062.0,229,10,0,0,0,0,0,0,,,,,,
2026-10-05 07:11:29,8020.0,8062.0,39,16,0,0,0,0,0,0,,,,,,
2026-10-05 07:11:29,8025.0,8067.0,1946,15,4,0,0,0,4,0,,,,,,
2026-10-05 07:11:29,8025.0,8067.0,137,20,0,0,0,0,0,0,,,,,,
2026-10-05 07:11:29,8030.0,8072.0,760,206,0,0,0,0,0,0,,,,,,
2026-10-05 07:11:29,8030.0,8072.0,57,6,0,0,0,0,0,0,,,,,,
2026-10-05 07:11:29,8035.0,8077.0,123,37,0,0,0,0,0,0,,,,,,
2026-10-05 07:11:29,8035.0,8077.0,38,0,0,0,0,0,0,0,,,,,,
2026-10-05 07:11:29,8040.0,8082.0,586,16,6,0,0,0,6,0,,,,,,
2026-10-05 07:11:29,8040.0,8082.0,17,3,0,0,0,0,0,0,,,,,,
2026-10-05 07:11:29,8045.0,8087.0,65,0,4,0,0,0,4,0,,,,,,
2026-10-05 07:11:29,8045.0,8087.0,30,0,0,0,0,0,0,0,,,,,,
2026-10-05 07:11:29,8050.0,8092.0,11021,227,21,0,0,0,21,0,,,,,,
2026-10-05 07:11:29,8050.0,8092.0,34,0,10,0,0,0,10,0,,,,,,
2026-10-05 07:11:29,8050.0,8092.0,22756,456,0,0,0,0,0,0,,,,,,
2026-10-05 07:11:29,8055.0,8097.0,32,2,15,0,0,0,15,0,,,,,,
2026-10-05 07:11:29,8055.0,8097.0,34,0,0,0,0,0,0,0,,,,,,
2026-10-05 07:11:29,8060.0,8102.0,570,37,10,0,0,0,10,0,,,,,,
2026-10-05 07:11:29,8060.0,8102.0,39,4,0,0,0,0,0,0,,,,,,
2026-10-05 07:11:29,8065.0,8107.0,194,0,1,0,0,0,1,0,,,,,,
2026-10-05 07:11:29,8065.0,8107.0,40,0,0,0,0,0,0,0,,,,,,
2026-10-05 07:11:29,8070.0,8112.0,426,33,11,0,0,0,11,0,,,,,,
2026-10-05 07:11:29,8070.0,8112.0,45,0,0,0,0,0,0,0,,,,,,
2026-10-05 07:11:29,8075.0,8117.0,2289,16,4,0,0,0,4,0,,,,,,
2026-10-05 07:11:29,8075.0,8117.0,152,8,0,0,0,0,0,0,,,,,,
2026-10-05 07:11:29,8080.0,8122.0,429,13,6,0,0,0,6,0,,,,,,
2026-10-05 07:11:29,8080.0,8122.0,33,1,0,0,0,0,0,0,,,,,,
2026-10-05 07:11:29,8085.0,8127.0,14,6,0,0,0,0,0,0,,,,,,
2026-10-05 07:11:29,8090.0,8132.0,718,5,0,0,0,0,0,0,,,,,,
2026-10-05 07:11:29,8090.0,8132.0,58,0,0,0,0,0,0,0,,,,,,
2026-10-05 07:11:29,8095.0,8137.0,25,0,0,0,0,0,0,0,,,,,,
2026-10-05 07:11:29,8100.0,8142.0,16929,57,56,0,0,0,56,0,,,,,,
2026-10-05 07:11:29,8100.0,8142.0,68,1,0,0,0,0,0,0,,,,,,
2026-10-05 07:11:29,8100.0,8142.0,19259,5,10,0,0,0,10,0,,,,,,
2026-10-05 07:11:29,8105.0,8147.0,18,0,0,0,0,0,0,0,,,,,,
2026-10-05 07:11:29,8110.0,8152.0,154,4,2,0,0,0,2,0,,,,,,
2026-10-05 07:11:29,8110.0,8152.0,31,0,0,0,0,0,0,0,,,,,,
2026-10-05 07:11:29,8115.0,8157.0,11,0,0,0,0,0,0,0,,,,,,
2026-10-05 07:11:29,8120.0,8162.0,216,6,33,0,0,0,33,0,,,,,,
2026-10-05 07:11:29,8120.0,8162.0,568,1,2,0,0,0,2,0,,,,,,
2026-10-05 07:11:29,8125.0,8167.0,4730,42,13,0,0,0,13,0,,,,,,
2026-10-05 07:11:29,8125.0,8167.0,71,22,0,0,0,0,0,0,,,,,,
2026-10-05 07:11:29,8130.0,8172.0,291,15,2,0,0,0,2,0,,,,,,
2026-10-05 07:11:29,8130.0,8172.0,10,0,0,0,0,0,0,0,,,,,,
2026-10-05 07:11:29,8135.0,8177.0,348,0,0,0,0,0,0,0,,,,,,
2026-10-05 07:11:29,8140.0,8182.0,560,13,0,0,0,0,0,0,,,,,,
2026-10-05 07:11:29,8140.0,8182.0,41,0,0,0,0,0,0,0,,,,,,
2026-10-05 07:11:29,8145.0,8187.0,34,0,0,0,0,0,0,0,,,,,,
2026-10-05 07:11:29,8150.0,8192.0,6739,18,16,0,0,0,16,0,,,,,,
2026-10-05 07:11:29,8150.0,8192.0,12,0,0,0,0,0,0,0,,,,,,
2026-10-05 07:11:29,8150.0,8192.0,2766,15,1,0,0,0,1,0,,,,,,
2026-10-05 07:11:29,8155.0,8197.0,29,0,0,0,0,0,0,0,,,,,,
2026-10-05 07:11:29,8160.0,8202.0,811,1,0,0,0,0,0,0,,,,,,
2026-10-05 07:11:29,8160.0,8202.0,26,0,0,0,0,0,0,0,,,,,,
2026-10-05 07:11:29,8165.0,8207.0,10,0,0,0,0,0,0,0,,,,,,
2026-10-05 07:11:29,8170.0,8212.0,666,1,0,0,0,0,0,0,,,,,,
2026-10-05 07:11:29,8170.0,8212.0,14,0,0,0,0,0,0,0,,,,,,
2026-10-05 07:11:29,8175.0,8217.0,1064,2,44,0,0,0,44,0,,,,,,
2026-10-05 07:11:29,8175.0,8217.0,811,2,1,5,0,3,6,3,,,,3,,2
2026-10-05 07:11:29,8180.0,8222.0,247,0,0,0,0,0,0,0,,,,,,
2026-10-05 07:11:29,8180.0,8222.0,18,0,0,0,0,0,0,0,,,,,,
2026-10-05 07:11:29,8185.0,8227.0,354,0,0,0,0,0,0,0,,,,,,
2026-10-05 07:11:29,8190.0,8232.0,1180,2,38,0,0,0,38,0,,,,,,
2026-10-05 07:11:29,8190.0,8232.0,13,5,0,0,0,0,0,0,,,,,,
2026-10-05 07:11:29,8195.0,8237.0,27,1,2,0,0,0,2,0,,,,,,
2026-10-05 07:11:29,8200.0,8242.0,11851,1022,110,0,0,0,110,0,,5,,,,
2026-10-05 07:11:29,8200.0,8242.0,12,0,0,0,0,0,0,0,,,,,,
2026-10-05 07:11:29,8200.0,8242.0,841,11,24,0,0,0,24,0,,,,,,
2026-10-05 07:11:29,8205.0,8247.0,18,0,0,0,0,0,0,0,,,,,,
2026-10-05 07:11:29,8210.0,8252.0,1566,2,4,0,0,0,4,0,,,,,,
2026-10-05 07:11:29,8210.0,8252.0,10,0,0,0,0,0,0,0,,,,,,
2026-10-05 07:11:29,8215.0,8257.0,20,0,0,0,0,0,0,0,,,,,,
2026-10-05 07:11:29,8220.0,8262.0,427,30,0,0,0,0,0,0,,,,,,
2026-10-05 07:11:29,8220.0,8262.0,8,0,0,0,0,0,0,0,,,,,,
2026-10-05 07:11:29,8225.0,8267.0,1951,30,41,0,0,0,41,0,,,,,,
2026-10-05 07:11:29,8225.0,8267.0,97,0,0,0,0,0,0,0,,,,,,
2026-10-05 07:11:29,8230.0,8272.0,1337,3,0,0,0,0,0,0,,,,,,
2026-10-05 07:11:29,8230.0,8272.0,36,0,0,0,0,0,0,0,,,,,,
2026-10-05 07:11:29,8235.0,8277.0,4,0,0,0,0,0,0,0,,,,,,
2026-10-05 07:11:29,8240.0,8282.0,1193,1,14,0,0,0,14,0,,,,,,
2026-10-05 07:11:29,8240.0,8282.0,19,0,0,0,0,0,0,0,,,,,,
2026-10-05 07:11:29,8245.0,8287.0,5,0,0,0,0,0,0,0,,,,,,
2026-10-05 07:11:29,8250.0,8292.0,4875,43,60,0,0,0,60,0,,,,,,
2026-10-05 07:11:29,8250.0,8292.0,12,0,0,0,0,0,0,0,,,,,,
2026-10-05 07:11:29,8250.0,8292.0,267,0,1,0,0,0,1,0,,,,,,
2026-10-05 07:11:29,8255.0,8297.0,73,0,0,0,0,0,0,0,,,,,,
2026-10-05 07:11:29,8260.0,8302.0,426,0,0,0,0,0,0,0,,,,,,
2026-10-05 07:11:29,8260.0,8302.0,38,0,1,0,0,0,1,0,,,,,,
2026-10-05 07:11:29,8265.0,8307.0,4,0,0,0,0,0,0,0,,,,,,
2026-10-05 07:11:29,8270.0,8312.0,373,1,0,0,0,0,0,0,,,,,,
2026-10-05 07:11:29,8270.0,8312.0,8,0,0,0,0,0,0,0,,,,,,
2026-10-05 07:11:29,8275.0,8317.0,2597,11,0,0,0,0,0,0,,,,,,
2026-10-05 07:11:29,8275.0,8317.0,1180,4,8,0,0,0,8,0,,,,,,
2026-10-05 07:11:29,8280.0,8322.0,1325,0,0,0,0,0,0,0,,,,,,
2026-10-05 07:11:29,8280.0,8322.0,3,0,0,0,0,0,0,0,,,,,,
2026-10-05 07:11:29,8285.0,8327.0,7,0,0,0,0,0,0,0,,,,,,
2026-10-05 07:11:29,8290.0,8332.0,1335,0,14,0,0,0,14,0,,,,,,
2026-10-05 07:11:29,8290.0,8332.0,68,0,0,0,0,0,0,0,,,,,,
2026-10-05 07:11:29,8295.0,8337.0,20,0,0,0,0,0,0,0,,,,,,
2026-10-05 07:11:29,8300.0,8342.0,20794,70,1,0,0,0,1,0,,,,,,
2026-10-05 07:11:29,8300.0,8342.0,14,0,0,0,0,0,0,0,,,,,,
2026-10-05 07:11:29,8300.0,8342.0,360,3,0,0,0,0,0,0,,,,,,
2026-10-05 07:11:29,8305.0,8347.0,5,0,6,0,1,0,6,1,,,,,3,
2026-10-05 07:11:29,8310.0,8352.0,117,0,0,0,0,0,0,0,,,,,,
2026-10-05 07:11:29,8310.0,8352.0,11,0,0,0,0,0,0,0,,,,,,
2026-10-05 07:11:29,8315.0,8357.0,1,0,0,0,0,0,0,0,,,,,,
2026-10-05 07:11:29,8320.0,8362.0,16,0,0,0,0,0,0,0,,,,,,
2026-10-05 07:11:29,8320.0,8362.0,2,0,0,0,0,0,0,0,,,,,,
2026-10-05 07:11:29,8325.0,8367.0,1472,500,11,0,0,0,11,0,,,,,,
2026-10-05 07:11:29,8325.0,8367.0,42,0,3,0,0,0,3,0,,,,,,
2026-10-05 07:11:29,8330.0,8372.0,104,0,0,0,0,0,0,0,,,,,,
2026-10-05 07:11:29,8330.0,8372.0,10,0,0,0,0,0,0,0,,,,,,
2026-10-05 07:11:29,8335.0,8377.0,2,0,0,0,0,0,0,0,,,,,,
2026-10-05 07:11:29,8340.0,8382.0,220,0,0,0,0,0,0,0,,,,,,
2026-10-05 07:11:29,8340.0,8382.0,8,0,0,0,0,0,0,0,,,,,,
2026-10-05 07:11:29,8345.0,8387.0,6,0,0,0,0,0,0,0,,,,,,
2026-10-05 07:11:29,8350.0,8392.0,2931,10,1,0,0,0,1,0,,,,,,
2026-10-05 07:11:29,8350.0,8392.0,17,0,0,0,0,0,0,0,,,,,,
2026-10-05 07:11:29,8350.0,8392.0,494,1,0,0,0,0,0,0,,,,,,
2026-10-05 07:11:29,8355.0,8397.0,116,0,6,0,0,0,6,0,,,,,,
2026-10-05 07:11:29,8360.0,8402.0,437,0,0,0,0,0,0,0,,,,,,
2026-10-05 07:11:29,8360.0,8402.0,5,0,0,0,0,0,0,0,,,,,,
2026-10-05 07:11:29,8365.0,8407.0,37,0,0,0,0,0,0,0,,,,,,
2026-10-05 07:11:29,8370.0,8412.0,256,0,0,0,0,0,0,0,,,,,,
2026-10-05 07:11:29,8370.0,8412.0,172,0,0,0,0,0,0,0,,,,,,
2026-10-05 07:11:29,8375.0,8417.0,5480,0,0,0,0,0,0,0,,,,,,
2026-10-05 07:11:29,8375.0,8417.0,30,0,0,0,0,0,0,0,,,,,,
2026-10-05 07:11:29,8380.0,8422.0,121,0,0,0,0,0,0,0,,,,,,
2026-10-05 07:11:29,8380.0,8422.0,29,0,0,0,0,0,0,0,,,,,,
2026-10-05 07:11:29,8385.0,8427.0,2,0,2,0,0,0,2,0,,,,,,
2026-10-05 07:11:29,8390.0,8432.0,80,2,0,0,0,0,0,0,,,,,,
2026-10-05 07:11:29,8390.0,8432.0,2,0,0,0,0,0,0,0,,,,,,
2026-10-05 07:11:29,8395.0,8437.0,11,0,0,0,0,0,0,0,,,,,,
2026-10-05 07:11:29,8400.0,8442.0,11242,9,30,0,0,0,30,0,,,,,,
2026-10-05 07:11:29,8400.0,8442.0,15,0,0,0,0,0,0,0,,,,,,
2026-10-05 07:11:29,8400.0,8442.0,830,2,7,0,0,0,7,0,,,,,,
2026-10-05 07:11:29,8405.0,8447.0,6,0,0,0,0,0,0,0,,,,,,
2026-10-05 07:11:29,8410.0,8452.0,8,0,0,0,0,0,0,0,,,,,,
2026-10-05 07:11:29,8410.0,8452.0,21,0,0,0,0,0,0,0,,,,,,
2026-10-05 07:11:29,8415.0,8457.0,2,0,0,0,0,0,0,0,,,,,,
2026-10-05 07:11:29,8420.0,8462.0,55,0,1,0,0,0,1,0,,,,,,
2026-10-05 07:11:29,8420.0,8462.0,3,0,0,0,0,0,0,0,,,,,,
2026-10-05 07:11:29,8425.0,8467.0,6129,0,2,0,0,0,2,0,,,,,,
2026-10-05 07:11:29,8425.0,8467.0,23,0,4,0,0,0,4,0,,,,,,
2026-10-05 07:11:29,8430.0,8472.0,35,0,0,0,0,0,0,0,,,,,,
2026-10-05 07:11:29,8430.0,8472.0,26,0,0,0,0,0,0,0,,,,,,
2026-10-05 07:11:29,8435.0,8477.0,2,0,0,0,0,0,0,0,,,,,,
2026-10-05 07:11:29,8440.0,8482.0,60,0,0,0,0,0,0,0,,,,,,
2026-10-05 07:11:29,8440.0,8482.0,58,0,0,0,0,0,0,0,,,,,,
2026-10-05 07:11:29,8445.0,8487.0,5,0,0,0,0,0,0,0,,,,,,
2026-10-05 07:11:29,8450.0,8492.0,10075,0,29,0,0,0,29,0,,,,,,
2026-10-05 07:11:29,8450.0,8492.0,75,1,0,0,0,0,0,0,,,,,,
2026-10-05 07:11:29,8460.0,8502.0,146,34,0,0,0,0,0,0,,,,,,
2026-10-05 07:11:29,8460.0,8502.0,4,0,0,0,0,0,0,0,,,,,,
2026-10-05 07:11:29,8470.0,8512.0,2,34,0,0,0,0,0,0,,,,,,
2026-10-05 07:11:29,8470.0,8512.0,52,0,0,0,0,0,0,0,,,,,,
2026-10-05 07:11:29,8475.0,8517.0,1033,0,0,0,0,0,0,0,,,,,,
2026-10-05 07:11:29,8475.0,8517.0,42,0,0,0,0,0,0,0,,,,,,
2026-10-05 07:11:29,8480.0,8522.0,35,0,0,0,0,0,0,0,,,,,,
2026-10-05 07:11:29,8490.0,8532.0,16,0,0,0,0,0,0,0,,,,,,
2026-10-05 07:11:29,8500.0,8542.0,14093,240,34,0,0,0,34,0,,,,,,
2026-10-05 07:11:29,8500.0,8542.0,0,0,0,0,0,0,0,0,,,,,,
2026-10-05 07:11:29,8500.0,8542.0,1116,0,0,0,0,0,0,0,,,,,,
2026-10-05 07:11:29,8510.0,8552.0,25,0,0,0,0,0,0,0,,,,,,
2026-10-05 07:11:29,8520.0,8562.0,9302,0,0,0,0,0,0,0,,,,,,
2026-10-05 07:11:29,8525.0,8567.0,7047,1,0,0,0,0,0,0,,,,,,
2026-10-05 07:11:29,8525.0,8567.0,96,0,0,0,0,0,0,0,,,,,,
2026-10-05 07:11:29,8530.0,8572.0,7,0,0,0,0,0,0,0,,,,,,
2026-10-05 07:11:29,8540.0,8582.0,4705,0,0,0,0,0,0,0,,,,,,
2026-10-05 07:11:29,8550.0,8592.0,9374,2,2,0,0,0,2,0,,,,,,
2026-10-05 07:11:29,8550.0,8592.0,4607,0,0,0,0,0,0,0,,,,,,
2026-10-05 07:11:29,8560.0,8602.0,2108,0,0,0,0,0,0,0,,,,,,
2026-10-05 07:11:29,8570.0,8612.0,1,0,0,0,0,0,0,0,,,,,,
2026-10-05 07:11:29,8575.0,8617.0,587,0,0,0,0,0,0,0,,,,,,
2026-10-05 07:11:29,8575.0,8617.0,64,1,0,0,0,0,0,0,,,,,,
2026-10-05 07:11:29,8580.0,8622.0,60,0,0,0,0,0,0,0,,,,,,
2026-10-05 07:11:29,8590.0,8632.0,33,0,0,0,0,0,0,0,,,,,,
2026-10-05 07:11:29,8600.0,8642.0,4521,3,0,0,0,0,0,0,,,,,,
2026-10-05 07:11:29,8600.0,8642.0,0,0,0,0,0,0,0,0,,,,,,
2026-10-05 07:11:29,8600.0,8642.0,229,1,0,0,0,0,0,0,,,,,,
2026-10-05 07:11:29,8610.0,8652.0,64,0,0,0,0,0,0,0,,,,,,
2026-10-05 07:11:29,8620.0,8662.0,8,0,0,0,0,0,0,0,,,,,,
2026-10-05 07:11:29,8625.0,8667.0,383,0,0,0,0,0,0,0,,,,,,
2026-10-05 07:11:29,8630.0,8672.0,0,0,0,0,0,0,0,0,,,,,,
2026-10-05 07:11:29,8640.0,8682.0,1,0,0,0,0,0,0,0,,,,,,
2026-10-05 07:11:29,8650.0,8692.0,1899,0,0,0,0,0,0,0,,,,,,
2026-10-05 07:11:29,8650.0,8692.0,2272,0,0,0,0,0,0,0,,,,,,
2026-10-05 07:11:29,8660.0,8702.0,67,0,0,0,0,0,0,0,,,,,,
2026-10-05 07:11:29,8670.0,8712.0,8,0,0,0,0,0,0,0,,,,,,
2026-10-05 07:11:29,8675.0,8717.0,2381,0,0,0,0,0,0,0,,,,,,
2026-10-05 07:11:29,8680.0,8722.0,1,0,0,0,0,0,0,0,,,,,,
2026-10-05 07:11:29,8690.0,8732.0,2,0,0,0,0,0,0,0,,,,,,
2026-10-05 07:11:29,8700.0,8742.0,6890,1,0,0,0,0,0,0,,,,,,
2026-10-05 07:11:29,8700.0,8742.0,190,0,0,0,0,0,0,0,,,,,,
2026-10-05 07:11:29,8710.0,8752.0,0,0,0,0,0,0,0,0,,,,,,
2026-10-05 07:11:29,8720.0,8762.0,10,0,0,0,0,0,0,0,,,,,,
2026-10-05 07:11:29,8725.0,8767.0,240,1,0,0,0,0,0,0,,,,,,
2026-10-05 07:11:29,8730.0,8772.0,1,0,0,0,0,0,0,0,,,,,,
2026-10-05 07:11:29,8740.0,8782.0,0,0,0,0,0,0,0,0,,,,,,
2026-10-05 07:11:29,8750.0,8792.0,2437,1,0,0,0,0,0,0,,,,,,
2026-10-05 07:11:29,8750.0,8792.0,7,0,0,0,0,0,0,0,,,,,,
2026-10-05 07:11:29,8760.0,8802.0,27,0,0,0,0,0,0,0,,,,,,
2026-10-05 07:11:29,8770.0,8812.0,0,0,0,0,0,0,0,0,,,,,,
2026-10-05 07:11:29,8775.0,8817.0,125,3,0,0,0,0,0,0,,,,,,
2026-10-05 07:11:29,8780.0,8822.0,0,0,0,0,0,0,0,0,,,,,,
2026-10-05 07:11:29,8790.0,8832.0,0,1,0,0,0,0,0,0,,,,,,
2026-10-05 07:11:29,8800.0,8842.0,13816,3,0,0,0,0,0,0,,,,,,
2026-10-05 07:11:29,8800.0,8842.0,0,0,0,0,0,0,0,0,,,,,,
2026-10-05 07:11:29,8800.0,8842.0,645,1,0,0,0,0,0,0,,,,,,
2026-10-05 07:11:29,8810.0,8852.0,0,0,0,0,0,0,0,0,,,,,,
2026-10-05 07:11:29,8820.0,8862.0,0,0,0,0,0,0,0,0,,,,,,
2026-10-05 07:11:29,8830.0,8872.0,4,0,0,0,0,0,0,0,,,,,,
2026-10-05 07:11:29,8850.0,8892.0,79,18,100,0,21,0,100,21,,,,1,1,
2026-10-05 07:11:29,8900.0,8942.0,20394,19,0,0,0,0,0,0,,,,,,
2026-10-05 07:11:29,8900.0,8942.0,18503,1,0,0,0,0,0,0,,,,,,
2026-10-05 07:11:29,9000.0,9042.0,6957,4007,111,0,0,0,111,0,,4,,,,
2026-10-05 07:11:29,9000.0,9042.0,2,0,0,0,0,0,0,0,,,,,,
2026-10-05 07:11:29,9000.0,9042.0,4551,0,0,0,0,0,0,0,,,,,,
2026-10-05 07:11:29,9100.0,9142.0,6436,0,0,0,0,0,0,0,,,,,,
2026-10-05 07:11:29,9100.0,9142.0,151,0,0,0,0,0,0,0,,,,,,
2026-10-05 07:11:29,9200.0,9242.0,2803,1,0,0,0,0,0,0,,,,,,
2026-10-05 07:11:29,9200.0,9242.0,0,0,0,0,0,0,0,0,,,,,,
2026-10-05 07:11:29,9200.0,9242.0,28,0,0,0,0,0,0,0,,,,,,
2026-10-05 07:11:30,6250.0,6292.0,706,11451,0,0,0,0,0,0,,,,2,2,1
2026-10-05 07:11:30,6275.0,6317.0,49,4359,0,0,0,0,0,0,,,,3,3,2
2026-10-05 07:11:30,6300.0,6342.0,4622,31176,0,5,0,0,5,0,,,,4,4,3
2026-10-05 07:11:30,6325.0,6367.0,122,5534,0,0,0,0,0,0,,,,5,5,4
2026-10-05 07:11:30,6350.0,6392.0,1003,5852,0,0,0,0,0,0,,,,,,5
2026-10-05 07:11:30,6375.0,6417.0,53,4350,0,13,0,0,13,0,,,,,,
2026-10-05 07:11:30,6400.0,6442.0,5972,21602,0,0,0,0,0,0,,,,,,
2026-10-05 07:11:30,6410.0,6452.0,0,43,0,0,0,0,0,0,,,,,,
2026-10-05 07:11:30,6420.0,6462.0,0,33,0,0,0,0,0,0,,,,,,
2026-10-05 07:11:30,6425.0,6467.0,547,2130,0,1,0,0,1,0,,,,,,
2026-10-05 07:11:30,6430.0,6472.0,0,71,0,0,0,0,0,0,,,,,,
2026-10-05 07:11:30,6440.0,6482.0,332,368,0,0,0,0,0,0,,,,,,
2026-10-05 07:11:30,6450.0,6492.0,1182,9465,0,1751,0,0,1751,0,1,,1,,,
2026-10-05 07:11:30,6460.0,6502.0,0,11,0,0,0,0,0,0,,,,,,
2026-10-05 07:11:30,6470.0,6512.0,0,21,0,0,0,0,0,0,,,,,,
2026-10-05 07:11:30,6475.0,6517.0,535,1881,0,1,0,0,1,0,,,,,,
2026-10-05 07:11:30,6480.0,6522.0,0,11,0,0,0,0,0,0,,,,,,
2026-10-05 07:11:30,6490.0,6532.0,0,30,0,0,0,0,0,0,,,,,,
2026-10-05 07:11:30,6500.0,6542.0,12774,28083,0,1,0,0,1,0,,,,,,
2026-10-05 07:11:30,6510.0,6552.0,0,11,0,0,0,0,0,0,,,,,,
2026-10-05 07:11:30,6520.0,6562.0,2,261,0,0,0,0,0,0,,,,,,
2026-10-05 07:11:30,6525.0,6567.0,274,2473,0,0,0,0,0,0,,,,,,
2026-10-05 07:11:30,6530.0,6572.0,2,114,0,0,0,0,0,0,,,,,,
2026-10-05 07:11:30,6540.0,6582.0,0,139,0,0,0,0,0,0,,,,,,
2026-10-05 07:11:30,6550.0,6592.0,1737,9042,0,0,0,0,0,0,,,,,,
2026-10-05 07:11:30,6560.0,6602.0,0,173,0,0,0,0,0,0,,,,,,
2026-10-05 07:11:30,6570.0,6612.0,0,844,0,0,0,0,0,0,,,,,,
2026-10-05 07:11:30,6575.0,6617.0,341,2536,0,0,0,0,0,0,,,,,,
2026-10-05 07:11:30,6580.0,6622.0,4,286,0,0,0,0,0,0,,,,,,
2026-10-05 07:11:30,6590.0,6632.0,0,194,0,0,0,0,0,0,,,,,,
2026-10-05 07:11:30,6600.0,6642.0,9973,31846,0,1,0,0,1,0,,,,,,
2026-10-05 07:11:30,6610.0,6652.0,1,53,0,0,0,0,0,0,,,,,,
2026-10-05 07:11:30,6620.0,6662.0,1,285,0,0,0,0,0,0,,,,,,
2026-10-05 07:11:30,6625.0,6667.0,707,7857,0,0,0,0,0,0,,,,,,
2026-10-05 07:11:30,6630.0,6672.0,1,104,0,0,0,0,0,0,,,,,,
2026-10-05 07:11:30,6640.0,6682.0,1,278,0,0,0,0,0,0,,,,,,
2026-10-05 07:11:30,6650.0,6692.0,3906,12088,0,15,0,0,15,0,,,,,,
2026-10-05 07:11:30,6660.0,6702.0,0,498,0,0,0,0,0,0,,,,,,
2026-10-05 07:11:30,6670.0,6712.0,0,212,0,0,0,0,0,0,,,,,,
2026-10-05 07:11:30,6675.0,6717.0,2594,4948,0,0,0,0,0,0,,,,,,
2026-10-05 07:11:30,6680.0,6722.0,0,317,0,0,0,0,0,0,,,,,,
2026-10-05 07:11:30,6690.0,6732.0,0,962,0,0,0,0,0,0,,,,,,
2026-10-05 07:11:30,6700.0,6742.0,11536,29259,0,2,0,0,2,0,,,,,,
2026-10-05 07:11:30,6710.0,6752.0,0,190,0,0,0,0,0,0,,,,,,
2026-10-05 07:11:30,6720.0,6762.0,0,180,0,0,0,0,0,0,,,,,,
2026-10-05 07:11:30,6725.0,6767.0,933,12717,0,0,0,0,0,0,,,,,,
2026-10-05 07:11:30,6730.0,6772.0,3,394,0,0,0,0,0,0,,,,,,
2026-10-05 07:11:30,6740.0,6782.0,8,249,0,0,0,0,0,0,,,,,,
2026-10-05 07:11:30,6750.0,6792.0,5566,12753,0,5,0,0,5,0,,,,,,
2026-10-05 07:11:30,6760.0,6802.0,351,182,0,0,0,0,0,0,,,,,,
2026-10-05 07:11:30,6770.0,6812.0,0,205,0,0,0,0,0,0,,,,,,
2026-10-05 07:11:30,6775.0,6817.0,1576,2401,0,3,0,0,3,0,,,,,,
2026-10-05 07:11:30,6780.0,6822.0,1,524,0,0,0,0,0,0,,,,,,
2026-10-05 07:11:30,6790.0,6832.0,2,342,0,0,0,0,0,0,,,,,,
2026-10-05 07:11:30,6800.0,6842.0,22930,27486,0,2,0,0,2,0,,,,,,
2026-10-05 07:11:30,6810.0,6852.0,0,462,0,0,0,0,0,0,,,,,,
2026-10-05 07:11:30,6820.0,6862.0,425,291,0,0,0,0,0,0,,,,,,
2026-10-05 07:11:30,6825.0,6867.0,4833,6201,0,0,0,0,0,0,,,,,,
2026-10-05 07:11:30,6830.0,6872.0,20,353,0,0,0,0,0,0,,,,,,
2026-10-05 07:11:30,6840.0,6882.0,100,2188,0,0,0,0,0,0,,,,,,
2026-10-05 07:11:30,6850.0,6892.0,21720,25267,0,2,0,0,2,0,,,,,,
2026-10-05 07:11:30,6860.0,6902.0,3,420,0,0,0,0,0,0,,,,,,
2026-10-05 07:11:30,6870.0,6912.0,0,652,0,0,0,0,0,0,,,,,,
2026-10-05 07:11:30,6875.0,6917.0,6795,9327,0,41,0,0,41,0,,,,,,
2026-10-05 07:11:30,6880.0,6922.0,9,162,0,0,0,0,0,0,,,,,,
2026-10-05 07:11:30,6890.0,6932.0,1,432,0,0,0,0,0,0,,,,,,
2026-10-05 07:11:30,6900.0,6942.0,18615,38511,0,1,0,0,1,0,,,,,,
2026-10-05 07:11:30,6910.0,6952.0,0,473,0,0,0,0,0,0,,,,,,
2026-10-05 07:11:30,6920.0,6962.0,1,1392,0,0,0,0,0,0,,,,,,
2026-10-05 07:11:30,6925.0,6967.0,4344,4283,0,0,0,0,0,0,,,,,,
2026-10-05 07:11:30,6930.0,6972.0,0,3357,0,0,0,0,0,0,,,,,,
2026-10-05 07:11:30,6940.0,6982.0,0,198,0,0,0,0,0,0,,,,,,
2026-10-05 07:11:30,6950.0,6992.0,5873,10093,0,1,0,0,1,0,,,,,,
2026-10-05 07:11:30,6960.0,7002.0,3,581,0,0,0,0,0,0,,,,,,
2026-10-05 07:11:30,6970.0,7012.0,1,663,0,0,0,0,0,0,,,,,,
2026-10-05 07:11:30,6975.0,7017.0,1040,4013,0,10,0,0,10,0,,,,,,
2026-10-05 07:11:30,6980.0,7022.0,1,358,0,3,0,0,3,0,,,,,,
2026-10-05 07:11:30,6990.0,7032.0,3,458,0,0,0,0,0,0,,,,,,
2026-10-05 07:11:30,7000.0,7042.0,312929,337754,0,171,0,0,171,0,,,,,,
2026-10-05 07:11:30,7010.0,7052.0,18,256,0,0,0,0,0,0,,,,,,
2026-10-05 07:11:30,7020.0,7062.0,2,155,0,1,0,0,1,0,,,,,,
2026-10-05 07:11:30,7025.0,7067.0,1277,4029,0,0,0,0,0,0,,,,,,
2026-10-05 07:11:30,7030.0,7072.0,3,48,0,1,0,0,1,0,,,,,,
2026-10-05 07:11:30,7040.0,7082.0,2,424,0,0,0,0,0,0,,,,,,
2026-10-05 07:11:30,7050.0,7092.0,3991,6764,0,0,0,0,0,0,,,,,,
2026-10-05 07:11:30,7060.0,7102.0,2,354,0,3,0,0,3,0,,,,,,
2026-10-05 07:11:30,7070.0,7112.0,1,840,0,0,0,0,0,0,,,,,,
2026-10-05 07:11:30,7075.0,7117.0,1292,3290,0,500,0,0,500,0,,,3,,,
2026-10-05 07:11:30,7080.0,7122.0,1,144,0,0,0,0,0,0,,,,,,
2026-10-05 07:11:30,7090.0,7132.0,2,912,0,1,0,0,1,0,,,,,,
2026-10-05 07:11:30,7100.0,7142.0,13121,27097,0,1,0,0,1,0,,,,,,
2026-10-05 07:11:30,7110.0,7152.0,2,313,0,1,0,0,1,0,,,,,,
2026-10-05 07:11:30,7120.0,7162.0,168,501,0,0,0,0,0,0,,,,,,
2026-10-05 07:11:30,7125.0,7167.0,2391,7894,0,2,0,0,2,0,,,,,,
2026-10-05 07:11:30,7130.0,7172.0,11,703,0,0,0,0,0,0,,,,,,
2026-10-05 07:11:30,7140.0,7182.0,3,2291,0,3,0,0,3,0,,,,,,
2026-10-05 07:11:30,7150.0,7192.0,7912,13648,0,1,0,0,1,0,,,,,,
2026-10-05 07:11:30,7160.0,7202.0,1,306,0,0,0,0,0,0,,,,,,
2026-10-05 07:11:30,7165.0,7207.0,0,100,0,0,0,0,0,0,,,,,,
2026-10-05 07:11:30,7170.0,7212.0,34,335,0,0,0,0,0,0,,,,,,
2026-10-05 07:11:30,7175.0,7217.0,2780,6800,0,51,0,0,51,0,,,,,,
2026-10-05 07:11:30,7180.0,7222.0,2,294,0,0,0,0,0,0,,,,,,
2026-10-05 07:11:30,7185.0,7227.0,0,19,0,0,0,0,0,0,,,,,,
2026-10-05 07:11:30,7190.0,7232.0,4,663,0,0,0,0,0,0,,,,,,
2026-10-05 07:11:30,7195.0,7237.0,0,237,0,0,0,0,0,0,,,,,,
2026-10-05 07:11:30,7200.0,7242.0,21064,26847,0,41,0,0,41,0,,,,,,
2026-10-05 07:11:30,7205.0,7247.0,0,32,0,0,0,0,0,0,,,,,,
2026-10-05 07:11:30,7210.0,7252.0,8,560,0,1,0,0,1,0,,,,,,
2026-10-05 07:11:30,7215.0,7257.0,0,45,0,0,0,0,0,0,,,,,,
2026-10-05 07:11:30,7220.0,7262.0,6,1798,0,0,0,0,0,0,,,,,,
2026-10-05 07:11:30,7225.0,7267.0,3408,5585,0,20,0,0,20,0,,,,,,
2026-10-05 07:11:30,7230.0,7272.0,0,649,0,0,0,0,0,0,,,,,,
2026-10-05 07:11:30,7235.0,7277.0,0,30,0,0,0,0,0,0,,,,,,
2026-10-05 07:11:30,7240.0,7282.0,1,1287,0,0,0,0,0,0,,,,,,
2026-10-05 07:11:30,7245.0,7287.0,0,127,0,0,0,0,0,0,,,,,,
2026-10-05 07:11:30,7250.0,7292.0,6082,17616,0,503,0,0,503,0,5,,2,,,
2026-10-05 07:11:30,7255.0,7297.0,0,44,0,0,0,0,0,0,,,,,,
2026-10-05 07:11:30,7260.0,7302.0,1,649,0,2,0,0,2,0,,,,,,
2026-10-05 07:11:30,7265.0,7307.0,0,98,0,0,0,0,0,0,,,,,,
2026-10-05 07:11:30,7270.0,7312.0,341,930,0,0,0,0,0,0,,,,,,
2026-10-05 07:11:30,7275.0,7317.0,2809,6636,0,2,0,0,2,0,,,,,,
2026-10-05 07:11:30,7280.0,7322.0,3,393,0,0,0,0,0,0,,,,,,
2026-10-05 07:11:30,7285.0,7327.0,0,97,0,0,0,0,0,0,,,,,,
2026-10-05 07:11:30,7290.0,7332.0,35,5120,0,0,0,0,0,0,,,,,,
2026-10-05 07:11:30,7295.0,7337.0,1,167,0,0,0,0,0,0,,,,,,
2026-10-05 07:11:30,7300.0,7342.0,7353,31752,1,1,0,0,2,0,,,,,,
2026-10-05 07:11:30,7305.0,7347.0,11,1120,0,0,0,0,0,0,,,,,,
2026-10-05 07:11:30,7310.0,7352.0,20,1708,0,0,0,0,0,0,,,,,,
2026-10-05 07:11:30,7315.0,7357.0,0,2614,0,0,0,0,0,0,,,,,,
2026-10-05 07:11:30,7320.0,7362.0,21,493,0,0,0,0,0,0,,,,,,
2026-10-05 07:11:30,7325.0,7367.0,7395,5864,0,0,0,0,0,0,,,,,,
2026-10-05 07:11:30,7330.0,7372.0,14,2385,0,0,0,0,0,0,,,,,,
2026-10-05 07:11:30,7335.0,7377.0,0,370,0,0,0,0,0,0,,,,,,
2026-10-05 07:11:30,7340.0,7382.0,9,572,0,0,0,0,0,0,,,,,,
2026-10-05 07:11:30,7345.0,7387.0,1,88,0,0,0,0,0,0,,,,,,
2026-10-05 07:11:30,7350.0,7392.0,10516,15813,0,2,0,0,2,0,,,,,,
2026-10-05 07:11:30,7355.0,7397.0,0,331,0,14,0,0,14,0,,,,,,
2026-10-05 07:11:30,7360.0,7402.0,22,501,0,1,0,0,1,0,,,,,,
2026-10-05 07:11:30,7365.0,7407.0,0,70,0,0,0,0,0,0,,,,,,
2026-10-05 07:11:30,7370.0,7412.0,137,430,0,0,0,0,0,0,,,,,,
2026-10-05 07:11:30,7375.0,7417.0,972,3459,0,0,0,0,0,0,,,,,,
2026-10-05 07:11:30,7380.0,7422.0,44,314,0,2,0,0,2,0,,,,,,
2026-10-05 07:11:30,7385.0,7427.0,0,285,0,0,0,0,0,0,,,,,,
2026-10-05 07:11:30,7390.0,7432.0,17,404,0,0,0,0,0,0,,,,,,
2026-10-05 07:11:30,7395.0,7437.0,0,172,0,0,0,0,0,0,,,,,,
2026-10-05 07:11:30,7400.0,7442.0,21433,40685,0,4,0,0,4,0,,,,,,
2026-10-05 07:11:30,7405.0,7447.0,15,117,0,0,0,0,0,0,,,,,,
2026-10-05 07:11:30,7410.0,7452.0,64,1087,0,0,0,0,0,0,,,,,,
2026-10-05 07:11:30,7415.0,7457.0,10,330,0,0,0,0,0,0,,,,,,
2026-10-05 07:11:30,7420.0,7462.0,44,640,0,0,0,0,0,0,,,,,,
2026-10-05 07:11:30,7425.0,7467.0,2416,2924,19,57,0,0,76,0,,,,,,
2026-10-05 07:11:30,7430.0,7472.0,36,1621,0,8,0,0,8,0,,,,,,
2026-10-05 07:11:30,7435.0,7477.0,4,331,0,0,0,0,0,0,,,,,,
2026-10-05 07:11:30,7440.0,7482.0,275,823,0,1,0,0,1,0,,,,,,
2026-10-05 07:11:30,7445.0,7487.0,10,1621,0,0,0,0,0,0,,,,,,
2026-10-05 07:11:30,7450.0,7492.0,12096,17162,0,5,0,0,5,0,,,,,,
2026-10-05 07:11:30,7455.0,7497.0,20,374,0,0,0,0,0,0,,,,,,
2026-10-05 07:11:30,7460.0,7502.0,20,299,0,0,0,0,0,0,,,,,,
2026-10-05 07:11:30,7465.0,7507.0,7,171,0,1,0,0,1,0,,,,,,
2026-10-05 07:11:30,7470.0,7512.0,90,371,0,7,0,0,7,0,,,,,,
2026-10-05 07:11:30,7475.0,7517.0,2721,3493,0,4,0,0,4,0,,,,,,
2026-10-05 07:11:30,7480.0,7522.0,32,162,0,8,0,0,8,0,,,,,,
2026-10-05 07:11:30,7485.0,7527.0,0,516,0,0,0,0,0,0,,,,,,
2026-10-05 07:11:30,7490.0,7532.0,85,323,0,2,0,0,2,0,,,,,,
2026-10-05 07:11:30,7495.0,7537.0,7,165,1,0,0,0,1,0,,,,,,
2026-10-05 07:11:30,7500.0,7542.0,27752,37850,2,115,0,0,117,0,,,,,,
2026-10-05 07:11:30,7505.0,7547.0,21,61,0,1,0,0,1,0,,,,,,
2026-10-05 07:11:30,7510.0,7552.0,67,238,0,0,0,0,0,0,,,,,,
2026-10-05 07:11:30,7515.0,7557.0,26,191,0,0,0,0,0,0,,,,,,
2026-10-05 07:11:30,7520.0,7562.0,68,549,0,0,0,0,0,0,,,,,,
2026-10-05 07:11:30,7525.0,7567.0,2200,3736,2,1,0,0,3,0,,,,,,
2026-10-05 07:11:30,7530.0,7572.0,68,422,0,0,0,0,0,0,,,,,,
2026-10-05 07:11:30,7535.0,7577.0,26,75,0,0,0,0,0,0,,,,,,
2026-10-05 07:11:30,7540.0,7582.0,61,202,0,0,0,0,0,0,,,,,,
2026-10-05 07:11:30,7545.0,7587.0,9,131,0,0,0,0,0,0,,,,,,
2026-10-05 07:11:30,7550.0,7592.0,10940,12264,0,2,0,0,2,0,,,,,,
2026-10-05 07:11:30,7555.0,7597.0,34,246,0,0,0,0,0,0,,,,,,
2026-10-05 07:11:30,7560.0,7602.0,522,1169,0,0,0,0,0,0,,,,,,
2026-10-05 07:11:30,7565.0,7607.0,18,113,0,0,0,0,0,0,,,,,,
2026-10-05 07:11:30,7570.0,7612.0,225,442,0,0,0,0,0,0,,,,,,
2026-10-05 07:11:30,7575.0,7617.0,3337,3734,0,0,0,0,0,0,,,,,,
2026-10-05 07:11:30,7580.0,7622.0,356,459,0,0,0,0,0,0,,,,,,
2026-10-05 07:11:30,7585.0,7627.0,416,520,0,0,0,0,0,0,,,,,,
2026-10-05 07:11:30,7590.0,7632.0,283,411,0,0,0,0,0,0,,,,,,
2026-10-05 07:11:30,7595.0,7637.0,258,364,0,0,0,0,0,0,,,,,,
2026-10-05 07:11:30,7600.0,7642.0,33641,39778,0,13,0,0,13,0,,,,,,
2026-10-05 07:11:30,7605.0,7647.0,121,215,0,0,0,0,0,0,,,,,,
2026-10-05 07:11:30,7610.0,7652.0,806,1681,0,0,0,0,0,0,,,,,,
2026-10-05 07:11:30,7615.0,7657.0,121,197,0,0,0,0,0,0,,,,,,
2026-10-05 07:11:30,7620.0,7662.0,1919,1722,0,0,0,0,0,0,,,,,,
2026-10-05 07:11:30,7625.0,7667.0,4219,3697,0,8,0,0,8,0,,,,,,
2026-10-05 07:11:30,7630.0,7672.0,292,539,0,0,0,0,0,0,,,,,,
2026-10-05 07:11:30,7635.0,7677.0,1329,1393,0,0,0,0,0,0,,,,,,
2026-10-05 07:11:30,7640.0,7682.0,178,1200,0,0,0,0,0,0,,,,,,
2026-10-05 07:11:30,7645.0,7687.0,436,1609,0,0,0,0,0,0,,,,,,
2026-10-05 07:11:30,7650.0,7692.0,30293,32000,0,4,0,0,4,0,,,,,,
2026-10-05 07:11:30,7655.0,7697.0,3075,3095,0,0,0,0,0,0,,,,,,
2026-10-05 07:11:30,7660.0,7702.0,2224,2956,0,0,0,0,0,0,,,,,,
2026-10-05 07:11:30,7665.0,7707.0,2124,2178,0,1,0,0,1,0,,,,,,
2026-10-05 07:11:30,7670.0,7712.0,2068,2131,0,0,0,0,0,0,,,,,,
2026-10-05 07:11:30,7675.0,7717.0,9781,6553,0,0,0,0,0,0,,,,,,
2026-10-05 07:11:30,7680.0,7722.0,5150,5481,0,7,0,0,7,0,,,,,,
2026-10-05 07:11:30,7685.0,7727.0,3845,4155,0,1,0,0,1,0,,,,,,
2026-10-05 07:11:30,7690.0,7732.0,8596,8644,0,0,0,0,0,0,,,,,,
2026-10-05 07:11:30,7695.0,7737.0,3714,3363,0,0,0,0,0,0,,,,,,
2026-10-05 07:11:30,7700.0,7742.0,86561,83389,2,95,0,0,97,0,,,,,,
2026-10-05 07:11:30,7705.0,7747.0,8166,8288,1,0,0,0,1,0,,,,,,
2026-10-05 07:11:30,7710.0,7752.0,4165,4666,0,0,0,0,0,0,,,,,,
2026-10-05 07:11:30,7715.0,7757.0,3089,3046,0,0,0,0,0,0,,,,,,
2026-10-05 07:11:30,7720.0,7762.0,5109,3849,0,20,0,0,20,0,,,,,,
2026-10-05 07:11:30,7725.0,7767.0,5702,5570,0,3,0,0,3,0,,,,,,
2026-10-05 07:11:30,7730.0,7772.0,5634,5578,1,2,0,0,3,0,,,,,,
2026-10-05 07:11:30,7735.0,7777.0,2974,2898,0,1,0,0,1,0,,,,,,
2026-10-05 07:11:30,7740.0,7782.0,4811,4902,13,1,0,0,14,0,,,,,,
2026-10-05 07:11:30,7745.0,7787.0,1704,1703,0,0,0,0,0,0,,,,,,
2026-10-05 07:11:30,7750.0,7792.0,24358,22519,1,1,0,0,2,0,,,,,,
2026-10-05 07:11:30,7755.0,7797.0,4556,4532,0,0,0,0,0,0,,,,,,
2026-10-05 07:11:30,7760.0,7802.0,2611,2679,0,0,0,0,0,0,,,,,,
2026-10-05 07:11:30,7765.0,7807.0,5605,5639,0,0,0,0,0,0,,,,,,
2026-10-05 07:11:30,7770.0,7812.0,5436,5415,0,2,0,0,2,0,,,,,,
2026-10-05 07:11:30,7775.0,7817.0,5853,5181,26,31,0,0,57,0,,,,,,
2026-10-05 07:11:30,7780.0,7822.0,4163,3939,3,3,0,0,6,0,,,,,,
2026-10-05 07:11:30,7785.0,7827.0,3371,3256,293,287,0,0,580,0,4,3,5,,,
2026-10-05 07:11:30,7790.0,7832.0,3315,3209,482,469,0,0,951,0,2,2,4,,,
2026-10-05 07:11:30,7795.0,7837.0,5532,5658,14,14,0,0,28,0,,,,,,
2026-10-05 07:11:30,7800.0,7842.0,38128,26449,168,124,0,0,292,0,,5,,,,
2026-10-05 07:11:30,7805.0,7847.0,2826,2777,0,0,0,0,0,0,,,,,,
2026-10-05 07:11:30,7810.0,7852.0,2268,2173,0,0,0,0,0,0,,,,,,
2026-10-05 07:11:30,7815.0,7857.0,2035,1940,0,0,0,0,0,0,,,,,,
2026-10-05 07:11:30,7820.0,7862.0,3270,1978,0,0,0,0,0,0,,,,,,
2026-10-05 07:11:30,7825.0,7867.0,9948,5983,0,0,0,0,0,0,,,,,,
2026-10-05 07:11:30,7830.0,7872.0,4491,4369,0,0,0,0,0,0,,,,,,
2026-10-05 07:11:30,7835.0,7877.0,6014,6018,0,0,0,0,0,0,,,,,,
2026-10-05 07:11:30,7840.0,7882.0,4892,4753,0,7,0,0,7,0,,,,,,
2026-10-05 07:11:30,7845.0,7887.0,2721,2731,0,0,0,0,0,0,,,,,,
2026-10-05 07:11:30,7850.0,7892.0,23026,19593,22,0,0,0,22,0,,,,,,
2026-10-05 07:11:30,7855.0,7897.0,81,104,0,0,0,0,0,0,,,,,,
2026-10-05 07:11:30,7860.0,7902.0,377,623,0,1,0,0,1,0,,,,,,
2026-10-05 07:11:30,7865.0,7907.0,32,10,0,0,0,0,0,0,,,,,,
2026-10-05 07:11:30,7870.0,7912.0,247,221,0,0,0,0,0,0,,,,,,
2026-10-05 07:11:30,7875.0,7917.0,2580,698,0,0,0,0,0,0,,,,,,
2026-10-05 07:11:30,7880.0,7922.0,198,100,0,1,0,0,1,0,,,,,,
2026-10-05 07:11:30,7885.0,7927.0,7,23,22,0,15,0,22,15,,,,1,1,
2026-10-05 07:11:30,7890.0,7932.0,253,50,0,1,0,0,1,0,,,,,,
2026-10-05 07:11:30,7895.0,7937.0,41,32,0,0,0,0,0,0,,,,,,
2026-10-05 07:11:30,7900.0,7942.0,28503,9857,0,0,0,0,0,0,,,,,,
2026-10-05 07:11:30,7905.0,7947.0,17,22,0,0,0,0,0,0,,,,,,
2026-10-05 07:11:30,7910.0,7952.0,606,45,0,0,0,0,0,0,,,,,,
2026-10-05 07:11:30,7915.0,7957.0,56,20,0,0,0,0,0,0,,,,,,
2026-10-05 07:11:30,7920.0,7962.0,269,134,0,0,0,0,0,0,,,,,,
2026-10-05 07:11:30,7925.0,7967.0,1830,143,0,0,0,0,0,0,,,,,,
2026-10-05 07:11:30,7930.0,7972.0,252,115,0,0,0,0,0,0,,,,,,
2026-10-05 07:11:30,7935.0,7977.0,148,6,0,0,0,0,0,0,,,,,,
2026-10-05 07:11:30,7940.0,7982.0,1083,102,0,0,0,0,0,0,,,,,,
2026-10-05 07:11:30,7945.0,7987.0,13,2,0,0,0,0,0,0,,,,,,
2026-10-05 07:11:30,7950.0,7992.0,6827,427,28,0,0,0,28,0,,,,,,
2026-10-05 07:11:30,7955.0,7997.0,11,34,0,0,0,0,0,0,,,,,,
2026-10-05 07:11:30,7960.0,8002.0,150,117,0,0,0,0,0,0,,,,,,
2026-10-05 07:11:30,7965.0,8007.0,173,24,0,0,0,0,0,0,,,,,,
2026-10-05 07:11:30,7970.0,8012.0,181,123,0,0,0,0,0,0,,,,,,
2026-10-05 07:11:30,7975.0,8017.0,1879,607,0,0,0,0,0,0,,,,,,
2026-10-05 07:11:30,7980.0,8022.0,193,111,0,0,0,0,0,0,,,,,,
2026-10-05 07:11:30,7985.0,8027.0,308,28,0,0,0,0,0,0,,,,,,
2026-10-05 07:11:30,7990.0,8032.0,390,285,0,0,0,0,0,0,,,,,,
2026-10-05 07:11:30,7995.0,8037.0,92,31,0,0,0,0,0,0,,,,,,
2026-10-05 07:11:30,8000.0,8042.0,317446,290972,654,0,0,0,654,0,3,1,,,,
2026-10-05 07:11:30,8010.0,8052.0,1323,60,0,0,0,0,0,0,,,,,,
2026-10-05 07:11:30,8020.0,8062.0,389,50,0,0,0,0,0,0,,,,,,
2026-10-05 07:11:30,8025.0,8067.0,1712,378,0,0,0,0,0,0,,,,,,
2026-10-05 07:11:30,8030.0,8072.0,200,64,0,0,0,0,0,0,,,,,,
2026-10-05 07:11:30,8040.0,8082.0,1618,56,0,0,0,0,0,0,,,,,,
2026-10-05 07:11:30,8050.0,8092.0,17580,240,3,0,0,0,3,0,,,,,,
2026-10-05 07:11:30,8060.0,8102.0,553,35,0,0,0,0,0,0,,,,,,
2026-10-05 07:11:30,8070.0,8112.0,149,97,0,0,0,0,0,0,,,,,,
2026-10-05 07:11:30,8075.0,8117.0,2305,486,5,0,0,0,5,0,,,,,,
2026-10-05 07:11:30,8080.0,8122.0,102,47,0,0,0,0,0,0,,,,,,
2026-10-05 07:11:30,8090.0,8132.0,912,58,0,0,0,0,0,0,,,,,,
2026-10-05 07:11:30,8100.0,8142.0,26274,7091,2,1,0,0,3,0,,,,,,
2026-10-05 07:11:30,8110.0,8152.0,485,55,2,0,0,0,2,0,,,,,,
2026-10-05 07:11:30,8120.0,8162.0,962,98,0,0,0,0,0,0,,,,,,
2026-10-05 07:11:30,8125.0,8167.0,8658,190,0,0,0,0,0,0,,,,,,
2026-10-05 07:11:30,8130.0,8172.0,232,108,1,0,0,0,1,0,,,,,,
2026-10-05 07:11:30,8140.0,8182.0,252,19,0,0,0,0,0,0,,,,,,
2026-10-05 07:11:30,8150.0,8192.0,11740,290,2,0,0,0,2,0,,,,,,
2026-10-05 07:11:30,8160.0,8202.0,562,14,1,0,0,0,1,0,,,,,,
2026-10-05 07:11:30,8170.0,8212.0,389,22,0,0,0,0,0,0,,,,,,
2026-10-05 07:11:30,8175.0,8217.0,4842,77,0,0,0,0,0,0,,,,,,
2026-10-05 07:11:30,8180.0,8222.0,664,0,0,0,0,0,0,0,,,,,,
2026-10-05 07:11:30,8190.0,8232.0,618,0,0,0,0,0,0,0,,,,,,
2026-10-05 07:11:30,8200.0,8242.0,24912,1239,55,0,0,0,55,0,,,,,,
2026-10-05 07:11:30,8210.0,8252.0,85,0,0,0,0,0,0,0,,,,,,
2026-10-05 07:11:30,8220.0,8262.0,120,0,0,0,0,0,0,0,,,,,,
2026-10-05 07:11:30,8225.0,8267.0,993,52,0,0,0,0,0,0,,,,,,
2026-10-05 07:11:30,8230.0,8272.0,60,0,0,0,0,0,0,0,,,,,,
2026-10-05 07:11:30,8240.0,8282.0,11,2,0,0,0,0,0,0,,,,,,
2026-10-05 07:11:30,8250.0,8292.0,11750,229,252,0,0,0,252,0,,4,,,,
2026-10-05 07:11:30,8260.0,8302.0,113,0,0,0,0,0,0,0,,,,,,
2026-10-05 07:11:30,8270.0,8312.0,11,0,0,0,0,0,0,0,,,,,,
2026-10-05 07:11:30,8275.0,8317.0,2756,43,0,0,0,0,0,0,,,,,,
2026-10-05 07:11:30,8280.0,8322.0,5,0,0,0,0,0,0,0,,,,,,
2026-10-05 07:11:30,8290.0,8332.0,34,1,0,0,0,0,0,0,,,,,,
2026-10-05 07:11:30,8300.0,8342.0,17905,194,4,0,0,0,4,0,,,,,,
2026-10-05 07:11:30,8310.0,8352.0,40,0,0,0,0,0,0,0,,,,,,
2026-10-05 07:11:30,8320.0,8362.0,66,0,0,0,0,0,0,0,,,,,,
2026-10-05 07:11:30,8325.0,8367.0,2359,24,0,0,0,0,0,0,,,,,,
2026-10-05 07:11:30,8330.0,8372.0,22,0,0,0,0,0,0,0,,,,,,
2026-10-05 07:11:30,8340.0,8382.0,96,0,0,0,0,0,0,0,,,,,,
2026-10-05 07:11:30,8350.0,8392.0,6989,136,0,0,0,0,0,0,,,,,,
2026-10-05 07:11:30,8360.0,8402.0,19,0,0,0,0,0,0,0,,,,,,
2026-10-05 07:11:30,8370.0,8412.0,21,0,0,0,0,0,0,0,,,,,,
2026-10-05 07:11:30,8375.0,8417.0,795,45,0,0,0,0,0,0,,,,,,
2026-10-05 07:11:30,8380.0,8422.0,25,0,0,0,0,0,0,0,,,,,,
2026-10-05 07:11:30,8390.0,8432.0,50,0,0,0,0,0,0,0,,,,,,
2026-10-05 07:11:30,8400.0,8442.0,20381,211,1,0,0,0,1,0,,,,,,
2026-10-05 07:11:30,8425.0,8467.0,505,1,0,0,0,0,0,0,,,,,,
2026-10-05 07:11:30,8450.0,8492.0,5993,1,0,0,0,0,0,0,,,,,,
2026-10-05 07:11:30,8475.0,8517.0,975,0,0,0,0,0,0,0,,,,,,
2026-10-05 07:11:30,8500.0,8542.0,20791,208,0,0,0,0,0,0,,,,,,
2026-10-05 07:11:30,8525.0,8567.0,484,3,0,0,0,0,0,0,,,,,,
2026-10-05 07:11:30,8550.0,8592.0,10480,1,0,0,0,0,0,0,,,,,,
2026-10-05 07:11:30,8575.0,8617.0,837,1,0,0,0,0,0,0,,,,,,
2026-10-05 07:11:30,8600.0,8642.0,17171,35,0,0,0,0,0,0,,,,,,
2026-10-05 07:11:30,8625.0,8667.0,118,0,0,0,0,0,0,0,,,,,,
2026-10-05 07:11:30,8650.0,8692.0,3951,0,0,0,0,0,0,0,,,,,,
2026-10-05 07:11:30,8675.0,8717.0,1734,0,0,0,0,0,0,0,,,,,,
2026-10-05 07:11:30,8700.0,8742.0,16902,28,1,0,0,0,1,0,,,,,,
2026-10-05 07:11:30,8725.0,8767.0,173,0,0,0,0,0,0,0,,,,,,
2026-10-05 07:11:30,8750.0,8792.0,145,274,0,0,0,0,0,0,,,,,,
2026-10-05 07:11:30,8775.0,8817.0,194,1,0,0,0,0,0,0,,,,,,
2026-10-05 07:11:30,8800.0,8842.0,30340,46,1,0,0,0,1,0,,,,,,
2026-10-05 07:11:30,8850.0,8892.0,113,275,0,0,0,0,0,0,,,,,,
2026-10-05 07:11:30,8900.0,8942.0,8008,243,0,0,0,0,0,0,,,,,,
2026-10-05 07:11:30,9000.0,9042.0,49273,4612,0,0,0,0,0,0,,,,,,
2026-10-05 07:11:30,9100.0,9142.0,5378,2,0,0,0,0,0,0,,,,,,
2026-10-05 07:11:30,9200.0,9242.0,23084,38,0,0,0,0,0,0,,,,,,
2026-10-05 07:11:31,6250.0,6292.0,1,1083,0,0,0,0,0,0,,,,1,1,1
2026-10-05 07:11:31,6255.0,6297.0,0,8,0,0,0,0,0,0,,,,2,2,2
2026-10-05 07:11:31,6260.0,6302.0,0,32,0,0,0,0,0,0,,,,3,3,3
2026-10-05 07:11:31,6265.0,6307.0,0,47,0,0,0,0,0,0,,,,4,4,4
2026-10-05 07:11:31,6270.0,6312.0,0,5,0,0,0,0,0,0,,,,5,5,5
2026-10-05 07:11:31,6275.0,6317.0,0,9,0,0,0,0,0,0,,,,,,
2026-10-05 07:11:31,6280.0,6322.0,8,51,0,0,0,0,0,0,,,,,,
2026-10-05 07:11:31,6285.0,6327.0,0,19,0,0,0,0,0,0,,,,,,
2026-10-05 07:11:31,6290.0,6332.0,3,181,0,0,0,0,0,0,,,,,,
2026-10-05 07:11:31,6295.0,6337.0,1,41,0,0,0,0,0,0,,,,,,
2026-10-05 07:11:31,6300.0,6342.0,21,1202,0,0,0,0,0,0,,,,,,
2026-10-05 07:11:31,6305.0,6347.0,0,38,0,0,0,0,0,0,,,,,,
2026-10-05 07:11:31,6310.0,6352.0,0,24,0,1,0,0,1,0,,,,,,
2026-10-05 07:11:31,6315.0,6357.0,0,26,0,0,0,0,0,0,,,,,,
2026-10-05 07:11:31,6320.0,6362.0,0,31,0,0,0,0,0,0,,,,,,
2026-10-05 07:11:31,6325.0,6367.0,1,37,0,0,0,0,0,0,,,,,,
2026-10-05 07:11:31,6330.0,6372.0,0,57,0,0,0,0,0,0,,,,,,
2026-10-05 07:11:31,6335.0,6377.0,0,28,0,0,0,0,0,0,,,,,,
2026-10-05 07:11:31,6340.0,6382.0,1,28,0,0,0,0,0,0,,,,,,
2026-10-05 07:11:31,6345.0,6387.0,0,19,0,0,0,0,0,0,,,,,,
2026-10-05 07:11:31,6350.0,6392.0,25,642,0,0,0,0,0,0,,,,,,
2026-10-05 07:11:31,6355.0,6397.0,2,88,0,0,0,0,0,0,,,,,,
2026-10-05 07:11:31,6360.0,6402.0,8,25,0,0,0,0,0,0,,,,,,
2026-10-05 07:11:31,6365.0,6407.0,1,54,0,0,0,0,0,0,,,,,,
2026-10-05 07:11:31,6370.0,6412.0,10,41,0,0,0,0,0,0,,,,,,
2026-10-05 07:11:31,6375.0,6417.0,4,60,0,2,0,0,2,0,,,,,,
2026-10-05 07:11:31,6380.0,6422.0,0,153,0,0,0,0,0,0,,,,,,
2026-10-05 07:11:31,6385.0,6427.0,1,74,0,0,0,0,0,0,,,,,,
2026-10-05 07:11:31,6390.0,6432.0,12,59,0,0,0,0,0,0,,,,,,
2026-10-05 07:11:31,6395.0,6437.0,0,54,0,0,0,0,0,0,,,,,,
2026-10-05 07:11:31,6400.0,6442.0,54,5528,0,0,0,0,0,0,,,,,,
2026-10-05 07:11:31,6405.0,6447.0,0,16,0,0,0,0,0,0,,,,,,
2026-10-05 07:11:31,6410.0,6452.0,5,84,0,0,0,0,0,0,,,,,,
2026-10-05 07:11:31,6415.0,6457.0,30,18,0,0,0,0,0,0,,,,,,
2026-10-05 07:11:31,6420.0,6462.0,1,99,0,0,0,0,0,0,,,,,,
2026-10-05 07:11:31,6425.0,6467.0,6,230,0,2,0,0,2,0,,,,,,
2026-10-05 07:11:31,6430.0,6472.0,0,77,0,0,0,0,0,0,,,,,,
2026-10-05 07:11:31,6435.0,6477.0,0,35,0,0,0,0,0,0,,,,,,
2026-10-05 07:11:31,6440.0,6482.0,3,48,0,0,0,0,0,0,,,,,,
2026-10-05 07:11:31,6445.0,6487.0,0,41,0,0,0,0,0,0,,,,,,
2026-10-05 07:11:31,6450.0,6492.0,11,309,0,0,0,0,0,0,,,,,,
2026-10-05 07:11:31,6455.0,6497.0,0,6,0,0,0,0,0,0,,,,,,
2026-10-05 07:11:31,6460.0,6502.0,3,37,0,1,0,0,1,0,,,,,,
2026-10-05 07:11:31,6465.0,6507.0,1,14,0,0,0,0,0,0,,,,,,
2026-10-05 07:11:31,6470.0,6512.0,11,82,0,0,0,0,0,0,,,,,,
2026-10-05 07:11:31,6475.0,6517.0,5,144,0,0,0,0,0,0,,,,,,
2026-10-05 07:11:31,6480.0,6522.0,2,18,0,0,0,0,0,0,,,,,,
2026-10-05 07:11:31,6485.0,6527.0,7,77,0,0,0,0,0,0,,,,,,
2026-10-05 07:11:31,6490.0,6532.0,5,134,0,0,0,0,0,0,,,,,,
2026-10-05 07:11:31,6495.0,6537.0,2,72,0,0,0,0,0,0,,,,,,
2026-10-05 07:11:31,6500.0,6542.0,82,11770,0,0,0,0,0,0,,,,,,
2026-10-05 07:11:31,6505.0,6547.0,1,16,0,0,0,0,0,0,,,,,,
2026-10-05 07:11:31,6510.0,6552.0,1,12,0,1,0,0,1,0,,,,,,
2026-10-05 07:11:31,6515.0,6557.0,1,31,0,0,0,0,0,0,,,,,,
2026-10-05 07:11:31,6520.0,6562.0,5,144,0,0,0,0,0,0,,,,,,
2026-10-05 07:11:31,6525.0,6567.0,6,45,0,0,0,0,0,0,,,,,,
2026-10-05 07:11:31,6530.0,6572.0,5,131,0,0,0,0,0,0,,,,,,
2026-10-05 07:11:31,6535.0,6577.0,2,27,0,0,0,0,0,0,,,,,,
2026-10-05 07:11:31,6540.0,6582.0,3,192,0,0,0,0,0,0,,,,,,
2026-10-05 07:11:31,6545.0,6587.0,60,96,0,1,0,0,1,0,,,,,,
2026-10-05 07:11:31,6550.0,6592.0,6,521,0,0,0,0,0,0,,,,,,
2026-10-05 07:11:31,6555.0,6597.0,4,61,0,0,0,0,0,0,,,,,,
2026-10-05 07:11:31,6560.0,6602.0,11,297,0,0,0,0,0,0,,,,,,
2026-10-05 07:11:31,6565.0,6607.0,0,131,0,0,0,0,0,0,,,,,,
2026-10-05 07:11:31,6570.0,6612.0,15,270,0,0,0,0,0,0,,,,,,
2026-10-05 07:11:31,6575.0,6617.0,12,96,0,0,0,0,0,0,,,,,,
2026-10-05 07:11:31,6580.0,6622.0,24,75,0,0,0,0,0,0,,,,,,
2026-10-05 07:11:31,6585.0,6627.0,235,102,0,2,0,0,2,0,,,,,,
2026-10-05 07:11:31,6590.0,6632.0,235,63,0,0,0,0,0,0,,,,,,
2026-10-05 07:11:31,6595.0,6637.0,5,69,0,0,0,0,0,0,,,,,,
2026-10-05 07:11:31,6600.0,6642.0,186,2120,0,0,0,0,0,0,,,,,,
2026-10-05 07:11:31,6605.0,6647.0,36,31,0,0,0,0,0,0,,,,,,
2026-10-05 07:11:31,6610.0,6652.0,52,126,0,0,0,0,0,0,,,,,,
2026-10-05 07:11:31,6615.0,6657.0,13,45,0,0,0,0,0,0,,,,,,
2026-10-05 07:11:31,6620.0,6662.0,7,723,0,0,0,0,0,0,,,,,,
2026-10-05 07:11:31,6625.0,6667.0,9,130,0,0,0,0,0,0,,,,,,
2026-10-05 07:11:31,6630.0,6672.0,11,54,0,0,0,0,0,0,,,,,,
2026-10-05 07:11:31,6635.0,6677.0,1,278,0,0,0,0,0,0,,,,,,
2026-10-05 07:11:31,6640.0,6682.0,40,16,0,0,0,0,0,0,,,,,,
2026-10-05 07:11:31,6645.0,6687.0,9,85,0,0,0,0,0,0,,,,,,
2026-10-05 07:11:31,6650.0,6692.0,187,629,0,0,0,0,0,0,,,,,,
2026-10-05 07:11:31,6655.0,6697.0,3,65,0,0,0,0,0,0,,,,,,
2026-10-05 07:11:31,6660.0,6702.0,3,266,0,0,0,0,0,0,,,,,,
2026-10-05 07:11:31,6665.0,6707.0,6,67,0,0,0,0,0,0,,,,,,
2026-10-05 07:11:31,6670.0,6712.0,21,76,0,0,0,0,0,0,,,,,,
2026-10-05 07:11:31,6675.0,6717.0,4,75,0,0,0,0,0,0,,,,,,
2026-10-05 07:11:31,6680.0,6722.0,121,20,0,0,0,0,0,0,,,,,,
2026-10-05 07:11:31,6685.0,6727.0,0,25,0,0,0,0,0,0,,,,,,
2026-10-05 07:11:31,6690.0,6732.0,4,78,0,0,0,0,0,0,,,,,,
2026-10-05 07:11:31,6695.0,6737.0,0,647,0,0,0,0,0,0,,,,,,
2026-10-05 07:11:31,6700.0,6742.0,206,3377,0,0,0,0,0,0,,,,,,
2026-10-05 07:11:31,6705.0,6747.0,9,81,0,0,0,0,0,0,,,,,,
2026-10-05 07:11:31,6710.0,6752.0,103,25,0,0,0,0,0,0,,,,,,
2026-10-05 07:11:31,6715.0,6757.0,1,16,0,0,0,0,0,0,,,,,,
2026-10-05 07:11:31,6720.0,6762.0,44,29,0,0,0,0,0,0,,,,,,
2026-10-05 07:11:31,6725.0,6767.0,19,265,0,0,0,0,0,0,,,,,,
2026-10-05 07:11:31,6730.0,6772.0,36,51,0,0,0,0,0,0,,,,,,
2026-10-05 07:11:31,6735.0,6777.0,40,17,0,0,0,0,0,0,,,,,,
2026-10-05 07:11:31,6740.0,6782.0,20,43,0,0,0,0,0,0,,,,,,
2026-10-05 07:11:31,6745.0,6787.0,2,1102,0,0,0,0,0,0,,,,,,
2026-10-05 07:11:31,6750.0,6792.0,144,1302,0,0,0,0,0,0,,,,,,
2026-10-05 07:11:31,6755.0,6797.0,2,54,0,0,0,0,0,0,,,,,,
2026-10-05 07:11:31,6760.0,6802.0,0,33,0,0,0,0,0,0,,,,,,
2026-10-05 07:11:31,6765.0,6807.0,2,30,0,0,0,0,0,0,,,,,,
2026-10-05 07:11:31,6770.0,6812.0,27,146,0,0,0,0,0,0,,,,,,
2026-10-05 07:11:31,6775.0,6817.0,57,125,0,1,0,0,1,0,,,,,,
2026-10-05 07:11:31,6780.0,6822.0,49,91,0,0,0,0,0,0,,,,,,
2026-10-05 07:11:31,6785.0,6827.0,9,91,0,0,0,0,0,0,,,,,,
2026-10-05 07:11:31,6790.0,6832.0,14,25,0,0,0,0,0,0,,,,,,
2026-10-05 07:11:31,6795.0,6837.0,18,26,0,0,0,0,0,0,,,,,,
2026-10-05 07:11:31,6800.0,6842.0,658,1253,0,0,0,0,0,0,,,,,,
2026-10-05 07:11:31,6805.0,6847.0,29,17,0,0,0,0,0,0,,,,,,
2026-10-05 07:11:31,6810.0,6852.0,107,65,0,1,0,0,1,0,,,,,,
2026-10-05 07:11:31,6815.0,6857.0,53,30,0,0,0,0,0,0,,,,,,
2026-10-05 07:11:31,6820.0,6862.0,84,30,0,0,0,0,0,0,,,,,,
2026-10-05 07:11:31,6825.0,6867.0,37,131,0,1,0,0,1,0,,,,,,
2026-10-05 07:11:31,6830.0,6872.0,54,277,0,0,0,0,0,0,,,,,,
2026-10-05 07:11:31,6835.0,6877.0,33,26,0,0,0,0,0,0,,,,,,
2026-10-05 07:11:31,6840.0,6882.0,34,43,0,0,0,0,0,0,,,,,,
2026-10-05 07:11:31,6845.0,6887.0,10,85,0,0,0,0,0,0,,,,,,
2026-10-05 07:11:31,6850.0,6892.0,404,1264,0,2,0,0,2,0,,,,,,
2026-10-05 07:11:31,6855.0,6897.0,37,83,0,0,0,0,0,0,,,,,,
2026-10-05 07:11:31,6860.0,6902.0,47,27,0,0,0,0,0,0,,,,,,
2026-10-05 07:11:31,6865.0,6907.0,18,117,0,0,0,0,0,0,,,,,,
2026-10-05 07:11:31,6870.0,6912.0,10,177,0,0,0,0,0,0,,,,,,
2026-10-05 07:11:31,6875.0,6917.0,2664,699,0,0,0,0,0,0,,,,,,
2026-10-05 07:11:31,6880.0,6922.0,29,42,0,0,0,0,0,0,,,,,,
2026-10-05 07:11:31,6885.0,6927.0,20,86,0,0,0,0,0,0,,,,,,
2026-10-05 07:11:31,6890.0,6932.0,27,41,0,0,0,0,0,0,,,,,,
2026-10-05 07:11:31,6895.0,6937.0,19,64,0,0,0,0,0,0,,,,,,
2026-10-05 07:11:31,6900.0,6942.0,3529,2129,0,0,0,0,0,0,,,,,,
2026-10-05 07:11:31,6905.0,6947.0,24,103,0,0,0,0,0,0,,,,,,
2026-10-05 07:11:31,6910.0,6952.0,11,82,0,0,0,0,0,0,,,,,,
2026-10-05 07:11:31,6915.0,6957.0,53,36,0,0,0,0,0,0,,,,,,
2026-10-05 07:11:31,6920.0,6962.0,21,60,0,0,0,0,0,0,,,,,,
2026-10-05 07:11:31,6925.0,6967.0,1923,1003,0,0,0,0,0,0,,,,,,
2026-10-05 07:11:31,6930.0,6972.0,24,55,0,0,0,0,0,0,,,,,,
2026-10-05 07:11:31,6935.0,6977.0,1,303,0,0,0,0,0,0,,,,,,
2026-10-05 07:11:31,6940.0,6982.0,40,76,0,0,0,0,0,0,,,,,,
2026-10-05 07:11:31,6945.0,6987.0,8,60,0,0,0,0,0,0,,,,,,
2026-10-05 07:11:31,6950.0,6992.0,1190,2292,0,0,0,0,0,0,,,,,,
2026-10-05 07:11:31,6955.0,6997.0,28,67,0,0,0,0,0,0,,,,,,
2026-10-05 07:11:31,6960.0,7002.0,61,277,0,0,0,0,0,0,,,,,,
2026-10-05 07:11:31,6965.0,7007.0,17,88,0,0,0,0,0,0,,,,,,
2026-10-05 07:11:31,6970.0,7012.0,7,55,0,0,0,0,0,0,,,,,,
2026-10-05 07:11:31,6975.0,7017.0,110,273,0,0,0,0,0,0,,,,,,
2026-10-05 07:11:31,6980.0,7022.0,22,273,0,0,0,0,0,0,,,,,,
2026-10-05 07:11:31,6985.0,7027.0,2,111,0,0,0,0,0,0,,,,,,
2026-10-05 07:11:31,6990.0,7032.0,23,94,0,0,0,0,0,0,,,,,,
2026-10-05 07:11:31,6995.0,7037.0,14,414,0,0,0,0,0,0,,,,,,
2026-10-05 07:11:31,7000.0,7042.0,5983,10049,2,3,0,0,5,0,,,,,,
2026-10-05 07:11:31,7005.0,7047.0,31,60,0,0,0,0,0,0,,,,,,
2026-10-05 07:11:31,7010.0,7052.0,42,338,0,0,0,0,0,0,,,,,,
2026-10-05 07:11:31,7015.0,7057.0,6,58,0,0,0,0,0,0,,,,,,
2026-10-05 07:11:31,7020.0,7062.0,30,83,0,0,0,0,0,0,,,,,,
2026-10-05 07:11:31,7025.0,7067.0,69,219,0,0,0,0,0,0,,,,,,
2026-10-05 07:11:31,7030.0,7072.0,20,172,0,0,0,0,0,0,,,,,,
2026-10-05 07:11:31,7035.0,7077.0,13,56,0,0,0,0,0,0,,,,,,
2026-10-05 07:11:31,7040.0,7082.0,11,105,0,0,0,0,0,0,,,,,,
2026-10-05 07:11:31,7045.0,7087.0,7,95,0,0,0,0,0,0,,,,,,
2026-10-05 07:11:31,7050.0,7092.0,120,745,0,0,0,0,0,0,,,,,,
2026-10-05 07:11:31,7055.0,7097.0,10,66,0,0,0,0,0,0,,,,,,
2026-10-05 07:11:31,7060.0,7102.0,17,1114,0,0,0,0,0,0,,,,,,
2026-10-05 07:11:31,7065.0,7107.0,12,41,0,0,0,0,0,0,,,,,,
2026-10-05 07:11:31,7070.0,7112.0,19,104,0,0,0,0,0,0,,,,,,
2026-10-05 07:11:31,7075.0,7117.0,25,390,0,0,0,0,0,0,,,,,,
2026-10-05 07:11:31,7080.0,7122.0,127,270,0,1,0,0,1,0,,,,,,
2026-10-05 07:11:31,7085.0,7127.0,89,51,0,0,0,0,0,0,,,,,,
2026-10-05 07:11:31,7090.0,7132.0,21,500,0,1,0,0,1,0,,,,,,
2026-10-05 07:11:31,7095.0,7137.0,91,454,0,0,0,0,0,0,,,,,,
2026-10-05 07:11:31,7100.0,7142.0,527,1725,0,4,0,0,4,0,,,,,,
2026-10-05 07:11:31,7105.0,7147.0,59,33,0,0,0,0,0,0,,,,,,
2026-10-05 07:11:31,7110.0,7152.0,23,43,0,0,0,0,0,0,,,,,,
2026-10-05 07:11:31,7115.0,7157.0,17,73,0,0,0,0,0,0,,,,,,
2026-10-05 07:11:31,7120.0,7162.0,79,75,0,0,0,0,0,0,,,,,,
2026-10-05 07:11:31,7125.0,7167.0,39,2338,0,0,0,0,0,0,,,,,,
2026-10-05 07:11:31,7130.0,7172.0,18,52,0,0,0,0,0,0,,,,,,
2026-10-05 07:11:31,7135.0,7177.0,47,33,0,0,0,0,0,0,,,,,,
2026-10-05 07:11:31,7140.0,7182.0,12,321,0,0,0,0,0,0,,,,,,
2026-10-05 07:11:31,7145.0,7187.0,55,35,0,0,0,0,0,0,,,,,,
2026-10-05 07:11:31,7150.0,7192.0,382,656,0,1,0,0,1,0,,,,,,
2026-10-05 07:11:31,7155.0,7197.0,16,65,0,0,0,0,0,0,,,,,,
2026-10-05 07:11:31,7160.0,7202.0,12,25,0,0,0,0,0,0,,,,,,
2026-10-05 07:11:31,7165.0,7207.0,95,104,0,0,0,0,0,0,,,,,,
2026-10-05 07:11:31,7170.0,7212.0,13,79,0,0,0,0,0,0,,,,,,
2026-10-05 07:11:31,7175.0,7217.0,18,65,0,0,0,0,0,0,,,,,,
2026-10-05 07:11:31,7180.0,7222.0,66,89,0,0,0,0,0,0,,,,,,
2026-10-05 07:11:31,7185.0,7227.0,7,78,0,0,0,0,0,0,,,,,,
2026-10-05 07:11:31,7190.0,7232.0,18,269,0,0,0,0,0,0,,,,,,
2026-10-05 07:11:31,7195.0,7237.0,31,73,0,0,0,0,0,0,,,,,,
2026-10-05 07:11:31,7200.0,7242.0,631,1301,0,3,0,0,3,0,,,,,,
2026-10-05 07:11:31,7205.0,7247.0,11,25,0,0,0,0,0,0,,,,,,
2026-10-05 07:11:31,7210.0,7252.0,5,85,0,2,0,0,2,0,,,,,,
2026-10-05 07:11:31,7215.0,7257.0,28,10,0,0,0,0,0,0,,,,,,
2026-10-05 07:11:31,7220.0,7262.0,21,27,0,0,0,0,0,0,,,,,,
2026-10-05 07:11:31,7225.0,7267.0,319,67,0,0,0,0,0,0,,,,,,
2026-10-05 07:11:31,7230.0,7272.0,14,27,0,0,0,0,0,0,,,,,,
2026-10-05 07:11:31,7235.0,7277.0,12,5,0,0,0,0,0,0,,,,,,
2026-10-05 07:11:31,7240.0,7282.0,195,40,0,2,0,0,2,0,,,,,,
2026-10-05 07:11:31,7245.0,7287.0,10,3787,0,6,0,0,6,0,,,,,,
2026-10-05 07:11:31,7250.0,7292.0,438,616,0,5,0,0,5,0,,,,,,
2026-10-05 07:11:31,7255.0,7297.0,311,24,0,0,0,0,0,0,,,,,,
2026-10-05 07:11:31,7260.0,7302.0,41,64,0,1,0,0,1,0,,,,,,
2026-10-05 07:11:31,7265.0,7307.0,28,29,0,2,0,0,2,0,,,,,,
2026-10-05 07:11:31,7270.0,7312.0,14,309,0,0,0,0,0,0,,,,,,
2026-10-05 07:11:31,7275.0,7317.0,149,244,0,0,0,0,0,0,,,,,,
2026-10-05 07:11:31,7280.0,7322.0,117,272,0,0,0,0,0,0,,,,,,
2026-10-05 07:11:31,7285.0,7327.0,55,40,0,0,0,0,0,0,,,,,,
2026-10-05 07:11:31,7290.0,7332.0,198,1874,0,0,0,0,0,0,,,,,,
2026-10-05 07:11:31,7295.0,7337.0,38,86,0,0,0,0,0,0,,,,,,
2026-10-05 07:11:31,7300.0,7342.0,826,1801,1,1,0,0,2,0,,,,,,
2026-10-05 07:11:31,7305.0,7347.0,93,7,0,0,0,0,0,0,,,,,,
2026-10-05 07:11:31,7310.0,7352.0,102,213,0,0,0,0,0,0,,,,,,
2026-10-05 07:11:31,7315.0,7357.0,31,132,0,0,0,0,0,0,,,,,,
2026-10-05 07:11:31,7320.0,7362.0,49,42,0,0,0,0,0,0,,,,,,
2026-10-05 07:11:31,7325.0,7367.0,117,515,0,0,0,0,0,0,,,,,,
2026-10-05 07:11:31,7330.0,7372.0,30,255,0,0,0,0,0,0,,,,,,
2026-10-05 07:11:31,7335.0,7377.0,13,73,0,0,0,0,0,0,,,,,,
2026-10-05 07:11:31,7340.0,7382.0,19,238,0,0,0,0,0,0,,,,,,
2026-10-05 07:11:31,7345.0,7387.0,53,117,0,2,0,0,2,0,,,,,,
2026-10-05 07:11:31,7350.0,7392.0,308,386,0,0,0,0,0,0,,,,,,
2026-10-05 07:11:31,7355.0,7397.0,700,405,0,0,0,0,0,0,,,,,,
2026-10-05 07:11:31,7360.0,7402.0,33,72,0,2,0,0,2,0,,,,,,
2026-10-05 07:11:31,7365.0,7407.0,9,85,0,0,0,0,0,0,,,,,,
2026-10-05 07:11:31,7370.0,7412.0,37,192,0,0,0,0,0,0,,,,,,
2026-10-05 07:11:31,7375.0,7417.0,80,642,0,0,0,0,0,0,,,,,,
2026-10-05 07:11:31,7380.0,7422.0,19,75,0,0,0,0,0,0,,,,,,
2026-10-05 07:11:31,7385.0,7427.0,14,28,0,0,0,0,0,0,,,,,,
2026-10-05 07:11:31,7390.0,7432.0,12,358,0,8,0,0,8,0,,,,,,
2026-10-05 07:11:31,7395.0,7437.0,25,395,0,0,0,0,0,0,,,,,,
2026-10-05 07:11:31,7400.0,7442.0,1035,2760,1,0,0,0,1,0,,,,,,
2026-10-05 07:11:31,7405.0,7447.0,49,26,0,0,0,0,0,0,,,,,,
2026-10-05 07:11:31,7410.0,7452.0,66,114,0,2,0,0,2,0,,,,,,
2026-10-05 07:11:31,7415.0,7457.0,25,93,0,0,0,0,0,0,,,,,,
2026-10-05 07:11:31,7420.0,7462.0,39,48,0,0,0,0,0,0,,,,,,
2026-10-05 07:11:31,7425.0,7467.0,165,107,0,0,0,0,0,0,,,,,,
2026-10-05 07:11:31,7430.0,7472.0,38,62,0,0,0,0,0,0,,,,,,
2026-10-05 07:11:31,7435.0,7477.0,38,105,0,0,0,0,0,0,,,,,,
2026-10-05 07:11:31,7440.0,7482.0,16,530,0,4,0,0,4,0,,,,,,
2026-10-05 07:11:31,7445.0,7487.0,21,229,0,0,0,0,0,0,,,,,,
2026-10-05 07:11:31,7450.0,7492.0,2533,1690,0,2,0,0,2,0,,,,,,
2026-10-05 07:11:31,7455.0,7497.0,20,67,0,0,0,0,0,0,,,,,,
2026-10-05 07:11:31,7460.0,7502.0,2276,66,0,0,0,0,0,0,,,,,,
2026-10-05 07:11:31,7465.0,7507.0,17,27,0,0,0,0,0,0,,,,,,
2026-10-05 07:11:31,7470.0,7512.0,116,228,0,0,0,0,0,0,,,,,,
2026-10-05 07:11:31,7475.0,7517.0,323,154,0,0,0,0,0,0,,,,,,
2026-10-05 07:11:31,7480.0,7522.0,35,166,0,0,0,0,0,0,,,,,,
2026-10-05 07:11:31,7485.0,7527.0,32,45,0,0,0,0,0,0,,,,,,
2026-10-05 07:11:31,7490.0,7532.0,830,859,0,0,0,0,0,0,,,,,,
2026-10-05 07:11:31,7495.0,7537.0,15,74,0,0,0,0,0,0,,,,,,
2026-10-05 07:11:31,7500.0,7542.0,1220,4107,2,10,0,0,12,0,2,,2,,,
2026-10-05 07:11:31,7505.0,7547.0,34,53,0,0,0,0,0,0,,,,,,
2026-10-05 07:11:31,7510.0,7552.0,225,24,0,1,0,0,1,0,,,,,,
2026-10-05 07:11:31,7515.0,7557.0,42,153,0,0,0,0,0,0,,,,,,
2026-10-05 07:11:31,7520.0,7562.0,106,2115,0,10,0,0,10,0,4,,3,,,
2026-10-05 07:11:31,7525.0,7567.0,216,888,0,0,0,0,0,0,,,,,,
2026-10-05 07:11:31,7530.0,7572.0,55,113,0,0,0,0,0,0,,,,,,
2026-10-05 07:11:31,7535.0,7577.0,38,39,0,0,0,0,0,0,,,,,,
2026-10-05 07:11:31,7540.0,7582.0,39,71,0,0,0,0,0,0,,,,,,
2026-10-05 07:11:31,7545.0,7587.0,33,98,0,0,0,0,0,0,,,,,,
2026-10-05 07:11:31,7550.0,7592.0,459,2668,0,2,0,0,2,0,,,,,,
2026-10-05 07:11:31,7555.0,7597.0,24,107,0,0,0,0,0,0,,,,,,
2026-10-05 07:11:31,7560.0,7602.0,28,187,0,0,0,0,0,0,,,,,,
2026-10-05 07:11:31,7565.0,7607.0,15,23,0,0,0,0,0,0,,,,,,
2026-10-05 07:11:31,7570.0,7612.0,40,97,0,0,0,0,0,0,,,,,,
2026-10-05 07:11:31,7575.0,7617.0,210,175,0,0,0,0,0,0,,,,,,
2026-10-05 07:11:31,7580.0,7622.0,48,64,0,0,0,0,0,0,,,,,,
2026-10-05 07:11:31,7585.0,7627.0,17,16,0,0,0,0,0,0,,,,,,
2026-10-05 07:11:31,7590.0,7632.0,162,45,0,0,0,0,0,0,,,,,,
2026-10-05 07:11:31,7595.0,7637.0,8,73,0,0,0,0,0,0,,,,,,
2026-10-05 07:11:31,7600.0,7642.0,6330,2218,0,9,0,0,9,0,,,4,,,
2026-10-05 07:11:31,7605.0,7647.0,11,46,0,0,0,0,0,0,,,,,,
2026-10-05 07:11:31,7610.0,7652.0,42,136,0,0,0,0,0,0,,,,,,
2026-10-05 07:11:31,7615.0,7657.0,2,76,0,0,0,0,0,0,,,,,,
2026-10-05 07:11:31,7620.0,7662.0,44,39,0,0,0,0,0,0,,,,,,
2026-10-05 07:11:31,7625.0,7667.0,122,92,0,0,0,0,0,0,,,,,,
2026-10-05 07:11:31,7630.0,7672.0,71,114,0,0,0,0,0,0,,,,,,
2026-10-05 07:11:31,7635.0,7677.0,17,383,0,0,0,0,0,0,,,,,,
2026-10-05 07:11:31,7640.0,7682.0,195,244,0,0,0,0,0,0,,,,,,
2026-10-05 07:11:31,7645.0,7687.0,23,49,0,0,0,0,0,0,,,,,,
2026-10-05 07:11:31,7650.0,7692.0,661,898,1,11,0,0,12,0,3,,1,,,
2026-10-05 07:11:31,7655.0,7697.0,33,38,0,0,0,0,0,0,,,,,,
2026-10-05 07:11:31,7660.0,7702.0,36,86,0,0,0,0,0,0,,,,,,
2026-10-05 07:11:31,7665.0,7707.0,34,30,0,0,0,0,0,0,,,,,,
2026-10-05 07:11:31,7670.0,7712.0,94,86,0,9,0,0,9,0,,,5,,,
2026-10-05 07:11:31,7675.0,7717.0,67,136,0,0,0,0,0,0,,,,,,
2026-10-05 07:11:31,7680.0,7722.0,145,58,0,0,0,0,0,0,,,,,,
2026-10-05 07:11:31,7685.0,7727.0,21,134,0,0,0,0,0,0,,,,,,
2026-10-05 07:11:31,7690.0,7732.0,246,65,0,2,0,0,2,0,,,,,,
2026-10-05 07:11:31,7695.0,7737.0,39,31,0,0,0,0,0,0,,,,,,
2026-10-05 07:11:31,7700.0,7742.0,3124,1957,4,4,0,0,8,0,,5,,,,
2026-10-05 07:11:31,7705.0,7747.0,49,58,0,0,0,0,0,0,,,,,,
2026-10-05 07:11:31,7710.0,7752.0,178,36,0,0,0,0,0,0,,,,,,
2026-10-05 07:11:31,7715.0,7757.0,27,23,0,0,0,0,0,0,,,,,,
2026-10-05 07:11:31,7720.0,7762.0,68,123,1,0,0,0,1,0,,,,,,
2026-10-05 07:11:31,7725.0,7767.0,343,357,2,2,0,0,4,0,,,,,,
2026-10-05 07:11:31,7730.0,7772.0,2878,77,0,1,0,0,1,0,,,,,,
2026-10-05 07:11:31,7735.0,7777.0,23,24,0,1,0,0,1,0,,,,,,
2026-10-05 07:11:31,7740.0,7782.0,169,51,0,0,0,0,0,0,,,,,,
2026-10-05 07:11:31,7745.0,7787.0,9,9,0,0,0,0,0,0,,,,,,
2026-10-05 07:11:31,7750.0,7792.0,832,2275,1,2,0,0,3,0,,,,,,
2026-10-05 07:11:31,7755.0,7797.0,30,29,0,0,0,0,0,0,,,,,,
2026-10-05 07:11:31,7760.0,7802.0,82,60,0,0,0,0,0,0,,,,,,
2026-10-05 07:11:31,7765.0,7807.0,29,39,0,0,0,0,0,0,,,,,,
2026-10-05 07:11:31,7770.0,7812.0,200,188,1,0,0,0,1,0,,,,,,
2026-10-05 07:11:31,7775.0,7817.0,387,376,0,0,0,0,0,0,,,,,,
2026-10-05 07:11:31,7780.0,7822.0,153,73,2,0,0,0,2,0,,,,,,
2026-10-05 07:11:31,7785.0,7827.0,19,2,0,0,0,0,0,0,,,,,,
2026-10-05 07:11:31,7790.0,7832.0,111,50,0,0,0,0,0,0,,,,,,
2026-10-05 07:11:31,7795.0,7837.0,40,45,0,0,0,0,0,0,,,,,,
2026-10-05 07:11:31,7800.0,7842.0,3361,2304,2,1,0,0,3,0,,,,,,
2026-10-05 07:11:31,7805.0,7847.0,33,18,0,0,0,0,0,0,,,,,,
2026-10-05 07:11:31,7810.0,7852.0,150,19,0,0,0,0,0,0,,,,,,
2026-10-05 07:11:31,7815.0,7857.0,2,6,0,0,0,0,0,0,,,,,,
2026-10-05 07:11:31,7820.0,7862.0,120,38,0,0,0,0,0,0,,,,,,
2026-10-05 07:11:31,7825.0,7867.0,203,117,0,0,0,0,0,0,,,,,,
2026-10-05 07:11:31,7830.0,7872.0,83,35,0,0,0,0,0,0,,,,,,
2026-10-05 07:11:31,7835.0,7877.0,63,164,0,0,0,0,0,0,,,,,,
2026-10-05 07:11:31,7840.0,7882.0,169,15,0,0,0,0,0,0,,,,,,
2026-10-05 07:11:31,7845.0,7887.0,42,38,0,0,0,0,0,0,,,,,,
2026-10-05 07:11:31,7850.0,7892.0,928,148,1,0,0,0,1,0,,,,,,
2026-10-05 07:11:31,7855.0,7897.0,27,14,0,2,0,0,2,0,,,,,,
2026-10-05 07:11:31,7860.0,7902.0,61,38,0,0,0,0,0,0,,,,,,
2026-10-05 07:11:31,7865.0,7907.0,29,14,0,0,0,0,0,0,,,,,,
2026-10-05 07:11:31,7870.0,7912.0,117,30,0,0,0,0,0,0,,,,,,
2026-10-05 07:11:31,7875.0,7917.0,152,128,0,0,0,0,0,0,,,,,,
2026-10-05 07:11:31,7880.0,7922.0,53,91,0,0,0,0,0,0,,,,,,
2026-10-05 07:11:31,7885.0,7927.0,8,26,1,1,0,0,2,0,,,,,,
2026-10-05 07:11:31,7890.0,7932.0,86,40,0,0,0,0,0,0,,,,,,
2026-10-05 07:11:31,7895.0,7937.0,36,14,0,0,0,0,0,0,,,,,,
2026-10-05 07:11:31,7900.0,7942.0,1992,536,0,0,0,0,0,0,,,,,,
2026-10-05 07:11:31,7905.0,7947.0,57,3,0,0,0,0,0,0,,,,,,
2026-10-05 07:11:31,7910.0,7952.0,130,18,0,0,0,0,0,0,,,,,,
2026-10-05 07:11:31,7915.0,7957.0,21,19,0,0,0,0,0,0,,,,,,
2026-10-05 07:11:31,7920.0,7962.0,135,43,0,0,0,0,0,0,,,,,,
2026-10-05 07:11:31,7925.0,7967.0,49,247,0,0,0,0,0,0,,,,,,
2026-10-05 07:11:31,7930.0,7972.0,68,38,0,0,0,0,0,0,,,,,,
2026-10-05 07:11:31,7935.0,7977.0,82,8,0,0,0,0,0,0,,,,,,
2026-10-05 07:11:31,7940.0,7982.0,138,30,0,0,0,0,0,0,,,,,,
2026-10-05 07:11:31,7945.0,7987.0,1,33,0,0,0,0,0,0,,,,,,
2026-10-05 07:11:31,7950.0,7992.0,3640,693,0,0,0,0,0,0,,,,,,
2026-10-05 07:11:31,7955.0,7997.0,27,12,0,0,0,0,0,0,,,,,,
2026-10-05 07:11:31,7960.0,8002.0,29,39,0,0,0,0,0,0,,,,,,
2026-10-05 07:11:31,7965.0,8007.0,1,0,0,0,0,0,0,0,,,,,,
2026-10-05 07:11:31,7970.0,8012.0,195,34,0,0,0,0,0,0,,,,,,
2026-10-05 07:11:31,7975.0,8017.0,104,898,0,0,0,0,0,0,,,,,,
2026-10-05 07:11:31,7980.0,8022.0,8213,53,0,0,0,0,0,0,,,,,,
2026-10-05 07:11:31,7985.0,8027.0,328,21,0,0,0,0,0,0,,,,,,
2026-10-05 07:11:31,7990.0,8032.0,8651,163,0,0,0,0,0,0,,,,,,
2026-10-05 07:11:31,7995.0,8037.0,125,23,0,0,0,0,0,0,,,,,,
2026-10-05 07:11:31,8000.0,8042.0,16320,3775,5,2,0,0,7,0,,3,,,,
2026-10-05 07:11:31,8005.0,8047.0,136,38,0,0,0,0,0,0,,,,,,
2026-10-05 07:11:31,8010.0,8052.0,11256,70,0,0,0,0,0,0,,,,,,
2026-10-05 07:11:31,8015.0,8057.0,198,43,0,0,0,0,0,0,,,,,,
2026-10-05 07:11:31,8020.0,8062.0,10292,46,0,0,0,0,0,0,,,,,,
2026-10-05 07:11:31,8025.0,8067.0,955,254,0,0,0,0,0,0,,,,,,
2026-10-05 07:11:31,8030.0,8072.0,11753,91,0,0,0,0,0,0,,,,,,
2026-10-05 07:11:31,8035.0,8077.0,65,17,0,0,0,0,0,0,,,,,,
2026-10-05 07:11:31,8040.0,8082.0,42573,94,0,0,0,0,0,0,,,,,,
2026-10-05 07:11:31,8045.0,8087.0,105,31,0,0,0,0,0,0,,,,,,
2026-10-05 07:11:31,8050.0,8092.0,32700,570,0,0,0,0,0,0,,,,,,
2026-10-05 07:11:31,8055.0,8097.0,92,43,0,0,0,0,0,0,,,,,,
2026-10-05 07:11:31,8060.0,8102.0,16727,50,18,0,0,0,18,0,1,1,,,,
2026-10-05 07:11:31,8065.0,8107.0,71,24,0,0,0,0,0,0,,,,,,
2026-10-05 07:11:31,8070.0,8112.0,28919,102,10,0,0,0,10,0,5,2,,,,
2026-10-05 07:11:31,8075.0,8117.0,233,296,0,5,0,0,5,0,,,,,,
2026-10-05 07:11:31,8080.0,8122.0,12945,66,1,0,0,0,1,0,,,,,,
2026-10-05 07:11:31,8085.0,8127.0,35,12,0,0,0,0,0,0,,,,,,
2026-10-05 07:11:31,8090.0,8132.0,17947,86,0,0,0,0,0,0,,,,,,
2026-10-05 07:11:31,8095.0,8137.0,101,9,0,0,0,0,0,0,,,,,,
2026-10-05 07:11:31,8100.0,8142.0,42110,286,2,0,0,0,2,0,,,,,,
2026-10-05 07:11:31,8105.0,8147.0,1661,9,1,0,0,0,1,0,,,,,,
2026-10-05 07:11:31,8110.0,8152.0,16086,73,0,0,0,0,0,0,,,,,,
2026-10-05 07:11:31,8115.0,8157.0,634,1,0,0,0,0,0,0,,,,,,
2026-10-05 07:11:31,8120.0,8162.0,23560,195,0,0,0,0,0,0,,,,,,
2026-10-05 07:11:31,8125.0,8167.0,438,364,0,0,0,0,0,0,,,,,,
2026-10-05 07:11:31,8130.0,8172.0,28184,215,1,0,0,0,1,0,,,,,,
2026-10-05 07:11:31,8135.0,8177.0,33,4,1,0,0,0,1,0,,,,,,
2026-10-05 07:11:31,8140.0,8182.0,43087,49,0,0,0,0,0,0,,,,,,
2026-10-05 07:11:31,8145.0,8187.0,2,5,0,0,0,0,0,0,,,,,,
2026-10-05 07:11:31,8150.0,8192.0,63463,218,1,0,0,0,1,0,,,,,,
2026-10-05 07:11:31,8155.0,8197.0,7,0,0,0,0,0,0,0,,,,,,
2026-10-05 07:11:31,8160.0,8202.0,47201,65,0,0,0,0,0,0,,,,,,
2026-10-05 07:11:31,8165.0,8207.0,21,0,0,0,0,0,0,0,,,,,,
2026-10-05 07:11:31,8170.0,8212.0,27087,9,0,0,0,0,0,0,,,,,,
2026-10-05 07:11:31,8175.0,8217.0,387,159,0,0,0,0,0,0,,,,,,
2026-10-05 07:11:31,8180.0,8222.0,49287,9,0,0,0,0,0,0,,,,,,
2026-10-05 07:11:31,8185.0,8227.0,5,0,0,0,0,0,0,0,,,,,,
2026-10-05 07:11:31,8190.0,8232.0,37508,12,0,0,0,0,0,0,,,,,,
2026-10-05 07:11:31,8195.0,8237.0,2,0,0,0,0,0,0,0,,,,,,
2026-10-05 07:11:31,8200.0,8242.0,21545,183,3,3,0,0,6,0,,,,,,
2026-10-05 07:11:31,8205.0,8247.0,4,0,1,0,0,0,1,0,,,,,,
2026-10-05 07:11:31,8210.0,8252.0,15246,7,0,0,0,0,0,0,,,,,,
2026-10-05 07:11:31,8215.0,8257.0,29,2,0,0,0,0,0,0,,,,,,
2026-10-05 07:11:31,8220.0,8262.0,329,6,0,0,0,0,0,0,,,,,,
2026-10-05 07:11:31,8225.0,8267.0,560,107,0,0,0,0,0,0,,,,,,
2026-10-05 07:11:31,8230.0,8272.0,45,14,0,0,0,0,0,0,,,,,,
2026-10-05 07:11:31,8235.0,8277.0,3,0,1,0,0,0,1,0,,,,,,
2026-10-05 07:11:31,8240.0,8282.0,164,29,0,0,0,0,0,0,,,,,,
2026-10-05 07:11:31,8245.0,8287.0,20,0,0,0,0,0,0,0,,,,,,
2026-10-05 07:11:31,8250.0,8292.0,289,96,0,0,0,0,0,0,,,,,,
2026-10-05 07:11:31,8255.0,8297.0,20,0,0,0,0,0,0,0,,,,,,
2026-10-05 07:11:31,8260.0,8302.0,60,13,0,0,0,0,0,0,,,,,,
2026-10-05 07:11:31,8265.0,8307.0,0,0,0,0,0,0,0,0,,,,,,
2026-10-05 07:11:31,8270.0,8312.0,721,1,0,0,0,0,0,0,,,,,,
2026-10-05 07:11:31,8275.0,8317.0,72,84,0,0,0,0,0,0,,,,,,
2026-10-05 07:11:31,8280.0,8322.0,153,17,0,0,0,0,0,0,,,,,,
2026-10-05 07:11:31,8285.0,8327.0,1100,0,0,0,0,0,0,0,,,,,,
2026-10-05 07:11:31,8290.0,8332.0,150,3,0,0,0,0,0,0,,,,,,
2026-10-05 07:11:31,8295.0,8337.0,17,0,0,0,0,0,0,0,,,,,,
2026-10-05 07:11:31,8300.0,8342.0,963,109,1,0,0,0,1,0,,,,,,
2026-10-05 07:11:31,8305.0,8347.0,22,0,0,0,0,0,0,0,,,,,,
2026-10-05 07:11:31,8310.0,8352.0,30,0,0,0,0,0,0,0,,,,,,
2026-10-05 07:11:31,8315.0,8357.0,19,0,0,0,0,0,0,0,,,,,,
2026-10-05 07:11:31,8320.0,8362.0,8,0,0,0,0,0,0,0,,,,,,
2026-10-05 07:11:31,8325.0,8367.0,291,34,0,0,0,0,0,0,,,,,,
2026-10-05 07:11:31,8330.0,8372.0,18,0,0,0,0,0,0,0,,,,,,
2026-10-05 07:11:31,8335.0,8377.0,27,0,0,0,0,0,0,0,,,,,,
2026-10-05 07:11:31,8340.0,8382.0,6,0,0,0,0,0,0,0,,,,,,
2026-10-05 07:11:31,8345.0,8387.0,0,0,0,0,0,0,0,0,,,,,,
2026-10-05 07:11:31,8350.0,8392.0,250,72,0,0,0,0,0,0,,,,,,
2026-10-05 07:11:31,8355.0,8397.0,0,0,0,0,0,0,0,0,,,,,,
2026-10-05 07:11:31,8360.0,8402.0,28,0,0,0,0,0,0,0,,,,,,
2026-10-05 07:11:31,8365.0,8407.0,0,0,0,0,0,0,0,0,,,,,,
2026-10-05 07:11:31,8370.0,8412.0,26,0,0,0,0,0,0,0,,,,,,
2026-10-05 07:11:31,8375.0,8417.0,89,90,5,0,0,0,5,0,,4,,,,
2026-10-05 07:11:31,8380.0,8422.0,5,0,0,0,0,0,0,0,,,,,,
2026-10-05 07:11:31,8390.0,8432.0,0,1,0,0,0,0,0,0,,,,,,
2026-10-05 07:11:31,8400.0,8442.0,2009,134,0,0,0,0,0,0,,,,,,
2026-10-05 07:11:31,8410.0,8452.0,9,0,0,0,0,0,0,0,,,,,,
2026-10-05 07:11:31,8420.0,8462.0,0,0,0,0,0,0,0,0,,,,,,
2026-10-05 07:11:31,8425.0,8467.0,102,0,0,0,0,0,0,0,,,,,,
2026-10-05 07:11:31,8430.0,8472.0,0,0,0,0,0,0,0,0,,,,,,
2026-10-05 07:11:31,8440.0,8482.0,35,0,0,0,0,0,0,0,,,,,,
2026-10-05 07:11:31,8450.0,8492.0,147,0,2,0,0,0,2,0,,,,,,
2026-10-05 07:11:31,8460.0,8502.0,6,0,0,0,0,0,0,0,,,,,,
2026-10-05 07:11:31,8470.0,8512.0,37,0,0,0,0,0,0,0,,,,,,
2026-10-05 07:11:31,8475.0,8517.0,94,2,0,0,0,0,0,0,,,,,,
2026-10-05 07:11:31,8480.0,8522.0,6,0,0,0,0,0,0,0,,,,,,
2026-10-05 07:11:31,8490.0,8532.0,1,0,0,0,0,0,0,0,,,,,,
2026-10-05 07:11:31,8500.0,8542.0,2722,8,0,0,0,0,0,0,,,,,,
2026-10-05 07:11:31,8510.0,8552.0,7,0,0,0,0,0,0,0,,,,,,
2026-10-05 07:11:31,8520.0,8562.0,0,0,0,0,0,0,0,0,,,,,,
2026-10-05 07:11:31,8525.0,8567.0,258,0,0,0,0,0,0,0,,,,,,
2026-10-05 07:11:31,8530.0,8572.0,8,0,0,0,0,0,0,0,,,,,,
2026-10-05 07:11:31,8540.0,8582.0,0,0,0,0,0,0,0,0,,,,,,
2026-10-05 07:11:31,8550.0,8592.0,111,5,0,0,0,0,0,0,,,,,,
2026-10-05 07:11:31,8560.0,8602.0,11,0,0,0,0,0,0,0,,,,,,
2026-10-05 07:11:31,8570.0,8612.0,5,0,0,0,0,0,0,0,,,,,,
2026-10-05 07:11:31,8575.0,8617.0,59,0,0,0,0,0,0,0,,,,,,
2026-10-05 07:11:31,8580.0,8622.0,6,0,0,0,0,0,0,0,,,,,,
2026-10-05 07:11:31,8590.0,8632.0,25,0,0,0,0,0,0,0,,,,,,
2026-10-05 07:11:31,8600.0,8642.0,1070,12,1,0,0,0,1,0,,,,,,
2026-10-05 07:11:31,8610.0,8652.0,9,0,0,0,0,0,0,0,,,,,,
2026-10-05 07:11:31,8620.0,8662.0,1,0,0,0,0,0,0,0,,,,,,
2026-10-05 07:11:31,8625.0,8667.0,30,0,4,0,0,0,4,0,,,,,,
2026-10-05 07:11:31,8630.0,8672.0,0,0,0,0,0,0,0,0,,,,,,
2026-10-05 07:11:31,8640.0,8682.0,4,0,0,0,0,0,0,0,,,,,,
2026-10-05 07:11:31,8650.0,8692.0,738,0,0,0,0,0,0,0,,,,,,
2026-10-05 07:11:31,8660.0,8702.0,5,0,0,0,0,0,0,0,,,,,,
2026-10-05 07:11:31,8670.0,8712.0,44,0,0,0,0,0,0,0,,,,,,
2026-10-05 07:11:31,8675.0,8717.0,31,0,0,0,0,0,0,0,,,,,,
2026-10-05 07:11:31,8680.0,8722.0,0,0,0,0,0,0,0,0,,,,,,
2026-10-05 07:11:31,8690.0,8732.0,5,0,0,0,0,0,0,0,,,,,,
2026-10-05 07:11:31,8700.0,8742.0,324,6,0,0,0,0,0,0,,,,,,
2026-10-05 07:11:31,8710.0,8752.0,0,0,0,0,0,0,0,0,,,,,,
2026-10-05 07:11:31,8720.0,8762.0,0,0,0,0,0,0,0,0,,,,,,
2026-10-05 07:11:31,8725.0,8767.0,0,0,0,0,0,0,0,0,,,,,,
2026-10-05 07:11:31,8730.0,8772.0,2,0,0,0,0,0,0,0,,,,,,
2026-10-05 07:11:31,8740.0,8782.0,0,0,0,0,0,0,0,0,,,,,,
2026-10-05 07:11:31,8750.0,8792.0,23,0,0,0,0,0,0,0,,,,,,
2026-10-05 07:11:31,8760.0,8802.0,0,0,0,0,0,0,0,0,,,,,,
2026-10-05 07:11:31,8775.0,8817.0,0,0,0,0,0,0,0,0,,,,,,
2026-10-05 07:11:31,8800.0,8842.0,2315,23,0,0,0,0,0,0,,,,,,
2026-10-05 07:11:31,8825.0,8867.0,0,0,0,0,0,0,0,0,,,,,,
2026-10-05 07:11:31,8850.0,8892.0,70,0,0,0,0,0,0,0,,,,,,
2026-10-05 07:11:31,8900.0,8942.0,272,0,0,0,0,0,0,0,,,,,,
2026-10-05 07:11:31,9000.0,9042.0,2971,2,0,0,0,0,0,0,,,,,,
2026-10-05 07:11:31,9100.0,9142.0,265,2,0,0,0,0,0,0,,,,,,
2026-10-05 07:11:31,9200.0,9242.0,213,0,0,0,0,0,0,0,,,,,,
