timestamp,strikePrice,Theo ES,call_oi_sum,put_oi_sum,call_vol_sum,put_vol_sum,adj_call_vol,adj_put_vol,total_vol_sum,adj_sum,TV_Rank,Call_TV_Rank,Put_TV_Rank,Adj_Rank,Call_Adj_Rank,Put_Adj_Rank
2026-10-06 12:58:36,6320.0,6374.5,8,526,0,0,0,0,0,0,,,,,,
2026-10-06 12:58:36,6325.0,6379.5,20,1028,0,0,0,0,0,0,,,,,,
2026-10-06 12:58:36,6325.0,6379.5,17,3164,0,1,0,0,1,0,,,,,,
2026-10-06 12:58:36,6330.0,6384.5,0,681,0,0,0,0,0,0,,,,,,
2026-10-06 12:58:36,6340.0,6394.5,20,573,0,0,0,0,0,0,,,,,,
2026-10-06 12:58:36,6350.0,6404.5,1,3438,0,0,0,0,0,0,,,,,,
2026-10-06 12:58:36,6350.0,6404.5,127,32961,0,153,0,0,153,0,,,,,,
2026-10-06 12:58:36,6360.0,6414.5,8,977,0,0,0,0,0,0,,,,,,
2026-10-06 12:58:36,6370.0,6424.5,25,460,0,1,0,0,1,0,,,,,,
2026-10-06 12:58:36,6375.0,6429.5,0,4299,0,0,0,0,0,0,,,,,,
2026-10-06 12:58:36,6375.0,6429.5,192,3221,0,40,0,0,40,0,,,,,,
2026-10-06 12:58:36,6380.0,6434.5,1,261,0,0,0,0,0,0,,,,,,
2026-10-06 12:58:36,6390.0,6444.5,8,375,0,0,0,0,0,0,,,,,,
2026-10-06 12:58:36,6400.0,6454.5,0,2147,0,0,0,0,0,0,,,,,,
2026-10-06 12:58:36,6400.0,6454.5,0,4173,0,0,0,0,0,0,,,,,,
2026-10-06 12:58:36,6400.0,6454.5,0,7952,0,24,0,0,24,0,,,,,,
2026-10-06 12:58:36,6400.0,6454.5,0,11312,0,10,0,0,10,0,,,,,,
2026-10-06 12:58:36,6400.0,6454.5,0,1381,0,194,0,0,194,0,,,,,,
2026-10-06 12:58:36,6400.0,6454.5,0,359,0,259,0,0,259,0,,,,,,
2026-10-06 12:58:36,6400.0,6454.5,0,621,0,88,0,0,88,0,,,,,,
2026-10-06 12:58:36,6400.0,6454.5,0,3334,0,1,0,0,1,0,,,,,,
2026-10-06 12:58:36,6400.0,6454.5,715,16454,0,35,0,0,35,0,,,,,,
2026-10-06 12:58:36,6410.0,6464.5,11,5460,0,4,0,0,4,0,,,,,,
2026-10-06 12:58:36,6420.0,6474.5,1,1199,0,0,0,0,0,0,,,,,,
2026-10-06 12:58:36,6425.0,6479.5,0,153,0,0,0,0,0,0,,,,,,
2026-10-06 12:58:36,6425.0,6479.5,66,2258,0,0,0,0,0,0,,,,,,
2026-10-06 12:58:36,6430.0,6484.5,5,919,0,0,0,0,0,0,,,,,,
2026-10-06 12:58:36,6440.0,6494.5,3,759,0,27,0,0,27,0,,,,,,
2026-10-06 12:58:36,6450.0,6504.5,3,1995,2,5,0,0,7,0,,,,,,
2026-10-06 12:58:36,6450.0,6504.5,97,9205,0,283,0,0,283,0,,,,,,
2026-10-06 12:58:36,6460.0,6514.5,2,839,0,1,0,0,1,0,,,,,,
2026-10-06 12:58:36,6470.0,6524.5,1,527,0,0,0,0,0,0,,,,,,
2026-10-06 12:58:36,6475.0,6529.5,0,246,0,10,0,0,10,0,,,,,,
2026-10-06 12:58:36,6475.0,6529.5,568,1862,0,1,0,0,1,0,,,,,,
2026-10-06 12:58:36,6480.0,6534.5,2,350,0,0,0,0,0,0,,,,,,
2026-10-06 12:58:36,6490.0,6544.5,2,443,0,8,0,0,8,0,,,,,,
2026-10-06 12:58:36,6500.0,6554.5,2,696,0,0,0,0,0,0,,,,,,
2026-10-06 12:58:36,6500.0,6554.5,0,341,0,0,0,0,0,0,,,,,,
2026-10-06 12:58:36,6500.0,6554.5,0,409,0,132,0,0,132,0,,,,,,
2026-10-06 12:58:36,6500.0,6554.5,2,1528,2,83,0,0,85,0,,,,,,
2026-10-06 12:58:36,6500.0,6554.5,1,2209,0,233,0,0,233,0,,,,,,
2026-10-06 12:58:36,6500.0,6554.5,0,232,0,237,0,5,237,5,,,,,,
2026-10-06 12:58:36,6500.0,6554.5,0,440,0,64,0,0,64,0,,,,,,
2026-10-06 12:58:36,6500.0,6554.5,1,312,0,18,0,0,18,0,,,,,,
2026-10-06 12:58:36,6500.0,6554.5,834,23774,1,262,0,0,263,0,,,,,,
2026-10-06 12:58:36,6510.0,6564.5,6,576,0,0,0,0,0,0,,,,,,
2026-10-06 12:58:36,6520.0,6574.5,2,1163,0,0,0,0,0,0,,,,,,
2026-10-06 12:58:36,6525.0,6579.5,0,119,0,0,0,0,0,0,,,,,,
2026-10-06 12:58:36,6525.0,6579.5,0,409,0,0,0,0,0,0,,,,,,
2026-10-06 12:58:36,6525.0,6579.5,0,893,0,1,0,0,1,0,,,,,,
2026-10-06 12:58:36,6525.0,6579.5,0,217,0,0,0,0,0,0,,,,,,
2026-10-06 12:58:36,6525.0,6579.5,0,93,0,0,0,0,0,0,,,,,,
2026-10-06 12:58:36,6525.0,6579.5,0,48,0,30,0,0,30,0,,,,,,
2026-10-06 12:58:36,6525.0,6579.5,0,32,1,0,1,0,1,1,,,,,,
2026-10-06 12:58:36,6525.0,6579.5,0,7,0,0,0,0,0,0,,,,,,
2026-10-06 12:58:36,6525.0,6579.5,141,960,0,51,0,0,51,0,,,,,,
2026-10-06 12:58:36,6530.0,6584.5,2,585,0,0,0,0,0,0,,,,,,
2026-10-06 12:58:36,6540.0,6594.5,3,481,0,0,0,0,0,0,,,,,,
2026-10-06 12:58:36,6550.0,6604.5,0,17,0,0,0,0,0,0,,,,,,
2026-10-06 12:58:36,6550.0,6604.5,0,267,0,0,0,0,0,0,,,,,,
2026-10-06 12:58:36,6550.0,6604.5,0,898,0,26,0,0,26,0,,,,,,
2026-10-06 12:58:36,6550.0,6604.5,52,483,0,1,0,0,1,0,,,,,,
2026-10-06 12:58:36,6550.0,6604.5,0,483,0,0,0,0,0,0,,,,,,
2026-10-06 12:58:36,6550.0,6604.5,0,2,0,8,0,6,8,6,,,,,,
2026-10-06 12:58:36,6550.0,6604.5,0,11,0,0,0,0,0,0,,,,,,
2026-10-06 12:58:36,6550.0,6604.5,0,4,0,1,0,0,1,0,,,,,,
2026-10-06 12:58:36,6550.0,6604.5,1072,5131,3,32,0,0,35,0,,,,,,
2026-10-06 12:58:36,6560.0,6614.5,9,788,0,1,0,0,1,0,,,,,,
2026-10-06 12:58:36,6570.0,6624.5,1,1793,0,2,0,0,2,0,,,,,,
2026-10-06 12:58:36,6575.0,6629.5,0,53,0,0,0,0,0,0,,,,,,
2026-10-06 12:58:36,6575.0,6629.5,0,1347,0,0,0,0,0,0,,,,,,
2026-10-06 12:58:36,6575.0,6629.5,1,117,0,1,0,0,1,0,,,,,,
2026-10-06 12:58:36,6575.0,6629.5,1,226,0,1,0,0,1,0,,,,,,
2026-10-06 12:58:36,6575.0,6629.5,0,25,0,0,0,0,0,0,,,,,,
2026-10-06 12:58:36,6575.0,6629.5,0,2,0,1,0,0,1,0,,,,,,
2026-10-06 12:58:36,6575.0,6629.5,0,22,0,1,0,0,1,0,,,,,,
2026-10-06 12:58:36,6575.0,6629.5,0,3,0,25,0,22,25,22,,,,,,
2026-10-06 12:58:36,6575.0,6629.5,269,2236,0,2,0,0,2,0,,,,,,
2026-10-06 12:58:36,6580.0,6634.5,3,956,0,10,0,0,10,0,,,,,,
2026-10-06 12:58:36,6590.0,6644.5,2,1154,1,0,0,0,1,0,,,,,,
2026-10-06 12:58:36,6600.0,6654.5,0,310,0,0,0,0,0,0,,,,,,
2026-10-06 12:58:36,6600.0,6654.5,1,139,1,0,0,0,1,0,,,,,,
2026-10-06 12:58:36,6600.0,6654.5,0,838,1,221,1,0,222,1,,,,,,
2026-10-06 12:58:36,6600.0,6654.5,1,2401,0,76,0,0,76,0,,,,,,
2026-10-06 12:58:36,6600.0,6654.5,0,6231,0,170,0,0,170,0,,,,,,
2026-10-06 12:58:36,6600.0,6654.5,0,28,0,122,0,94,122,94,,,,,,
2026-10-06 12:58:36,6600.0,6654.5,0,118,2,7,2,0,9,2,,,,,,
2026-10-06 12:58:36,6600.0,6654.5,3,712,0,33,0,0,33,0,,,,,,
2026-10-06 12:58:36,6600.0,6654.5,4786,31767,0,65,0,0,65,0,,,,,,
2026-10-06 12:58:36,6610.0,6664.5,4,452,0,0,0,0,0,0,,,,,,
2026-10-06 12:58:36,6620.0,6674.5,3,809,0,1,0,0,1,0,,,,,,
2026-10-06 12:58:36,6625.0,6679.5,0,243,0,0,0,0,0,0,,,,,,
2026-10-06 12:58:36,6625.0,6679.5,1,23,0,0,0,0,0,0,,,,,,
2026-10-06 12:58:36,6625.0,6679.5,0,218,0,4,0,0,4,0,,,,,,
2026-10-06 12:58:36,6625.0,6679.5,0,214,0,10,0,0,10,0,,,,,,
2026-10-06 12:58:36,6625.0,6679.5,0,50,0,1,0,0,1,0,,,,,,
2026-10-06 12:58:36,6625.0,6679.5,0,353,0,45,0,0,45,0,,,,,,
2026-10-06 12:58:36,6625.0,6679.5,0,99,0,0,0,0,0,0,,,,,,
2026-10-06 12:58:36,6625.0,6679.5,0,1,0,1,0,0,1,0,,,,,,
2026-10-06 12:58:36,6625.0,6679.5,741,3737,0,0,0,0,0,0,,,,,,
2026-10-06 12:58:36,6630.0,6684.5,354,522,0,10,0,0,10,0,,,,,,
2026-10-06 12:58:36,6640.0,6694.5,2,591,0,0,0,0,0,0,,,,,,
2026-10-06 12:58:36,6650.0,6704.5,2,117,2,25,0,0,27,0,,,,,,
2026-10-06 12:58:36,6650.0,6704.5,0,256,0,0,0,0,0,0,,,,,,
2026-10-06 12:58:36,6650.0,6704.5,0,74,0,1,0,0,1,0,,,,,,
2026-10-06 12:58:36,6650.0,6704.5,0,984,0,20,0,0,20,0,,,,,,
2026-10-06 12:58:36,6650.0,6704.5,0,192,0,1,0,0,1,0,,,,,,
2026-10-06 12:58:36,6650.0,6704.5,0,47,0,46,0,0,46,0,,,,,,
2026-10-06 12:58:36,6650.0,6704.5,0,480,0,0,0,0,0,0,,,,,,
2026-10-06 12:58:36,6650.0,6704.5,0,205,0,0,0,0,0,0,,,,,,
2026-10-06 12:58:36,6650.0,6704.5,4047,17955,0,5,0,0,5,0,,,,,,
2026-10-06 12:58:36,6660.0,6714.5,5,554,0,0,0,0,0,0,,,,,,
2026-10-06 12:58:36,6670.0,6724.5,392,565,0,21,0,0,21,0,,,,,,
2026-10-06 12:58:36,6675.0,6729.5,0,825,0,6,0,0,6,0,,,,,,
2026-10-06 12:58:36,6675.0,6729.5,0,312,0,0,0,0,0,0,,,,,,
2026-10-06 12:58:36,6675.0,6729.5,0,29,0,0,0,0,0,0,,,,,,
2026-10-06 12:58:36,6675.0,6729.5,2,908,0,0,0,0,0,0,,,,,,
2026-10-06 12:58:36,6675.0,6729.5,0,96,0,1,0,0,1,0,,,,,,
2026-10-06 12:58:36,6675.0,6729.5,23,39,0,9,0,0,9,0,,,,,,
2026-10-06 12:58:36,6675.0,6729.5,0,55,0,31,0,0,31,0,,,,,,
2026-10-06 12:58:36,6675.0,6729.5,0,638,0,11,0,0,11,0,,,,,,
2026-10-06 12:58:36,6675.0,6729.5,1846,2112,0,12,0,0,12,0,,,,,,
2026-10-06 12:58:36,6680.0,6734.5,0,488,0,0,0,0,0,0,,,,,,
2026-10-06 12:58:36,6690.0,6744.5,10,589,0,0,0,0,0,0,,,,,,
2026-10-06 12:58:36,6700.0,6754.5,0,461,0,0,0,0,0,0,,,,,,
2026-10-06 12:58:36,6700.0,6754.5,0,5251,0,8,0,0,8,0,,,,,,
2026-10-06 12:58:36,6700.0,6754.5,1,830,0,7,0,0,7,0,,,,,,
2026-10-06 12:58:36,6700.0,6754.5,4,2613,0,233,0,0,233,0,,,,,,
2026-10-06 12:58:36,6700.0,6754.5,0,485,10,50,10,0,60,10,,,,,,
2026-10-06 12:58:36,6700.0,6754.5,27,236,0,87,0,0,87,0,,,,,,
2026-10-06 12:58:36,6700.0,6754.5,0,276,0,191,0,0,191,0,,,,,,
2026-10-06 12:58:36,6700.0,6754.5,0,151,0,6,0,0,6,0,,,,,,
2026-10-06 12:58:36,6700.0,6754.5,6111,14722,3,52,0,0,55,0,,,,,,
2026-10-06 12:58:36,6710.0,6764.5,9,929,0,1,0,0,1,0,,,,,,
2026-10-06 12:58:36,6720.0,6774.5,1,1023,0,1,0,0,1,0,,,,,,
2026-10-06 12:58:36,6725.0,6779.5,0,143,0,0,0,0,0,0,,,,,,
2026-10-06 12:58:36,6725.0,6779.5,0,32,0,0,0,0,0,0,,,,,,
2026-10-06 12:58:36,6725.0,6779.5,0,239,0,0,0,0,0,0,,,,,,
2026-10-06 12:58:36,6725.0,6779.5,2,215,0,10,0,0,10,0,,,,,,
2026-10-06 12:58:36,6725.0,6779.5,0,98,10,25,10,0,35,10,,,,,,
2026-10-06 12:58:36,6725.0,6779.5,0,3,0,10,0,7,10,7,,,,,,
2026-10-06 12:58:36,6725.0,6779.5,0,4,0,1,0,0,1,0,,,,,,
2026-10-06 12:58:36,6725.0,6779.5,1,119,0,0,0,0,0,0,,,,,,
2026-10-06 12:58:36,6725.0,6779.5,1425,2004,0,10,0,0,10,0,,,,,,
2026-10-06 12:58:36,6730.0,6784.5,4,591,0,2,0,0,2,0,,,,,,
2026-10-06 12:58:36,6740.0,6794.5,13,928,0,0,0,0,0,0,,,,,,
2026-10-06 12:58:36,6750.0,6804.5,0,432,0,0,0,0,0,0,,,,,,
2026-10-06 12:58:36,6750.0,6804.5,0,79,0,0,0,0,0,0,,,,,,
2026-10-06 12:58:36,6750.0,6804.5,0,159,0,0,0,0,0,0,,,,,,
2026-10-06 12:58:36,6750.0,6804.5,0,1092,0,500,0,0,500,0,,,,,,
2026-10-06 12:58:36,6750.0,6804.5,0,360,0,4,0,0,4,0,,,,,,
2026-10-06 12:58:36,6750.0,6804.5,0,32,0,21,0,0,21,0,,,,,,
2026-10-06 12:58:36,6750.0,6804.5,0,83,0,0,0,0,0,0,,,,,,
2026-10-06 12:58:36,6750.0,6804.5,0,662,0,0,0,0,0,0,,,,,,
2026-10-06 12:58:36,6750.0,6804.5,1739,8546,0,54,0,0,54,0,,,,,,
2026-10-06 12:58:36,6760.0,6814.5,5,516,0,1,0,0,1,0,,,,,,
2026-10-06 12:58:36,6770.0,6824.5,5,597,0,0,0,0,0,0,,,,,,
2026-10-06 12:58:36,6775.0,6829.5,0,537,0,0,0,0,0,0,,,,,,
2026-10-06 12:58:36,6775.0,6829.5,0,126,0,0,0,0,0,0,,,,,,
2026-10-06 12:58:36,6775.0,6829.5,0,233,0,11,0,0,11,0,,,,,,
2026-10-06 12:58:36,6775.0,6829.5,4,692,0,0,0,0,0,0,,,,,,
2026-10-06 12:58:36,6775.0,6829.5,0,1007,0,542,0,0,542,0,,,,,,
2026-10-06 12:58:36,6775.0,6829.5,1,144,0,596,0,452,596,452,,,,,,
2026-10-06 12:58:36,6775.0,6829.5,0,37,0,1,0,0,1,0,,,,,,
2026-10-06 12:58:36,6775.0,6829.5,0,30,0,0,0,0,0,0,,,,,,
2026-10-06 12:58:36,6775.0,6829.5,1143,4160,0,1,0,0,1,0,,,,,,
2026-10-06 12:58:36,6780.0,6834.5,4,800,0,0,0,0,0,0,,,,,,
2026-10-06 12:58:36,6790.0,6844.5,3,508,0,1,0,0,1,0,,,,,,
2026-10-06 12:58:36,6800.0,6854.5,0,919,0,0,0,0,0,0,,,,,,
2026-10-06 12:58:36,6800.0,6854.5,0,271,0,172,0,0,172,0,,,,,,
2026-10-06 12:58:36,6800.0,6854.5,0,154,0,0,0,0,0,0,,,,,,
2026-10-06 12:58:36,6800.0,6854.5,1,14195,0,0,0,0,0,0,,,,,,
2026-10-06 12:58:36,6800.0,6854.5,1,553,10,333,9,0,343,9,,,,,,
2026-10-06 12:58:36,6800.0,6854.5,0,513,0,265,0,0,265,0,,,,,,
2026-10-06 12:58:36,6800.0,6854.5,0,281,0,1,0,0,1,0,,,,,,
2026-10-06 12:58:36,6800.0,6854.5,0,63,0,6,0,0,6,0,,,,,,
2026-10-06 12:58:36,6800.0,6854.5,2177,14667,2,247,0,0,249,0,,,,,,
2026-10-06 12:58:36,6810.0,6864.5,0,0,0,100,0,100,100,100,,,,,,
2026-10-06 12:58:36,6810.0,6864.5,104,675,0,16,0,0,16,0,,,,,,
2026-10-06 12:58:36,6820.0,6874.5,0,0,0,0,0,0,0,0,,,,,,
2026-10-06 12:58:36,6820.0,6874.5,3,1660,2,0,0,0,2,0,,,,,,
2026-10-06 12:58:36,6825.0,6879.5,0,385,0,0,0,0,0,0,,,,,,
2026-10-06 12:58:36,6825.0,6879.5,0,141,1,50,1,0,51,1,,,,,,
2026-10-06 12:58:36,6825.0,6879.5,0,258,0,0,0,0,0,0,,,,,,
2026-10-06 12:58:36,6825.0,6879.5,0,535,0,6,0,0,6,0,,,,,,
2026-10-06 12:58:36,6825.0,6879.5,0,1213,10,113,10,0,123,10,,,,,,
2026-10-06 12:58:36,6825.0,6879.5,0,37,0,100,0,63,100,63,,,,,,
2026-10-06 12:58:36,6825.0,6879.5,0,29,0,0,0,0,0,0,,,,,,
2026-10-06 12:58:36,6825.0,6879.5,0,230,0,3,0,0,3,0,,,,,,
2026-10-06 12:58:36,6825.0,6879.5,939,3310,0,6,0,0,6,0,,,,,,
2026-10-06 12:58:36,6830.0,6884.5,0,1,0,601,0,600,601,600,,,,,,
2026-10-06 12:58:36,6830.0,6884.5,43,925,0,8,0,0,8,0,,,,,,
2026-10-06 12:58:36,6840.0,6894.5,0,0,2,100,2,100,102,102,,,,,,
2026-10-06 12:58:36,6840.0,6894.5,8,1128,0,0,0,0,0,0,,,,,,
2026-10-06 12:58:36,6850.0,6904.5,0,358,0,0,0,0,0,0,,,,,,
2026-10-06 12:58:36,6850.0,6904.5,0,414,0,172,0,0,172,0,,,,,,
2026-10-06 12:58:36,6850.0,6904.5,0,124,1,10,1,0,11,1,,,,,,
2026-10-06 12:58:36,6850.0,6904.5,75,716,1,22,0,0,23,0,,,,,,
2026-10-06 12:58:36,6850.0,6904.5,0,354,0,124,0,0,124,0,,,,,,
2026-10-06 12:58:36,6850.0,6904.5,0,72,0,55,0,0,55,0,,,,,,
2026-10-06 12:58:36,6850.0,6904.5,0,128,0,2,0,0,2,0,,,,,,
2026-10-06 12:58:36,6850.0,6904.5,1,74,0,1,0,0,1,0,,,,,,
2026-10-06 12:58:36,6850.0,6904.5,2641,5212,0,12,0,0,12,0,,,,,,
2026-10-06 12:58:36,6860.0,6914.5,0,0,0,1,0,1,1,1,,,,,,
2026-10-06 12:58:36,6860.0,6914.5,1,660,0,3,0,0,3,0,,,,,,
2026-10-06 12:58:36,6865.0,6919.5,0,26,0,0,0,0,0,0,,,,,,
2026-10-06 12:58:36,6870.0,6924.5,0,2,0,0,0,0,0,0,,,,,,
2026-10-06 12:58:36,6870.0,6924.5,28,759,0,0,0,0,0,0,,,,,,
2026-10-06 12:58:36,6875.0,6929.5,0,559,0,235,0,0,235,0,,,,,,
2026-10-06 12:58:36,6875.0,6929.5,0,171,0,125,0,0,125,0,,,,,,
2026-10-06 12:58:36,6875.0,6929.5,0,290,0,100,0,0,100,0,,,,,,
2026-10-06 12:58:36,6875.0,6929.5,1,407,0,200,0,0,200,0,,,,,,
2026-10-06 12:58:36,6875.0,6929.5,62,112,0,3,0,0,3,0,,,,,,
2026-10-06 12:58:36,6875.0,6929.5,0,79,0,23,0,0,23,0,,,,,,
2026-10-06 12:58:36,6875.0,6929.5,0,187,0,0,0,0,0,0,,,,,,
2026-10-06 12:58:36,6875.0,6929.5,0,95,0,0,0,0,0,0,,,,,,
2026-10-06 12:58:36,6875.0,6929.5,923,1911,0,0,0,0,0,0,,,,,,
2026-10-06 12:58:36,6880.0,6934.5,0,1,2,0,2,0,2,2,,,,,,
2026-10-06 12:58:36,6880.0,6934.5,7,1373,0,176,0,0,176,0,,,,,,
2026-10-06 12:58:36,6885.0,6939.5,0,393,0,0,0,0,0,0,,,,,,
2026-10-06 12:58:36,6890.0,6944.5,0,1,2,0,2,0,2,2,,,,,,
2026-10-06 12:58:36,6890.0,6944.5,12,1208,0,0,0,0,0,0,,,,,,
2026-10-06 12:58:36,6895.0,6949.5,0,70,0,0,0,0,0,0,,,,,,
2026-10-06 12:58:36,6900.0,6954.5,10,600,0,0,0,0,0,0,,,,,,
2026-10-06 12:58:36,6900.0,6954.5,0,482,0,935,0,453,935,453,,,,,,
2026-10-06 12:58:36,6900.0,6954.5,10,1330,0,5,0,0,5,0,,,,,,
2026-10-06 12:58:36,6900.0,6954.5,12,1561,0,20,0,0,20,0,,,,,,
2026-10-06 12:58:36,6900.0,6954.5,63,182,0,52,0,0,52,0,,,,,,
2026-10-06 12:58:36,6900.0,6954.5,10,133,10,19,0,0,29,0,,,,,,
2026-10-06 12:58:36,6900.0,6954.5,0,306,0,2,0,0,2,0,,,,,,
2026-10-06 12:58:36,6900.0,6954.5,0,669,0,3,0,0,3,0,,,,,,
2026-10-06 12:58:36,6900.0,6954.5,2679,20673,0,35,0,0,35,0,,,,,,
2026-10-06 12:58:36,6905.0,6959.5,1,77,0,0,0,0,0,0,,,,,,
2026-10-06 12:58:36,6910.0,6964.5,9,1775,0,0,0,0,0,0,,,,,,
2026-10-06 12:58:36,6910.0,6964.5,21,1958,0,2,0,0,2,0,,,,,,
2026-10-06 12:58:36,6915.0,6969.5,0,43,0,0,0,0,0,0,,,,,,
2026-10-06 12:58:36,6920.0,6974.5,2,254,0,0,0,0,0,0,,,,,,
2026-10-06 12:58:36,6920.0,6974.5,4,1850,0,0,0,0,0,0,,,,,,
2026-10-06 12:58:36,6925.0,6979.5,0,145,0,1,0,0,1,0,,,,,,
2026-10-06 12:58:36,6925.0,6979.5,0,239,0,42,0,0,42,0,,,,,,
2026-10-06 12:58:36,6925.0,6979.5,0,110,0,0,0,0,0,0,,,,,,
2026-10-06 12:58:36,6925.0,6979.5,0,859,2,0,2,0,2,2,,,,,,
2026-10-06 12:58:36,6925.0,6979.5,0,80,0,10,0,0,10,0,,,,,,
2026-10-06 12:58:36,6925.0,6979.5,0,72,0,14,0,0,14,0,,,,,,
2026-10-06 12:58:36,6925.0,6979.5,0,240,0,0,0,0,0,0,,,,,,
2026-10-06 12:58:36,6925.0,6979.5,0,263,0,3,0,0,3,0,,,,,,
2026-10-06 12:58:36,6925.0,6979.5,738,6967,0,11,0,0,11,0,,,,,,
2026-10-06 12:58:36,6930.0,6984.5,10,153,2,0,0,0,2,0,,,,,,
2026-10-06 12:58:36,6930.0,6984.5,11,741,0,5,0,0,5,0,,,,,,
2026-10-06 12:58:36,6935.0,6989.5,0,89,0,0,0,0,0,0,,,,,,
2026-10-06 12:58:36,6940.0,6994.5,33,73,0,0,0,0,0,0,,,,,,
2026-10-06 12:58:36,6940.0,6994.5,8,433,0,0,0,0,0,0,,,,,,
2026-10-06 12:58:36,6945.0,6999.5,0,52,0,0,0,0,0,0,,,,,,
2026-10-06 12:58:36,6950.0,7004.5,1,429,0,0,0,0,0,0,,,,,,
2026-10-06 12:58:36,6950.0,7004.5,2,240,0,108,0,0,108,0,,,,,,
2026-10-06 12:58:36,6950.0,7004.5,1,133,0,0,0,0,0,0,,,,,,
2026-10-06 12:58:36,6950.0,7004.5,3,604,1,3,0,0,4,0,,,,,,
2026-10-06 12:58:36,6950.0,7004.5,0,198,0,427,0,229,427,229,,,,,,
2026-10-06 12:58:36,6950.0,7004.5,0,224,0,584,0,360,584,360,,,,,,
2026-10-06 12:58:36,6950.0,7004.5,0,97,0,11,0,0,11,0,,,,,,
2026-10-06 12:58:36,6950.0,7004.5,2,37,0,4,0,0,4,0,,,,,,
2026-10-06 12:58:36,6950.0,7004.5,962,6524,1,96,0,0,97,0,,,,,,
2026-10-06 12:58:36,6955.0,7009.5,0,30,0,0,0,0,0,0,,,,,,
2026-10-06 12:58:36,6960.0,7014.5,0,105,0,0,0,0,0,0,,,,,,
2026-10-06 12:58:36,6960.0,7014.5,3,1052,0,3,0,0,3,0,,,,,,
2026-10-06 12:58:36,6965.0,7019.5,0,51,0,0,0,0,0,0,,,,,,
2026-10-06 12:58:36,6970.0,7024.5,0,1255,2,0,2,0,2,2,,,,,,
2026-10-06 12:58:36,6970.0,7024.5,3,887,0,0,0,0,0,0,,,,,,
2026-10-06 12:58:36,6975.0,7029.5,0,159,0,0,0,0,0,0,,,,,,
2026-10-06 12:58:36,6975.0,7029.5,0,222,0,1,0,0,1,0,,,,,,
2026-10-06 12:58:36,6975.0,7029.5,15,267,0,5,0,0,5,0,,,,,,
2026-10-06 12:58:36,6975.0,7029.5,10,386,2,19,0,0,21,0,,,,,,
2026-10-06 12:58:36,6975.0,7029.5,75,150,0,70,0,0,70,0,,,,,,
2026-10-06 12:58:36,6975.0,7029.5,0,5,0,1,0,0,1,0,,,,,,
2026-10-06 12:58:36,6975.0,7029.5,66,196,0,0,0,0,0,0,,,,,,
2026-10-06 12:58:36,6975.0,7029.5,6,677,0,0,0,0,0,0,,,,,,
2026-10-06 12:58:36,6975.0,7029.5,574,2709,0,151,0,0,151,0,,,,,,
2026-10-06 12:58:36,6980.0,7034.5,0,198,0,10,0,0,10,0,,,,,,
2026-10-06 12:58:36,6980.0,7034.5,8,715,0,3,0,0,3,0,,,,,,
2026-10-06 12:58:36,6985.0,7039.5,0,98,0,0,0,0,0,0,,,,,,
2026-10-06 12:58:36,6990.0,7044.5,0,208,0,1,0,0,1,0,,,,,,
2026-10-06 12:58:36,6990.0,7044.5,4,3670,0,4,0,0,4,0,,,,,,
2026-10-06 12:58:36,6995.0,7049.5,1,131,0,0,0,0,0,0,,,,,,
2026-10-06 12:58:36,7000.0,7054.5,11,504,0,0,0,0,0,0,,,,,,
2026-10-06 12:58:36,7000.0,7054.5,1,1396,1,505,0,0,506,0,,,,,,
2026-10-06 12:58:36,7000.0,7054.5,10,444,0,3,0,0,3,0,,,,,,
2026-10-06 12:58:36,7000.0,7054.5,869,11922,1,407,0,0,408,0,,,,,,
2026-10-06 12:58:36,7000.0,7054.5,88,1338,0,1,0,0,1,0,,,,,,
2026-10-06 12:58:36,7000.0,7054.5,11,3079,11,129,0,0,140,0,,,,,,
2026-10-06 12:58:36,7000.0,7054.5,67,299,0,8,0,0,8,0,,,,,,
2026-10-06 12:58:36,7000.0,7054.5,6,346,0,7,0,0,7,0,,,,,,
2026-10-06 12:58:36,7000.0,7054.5,202873,222544,8783,9282,0,0,18065,0,,,,,,
2026-10-06 12:58:36,7005.0,7059.5,5,129,0,0,0,0,0,0,,,,,,
2026-10-06 12:58:36,7010.0,7064.5,13,102,2,50,0,0,52,0,,,,,,
2026-10-06 12:58:36,7010.0,7064.5,33,897,0,3,0,0,3,0,,,,,,
2026-10-06 12:58:36,7015.0,7069.5,11,442,0,0,0,0,0,0,,,,,,
2026-10-06 12:58:36,7020.0,7074.5,0,46,2,0,2,0,2,2,,,,,,
2026-10-06 12:58:36,7020.0,7074.5,37,1287,0,0,0,0,0,0,,,,,,
2026-10-06 12:58:36,7025.0,7079.5,0,396,0,3,0,0,3,0,,,,,,
2026-10-06 12:58:36,7025.0,7079.5,0,1603,0,150,0,0,150,0,,,,,,
2026-10-06 12:58:36,7025.0,7079.5,1,196,1,50,0,0,51,0,,,,,,
2026-10-06 12:58:36,7025.0,7079.5,1,334,0,10,0,0,10,0,,,,,,
2026-10-06 12:58:36,7025.0,7079.5,0,81,0,0,0,0,0,0,,,,,,
2026-10-06 12:58:36,7025.0,7079.5,0,60,0,36,0,0,36,0,,,,,,
2026-10-06 12:58:36,7025.0,7079.5,0,60,0,1,0,0,1,0,,,,,,
2026-10-06 12:58:36,7025.0,7079.5,0,435,0,0,0,0,0,0,,,,,,
2026-10-06 12:58:36,7025.0,7079.5,413,1186,0,0,0,0,0,0,,,,,,
2026-10-06 12:58:36,7030.0,7084.5,125,195,0,0,0,0,0,0,,,,,,
2026-10-06 12:58:36,7030.0,7084.5,109,1066,0,0,0,0,0,0,,,,,,
2026-10-06 12:58:36,7035.0,7089.5,0,189,0,0,0,0,0,0,,,,,,
2026-10-06 12:58:36,7040.0,7094.5,0,151,0,10,0,0,10,0,,,,,,
2026-10-06 12:58:36,7040.0,7094.5,16,895,0,0,0,0,0,0,,,,,,
2026-10-06 12:58:36,7045.0,7099.5,17,237,0,0,0,0,0,0,,,,,,
2026-10-06 12:58:36,7050.0,7104.5,7,225,0,0,0,0,0,0,,,,,,
2026-10-06 12:58:36,7050.0,7104.5,0,219,0,0,0,0,0,0,,,,,,
2026-10-06 12:58:36,7050.0,7104.5,0,410,0,2,0,0,2,0,,,,,,
2026-10-06 12:58:36,7050.0,7104.5,1,1236,2,12,1,0,14,1,,,,,,
2026-10-06 12:58:36,7050.0,7104.5,13,191,0,33,0,0,33,0,,,,,,
2026-10-06 12:58:36,7050.0,7104.5,7,90,0,59,0,0,59,0,,,,,,
2026-10-06 12:58:36,7050.0,7104.5,0,620,0,13,0,0,13,0,,,,,,
2026-10-06 12:58:36,7050.0,7104.5,0,2069,0,0,0,0,0,0,,,,,,
2026-10-06 12:58:36,7050.0,7104.5,1098,7566,3,47,0,0,50,0,,,,,,
2026-10-06 12:58:36,7055.0,7109.5,17,112,0,2,0,0,2,0,,,,,,
2026-10-06 12:58:36,7060.0,7114.5,0,26,0,0,0,0,0,0,,,,,,
2026-10-06 12:58:36,7060.0,7114.5,0,1,0,0,0,0,0,0,,,,,,
2026-10-06 12:58:36,7060.0,7114.5,0,3,0,0,0,0,0,0,,,,,,
2026-10-06 12:58:36,7060.0,7114.5,45,248,2,4,0,0,6,0,,,,,,
2026-10-06 12:58:36,7060.0,7114.5,4,1052,0,23,0,0,23,0,,,,,,
2026-10-06 12:58:36,7065.0,7119.5,0,152,0,0,0,0,0,0,,,,,,
2026-10-06 12:58:36,7070.0,7124.5,0,252,0,0,0,0,0,0,,,,,,
2026-10-06 12:58:36,7070.0,7124.5,0,38,0,0,0,0,0,0,,,,,,
2026-10-06 12:58:36,7070.0,7124.5,0,2,0,9,0,7,9,7,,,,,,
2026-10-06 12:58:36,7070.0,7124.5,0,156,0,21,0,0,21,0,,,,,,
2026-10-06 12:58:36,7070.0,7124.5,39,874,0,0,0,0,0,0,,,,,,
2026-10-06 12:58:36,7075.0,7129.5,0,515,0,0,0,0,0,0,,,,,,
2026-10-06 12:58:36,7075.0,7129.5,66,634,0,1,0,0,1,0,,,,,,
2026-10-06 12:58:36,7075.0,7129.5,86,457,0,2,0,0,2,0,,,,,,
2026-10-06 12:58:36,7075.0,7129.5,0,304,0,4,0,0,4,0,,,,,,
2026-10-06 12:58:36,7075.0,7129.5,0,104,0,13,0,0,13,0,,,,,,
2026-10-06 12:58:36,7075.0,7129.5,0,155,0,28,0,0,28,0,,,,,,
2026-10-06 12:58:36,7075.0,7129.5,0,120,0,1,0,0,1,0,,,,,,
2026-10-06 12:58:36,7075.0,7129.5,0,485,0,2,0,0,2,0,,,,,,
2026-10-06 12:58:36,7075.0,7129.5,575,1760,1,1,0,0,2,0,,,,,,
2026-10-06 12:58:36,7080.0,7134.5,0,6,0,0,0,0,0,0,,,,,,
2026-10-06 12:58:36,7080.0,7134.5,56,17,0,0,0,0,0,0,,,,,,
2026-10-06 12:58:36,7080.0,7134.5,0,2,0,0,0,0,0,0,,,,,,
2026-10-06 12:58:36,7080.0,7134.5,0,79,0,98,0,19,98,19,,,,,,
2026-10-06 12:58:36,7080.0,7134.5,25,352,1,1,0,0,2,0,,,,,,
2026-10-06 12:58:36,7085.0,7139.5,0,133,0,0,0,0,0,0,,,,,,
2026-10-06 12:58:36,7090.0,7144.5,33,11,0,0,0,0,0,0,,,,,,
2026-10-06 12:58:36,7090.0,7144.5,0,19,0,3,0,0,3,0,,,,,,
2026-10-06 12:58:36,7090.0,7144.5,0,76,0,0,0,0,0,0,,,,,,
2026-10-06 12:58:36,7090.0,7144.5,0,1137,2,2,2,0,4,2,,,,,,
2026-10-06 12:58:36,7090.0,7144.5,15,767,0,1,0,0,1,0,,,,,,
2026-10-06 12:58:36,7095.0,7149.5,0,671,0,7,0,0,7,0,,,,,,
2026-10-06 12:58:36,7100.0,7154.5,8,539,1,0,0,0,1,0,,,,,,
2026-10-06 12:58:36,7100.0,7154.5,10,341,0,26,0,0,26,0,,,,,,
2026-10-06 12:58:36,7100.0,7154.5,86,280,0,10,0,0,10,0,,,,,,
2026-10-06 12:58:36,7100.0,7154.5,0,3644,2,93,2,0,95,2,,,,,,
2026-10-06 12:58:36,7100.0,7154.5,0,1044,0,88,0,0,88,0,,,,,,
2026-10-06 12:58:36,7100.0,7154.5,8,62,1,218,0,156,219,156,,,,,,
2026-10-06 12:58:36,7100.0,7154.5,0,656,0,3,0,0,3,0,,,,,,
2026-10-06 12:58:36,7100.0,7154.5,6,245,2,4,0,0,6,0,,,,,,
2026-10-06 12:58:36,7100.0,7154.5,2590,25204,5,314,0,0,319,0,,,,,,
2026-10-06 12:58:36,7105.0,7159.5,5,142,0,6,0,0,6,0,,,,,,
2026-10-06 12:58:36,7110.0,7164.5,0,331,0,0,0,0,0,0,,,,,,
2026-10-06 12:58:36,7110.0,7164.5,0,1,0,0,0,0,0,0,,,,,,
2026-10-06 12:58:36,7110.0,7164.5,0,1,0,0,0,0,0,0,,,,,,
2026-10-06 12:58:36,7110.0,7164.5,0,2841,0,19,0,0,19,0,,,,,,
2026-10-06 12:58:36,7110.0,7164.5,14,22095,0,115,0,0,115,0,,,,,,
2026-10-06 12:58:36,7115.0,7169.5,0,3306,0,0,0,0,0,0,,,,,,
2026-10-06 12:58:36,7120.0,7174.5,0,35,0,0,0,0,0,0,,,,,,
2026-10-06 12:58:36,7120.0,7174.5,0,41,0,1,0,0,1,0,,,,,,
2026-10-06 12:58:36,7120.0,7174.5,0,2,0,0,0,0,0,0,,,,,,
2026-10-06 12:58:36,7120.0,7174.5,0,163,0,3,0,0,3,0,,,,,,
2026-10-06 12:58:36,7120.0,7174.5,270,1530,0,64,0,0,64,0,,,,,,
2026-10-06 12:58:36,7125.0,7179.5,0,300,0,0,0,0,0,0,,,,,,
2026-10-06 12:58:36,7125.0,7179.5,20,179,0,12,0,0,12,0,,,,,,
2026-10-06 12:58:36,7125.0,7179.5,45,299,0,0,0,0,0,0,,,,,,
2026-10-06 12:58:36,7125.0,7179.5,15,541,0,2,0,0,2,0,,,,,,
2026-10-06 12:58:36,7125.0,7179.5,0,266,0,4,0,0,4,0,,,,,,
2026-10-06 12:58:36,7125.0,7179.5,0,143,0,1,0,0,1,0,,,,,,
2026-10-06 12:58:36,7125.0,7179.5,0,127,0,46,0,0,46,0,,,,,,
2026-10-06 12:58:36,7125.0,7179.5,0,667,0,0,0,0,0,0,,,,,,
2026-10-06 12:58:36,7125.0,7179.5,593,5996,0,1,0,0,1,0,,,,,,
2026-10-06 12:58:36,7130.0,7184.5,0,37,0,0,0,0,0,0,,,,,,
2026-10-06 12:58:36,7130.0,7184.5,0,3,0,0,0,0,0,0,,,,,,
2026-10-06 12:58:36,7130.0,7184.5,0,4,0,0,0,0,0,0,,,,,,
2026-10-06 12:58:36,7130.0,7184.5,0,2219,2,4,2,0,6,2,,,,,,
2026-10-06 12:58:36,7130.0,7184.5,62,1268,0,69,0,0,69,0,,,,,,
2026-10-06 12:58:36,7135.0,7189.5,0,199,0,3,0,0,3,0,,,,,,
2026-10-06 12:58:36,7140.0,7194.5,0,154,0,1,0,0,1,0,,,,,,
2026-10-06 12:58:36,7140.0,7194.5,0,7,0,0,0,0,0,0,,,,,,
2026-10-06 12:58:36,7140.0,7194.5,0,30,0,0,0,0,0,0,,,,,,
2026-10-06 12:58:36,7140.0,7194.5,3,404,2,3,0,0,5,0,,,,,,
2026-10-06 12:58:36,7140.0,7194.5,6,1629,0,0,0,0,0,0,,,,,,
2026-10-06 12:58:36,7145.0,7199.5,29,2146,0,2,0,0,2,0,,,,,,
2026-10-06 12:58:36,7150.0,7204.5,1,817,1,0,0,0,1,0,,,,,,
2026-10-06 12:58:36,7150.0,7204.5,20,828,1,5,0,0,6,0,,,,,,
2026-10-06 12:58:36,7150.0,7204.5,4,374,0,2,0,0,2,0,,,,,,
2026-10-06 12:58:36,7150.0,7204.5,6,925,0,41,0,0,41,0,,,,,,
2026-10-06 12:58:36,7150.0,7204.5,20,350,0,0,0,0,0,0,,,,,,
2026-10-06 12:58:36,7150.0,7204.5,19,33,0,42,0,9,42,9,,,,,,
2026-10-06 12:58:36,7150.0,7204.5,0,109,0,3,0,0,3,0,,,,,,
2026-10-06 12:58:36,7150.0,7204.5,2,413,2,85,0,0,87,0,,,,,,
2026-10-06 12:58:36,7150.0,7204.5,2058,9581,0,14,0,0,14,0,,,,,,
2026-10-06 12:58:36,7155.0,7209.5,4,310,0,3,0,0,3,0,,,,,,
2026-10-06 12:58:36,7160.0,7214.5,0,262,0,0,0,0,0,0,,,,,,
2026-10-06 12:58:36,7160.0,7214.5,0,10,0,21,0,11,21,11,,,,,,
2026-10-06 12:58:36,7160.0,7214.5,0,31,0,0,0,0,0,0,,,,,,
2026-10-06 12:58:36,7160.0,7214.5,11,236,0,3,0,0,3,0,,,,,,
2026-10-06 12:58:36,7160.0,7214.5,0,0,0,0,0,0,0,0,,,,,,
2026-10-06 12:58:36,7160.0,7214.5,11,20598,0,23,0,0,23,0,,,,,,
2026-10-06 12:58:36,7165.0,7219.5,2,176,0,7,0,0,7,0,,,,,,
2026-10-06 12:58:36,7170.0,7224.5,0,139,0,0,0,0,0,0,,,,,,
2026-10-06 12:58:36,7170.0,7224.5,0,798,0,3,0,0,3,0,,,,,,
2026-10-06 12:58:36,7170.0,7224.5,0,15,0,3,0,0,3,0,,,,,,
2026-10-06 12:58:36,7170.0,7224.5,1,128,0,2,0,0,2,0,,,,,,
2026-10-06 12:58:36,7170.0,7224.5,0,0,0,0,0,0,0,0,,,,,,
2026-10-06 12:58:36,7170.0,7224.5,92,1401,0,3,0,0,3,0,,,,,,
2026-10-06 12:58:36,7175.0,7229.5,0,793,0,250,0,0,250,0,,,,,,
2026-10-06 12:58:36,7175.0,7229.5,1,304,0,36,0,0,36,0,,,,,,
2026-10-06 12:58:36,7175.0,7229.5,0,289,0,11,0,0,11,0,,,,,,
2026-10-06 12:58:36,7175.0,7229.5,0,264,2,34,2,0,36,2,,,,,,
2026-10-06 12:58:36,7175.0,7229.5,3,170,0,67,0,0,67,0,,,,,,
2026-10-06 12:58:36,7175.0,7229.5,0,118,0,8,0,0,8,0,,,,,,
2026-10-06 12:58:36,7175.0,7229.5,0,103,0,45,0,0,45,0,,,,,,
2026-10-06 12:58:36,7175.0,7229.5,0,121,0,0,0,0,0,0,,,,,,
2026-10-06 12:58:36,7175.0,7229.5,828,4231,0,2,0,0,2,0,,,,,,
2026-10-06 12:58:36,7180.0,7234.5,0,193,0,0,0,0,0,0,,,,,,
2026-10-06 12:58:36,7180.0,7234.5,0,47,1,71,1,24,72,25,,,,,,
2026-10-06 12:58:36,7180.0,7234.5,0,1,0,0,0,0,0,0,,,,,,
2026-10-06 12:58:36,7180.0,7234.5,275,226,2,2,0,0,4,0,,,,,,
2026-10-06 12:58:36,7180.0,7234.5,0,0,0,2,0,2,2,2,,,,,,
2026-10-06 12:58:36,7180.0,7234.5,76,1556,0,17,0,0,17,0,,,,,,
2026-10-06 12:58:36,7185.0,7239.5,18,220,0,3,0,0,3,0,,,,,,
2026-10-06 12:58:36,7190.0,7244.5,0,679,0,642,0,0,642,0,,,,,,
2026-10-06 12:58:36,7190.0,7244.5,0,1101,0,144,0,0,144,0,,,,,,
2026-10-06 12:58:36,7190.0,7244.5,0,3,0,0,0,0,0,0,,,,,,
2026-10-06 12:58:36,7190.0,7244.5,11,303,0,13,0,0,13,0,,,,,,
2026-10-06 12:58:36,7190.0,7244.5,0,0,0,1,0,1,1,1,,,,,,
2026-10-06 12:58:36,7190.0,7244.5,18,1574,0,16,0,0,16,0,,,,,,
2026-10-06 12:58:36,7195.0,7249.5,4,352,0,3,0,0,3,0,,,,,,
2026-10-06 12:58:36,7200.0,7254.5,2,3405,0,0,0,0,0,0,,,,,,
2026-10-06 12:58:36,7200.0,7254.5,0,816,0,348,0,0,348,0,,,,,,
2026-10-06 12:58:36,7200.0,7254.5,20,382,0,3,0,0,3,0,,,,,,
2026-10-06 12:58:36,7200.0,7254.5,49,6121,1,354,0,0,355,0,,,,,,
2026-10-06 12:58:36,7200.0,7254.5,32,718,0,100,0,0,100,0,,,,,,
2026-10-06 12:58:36,7200.0,7254.5,1,3612,0,114,0,0,114,0,,,,,,
2026-10-06 12:58:36,7200.0,7254.5,0,284,0,5,0,0,5,0,,,,,,
2026-10-06 12:58:36,7200.0,7254.5,11,1261,0,2,0,0,2,0,,,,,,
2026-10-06 12:58:36,7200.0,7254.5,4969,29393,5,727,0,0,732,0,,,,,,
2026-10-06 12:58:36,7205.0,7259.5,13,129,0,12,0,0,12,0,,,,,,
2026-10-06 12:58:36,7210.0,7264.5,0,37,0,0,0,0,0,0,,,,,,
2026-10-06 12:58:36,7210.0,7264.5,0,19,0,27,0,8,27,8,,,,,,
2026-10-06 12:58:36,7210.0,7264.5,0,13,0,0,0,0,0,0,,,,,,
2026-10-06 12:58:36,7210.0,7264.5,0,2926,0,2,0,0,2,0,,,,,,
2026-10-06 12:58:36,7210.0,7264.5,0,17,0,27,0,10,27,10,,,,,,
2026-10-06 12:58:36,7210.0,7264.5,0,3,0,2,0,0,2,0,,,,,,
2026-10-06 12:58:36,7210.0,7264.5,0,5,0,0,0,0,0,0,,,,,,
2026-10-06 12:58:36,7210.0,7264.5,0,0,0,0,0,0,0,0,,,,,,
2026-10-06 12:58:36,7210.0,7264.5,52,1406,1,13,0,0,14,0,,,,,,
2026-10-06 12:58:36,7215.0,7269.5,0,2,0,0,0,0,0,0,,,,,,
2026-10-06 12:58:36,7215.0,7269.5,0,5,0,12,0,7,12,7,,,,,,
2026-10-06 12:58:36,7215.0,7269.5,0,2,0,0,0,0,0,0,,,,,,
2026-10-06 12:58:36,7215.0,7269.5,6,328,0,55,0,0,55,0,,,,,,
2026-10-06 12:58:36,7220.0,7274.5,0,198,0,0,0,0,0,0,,,,,,
2026-10-06 12:58:36,7220.0,7274.5,0,29,0,0,0,0,0,0,,,,,,
2026-10-06 12:58:36,7220.0,7274.5,0,326,0,1,0,0,1,0,,,,,,
2026-10-06 12:58:36,7220.0,7274.5,2,361,1,102,0,0,103,0,,,,,,
2026-10-06 12:58:36,7220.0,7274.5,0,13,0,56,0,43,56,43,,,,,,
2026-10-06 12:58:36,7220.0,7274.5,0,1,0,6,0,5,6,5,,,,,,
2026-10-06 12:58:36,7220.0,7274.5,0,1,0,0,0,0,0,0,,,,,,
2026-10-06 12:58:36,7220.0,7274.5,0,0,0,0,0,0,0,0,,,,,,
2026-10-06 12:58:36,7220.0,7274.5,59,1443,0,4,0,0,4,0,,,,,,
2026-10-06 12:58:36,7225.0,7279.5,0,189,0,1,0,0,1,0,,,,,,
2026-10-06 12:58:36,7225.0,7279.5,0,132,0,21,0,0,21,0,,,,,,
2026-10-06 12:58:36,7225.0,7279.5,0,2899,0,8,0,0,8,0,,,,,,
2026-10-06 12:58:36,7225.0,7279.5,16,609,1,8,0,0,9,0,,,,,,
2026-10-06 12:58:36,7225.0,7279.5,1,47,0,7,0,0,7,0,,,,,,
2026-10-06 12:58:36,7225.0,7279.5,1,184,1,4,0,0,5,0,,,,,,
2026-10-06 12:58:36,7225.0,7279.5,5,69,0,0,0,0,0,0,,,,,,
2026-10-06 12:58:36,7225.0,7279.5,0,490,0,16,0,0,16,0,,,,,,
2026-10-06 12:58:36,7225.0,7279.5,851,3222,0,131,0,0,131,0,,,,,,
2026-10-06 12:58:36,7230.0,7284.5,0,44,0,0,0,0,0,0,,,,,,
2026-10-06 12:58:36,7230.0,7284.5,0,674,0,0,0,0,0,0,,,,,,
2026-10-06 12:58:36,7230.0,7284.5,0,173,0,27,0,0,27,0,,,,,,
2026-10-06 12:58:36,7230.0,7284.5,1,268,0,10,0,0,10,0,,,,,,
2026-10-06 12:58:36,7230.0,7284.5,0,13,0,0,0,0,0,0,,,,,,
2026-10-06 12:58:36,7230.0,7284.5,0,0,0,13,0,13,13,13,,,,,,
2026-10-06 12:58:36,7230.0,7284.5,0,6,0,0,0,0,0,0,,,,,,
2026-10-06 12:58:36,7230.0,7284.5,0,0,0,0,0,0,0,0,,,,,,
2026-10-06 12:58:36,7230.0,7284.5,114,1337,0,8,0,0,8,0,,,,,,
2026-10-06 12:58:36,7235.0,7289.5,0,18,0,0,0,0,0,0,,,,,,
2026-10-06 12:58:36,7235.0,7289.5,0,24,0,0,0,0,0,0,,,,,,
2026-10-06 12:58:36,7235.0,7289.5,0,2,0,0,0,0,0,0,,,,,,
2026-10-06 12:58:36,7235.0,7289.5,20,780,0,72,0,0,72,0,,,,,,
2026-10-06 12:58:36,7240.0,7294.5,0,301,0,0,0,0,0,0,,,,,,
2026-10-06 12:58:36,7240.0,7294.5,0,73,0,2,0,0,2,0,,,,,,
2026-10-06 12:58:36,7240.0,7294.5,0,35,0,1,0,0,1,0,,,,,,
2026-10-06 12:58:36,7240.0,7294.5,0,712,0,18,0,0,18,0,,,,,,
2026-10-06 12:58:36,7240.0,7294.5,0,22,0,8,0,0,8,0,,,,,,
2026-10-06 12:58:36,7240.0,7294.5,0,72,0,17,0,0,17,0,,,,,,
2026-10-06 12:58:36,7240.0,7294.5,0,0,0,0,0,0,0,0,,,,,,
2026-10-06 12:58:36,7240.0,7294.5,0,0,0,0,0,0,0,0,,,,,,
2026-10-06 12:58:36,7240.0,7294.5,16,763,0,2,0,0,2,0,,,,,,
2026-10-06 12:58:36,7245.0,7299.5,0,17,0,2,0,0,2,0,,,,,,
2026-10-06 12:58:36,7245.0,7299.5,0,16,0,21,0,5,21,5,,,,,,
2026-10-06 12:58:36,7245.0,7299.5,0,4,0,2,0,0,2,0,,,,,,
2026-10-06 12:58:36,7245.0,7299.5,43,409,0,21,0,0,21,0,,,,,,
2026-10-06 12:58:36,7250.0,7304.5,12,226,0,2,0,0,2,0,,,,,,
2026-10-06 12:58:36,7250.0,7304.5,0,364,0,12,0,0,12,0,,,,,,
2026-10-06 12:58:36,7250.0,7304.5,20,327,0,906,0,579,906,579,,,,,,
2026-10-06 12:58:36,7250.0,7304.5,22,1833,0,120,0,0,120,0,,,,,,
2026-10-06 12:58:36,7250.0,7304.5,11,392,0,3,0,0,3,0,,,,,,
2026-10-06 12:58:36,7250.0,7304.5,2,179,1,29,0,0,30,0,,,,,,
2026-10-06 12:58:36,7250.0,7304.5,5,756,0,8,0,0,8,0,,,,,,
2026-10-06 12:58:36,7250.0,7304.5,5,92,0,10,0,0,10,0,,,,,,
2026-10-06 12:58:36,7250.0,7304.5,7967,15489,1,341,0,0,342,0,,,,,,
2026-10-06 12:58:36,7255.0,7309.5,0,54,0,0,0,0,0,0,,,,,,
2026-10-06 12:58:36,7255.0,7309.5,0,68,0,2,0,0,2,0,,,,,,
2026-10-06 12:58:36,7255.0,7309.5,0,5,0,0,0,0,0,0,,,,,,
2026-10-06 12:58:36,7255.0,7309.5,29,398,0,4,0,0,4,0,,,,,,
2026-10-06 12:58:36,7260.0,7314.5,0,354,0,0,0,0,0,0,,,,,,
2026-10-06 12:58:36,7260.0,7314.5,1,120,1,0,0,0,1,0,,,,,,
2026-10-06 12:58:36,7260.0,7314.5,0,113,0,11,0,0,11,0,,,,,,
2026-10-06 12:58:36,7260.0,7314.5,3,406,1,3,0,0,4,0,,,,,,
2026-10-06 12:58:36,7260.0,7314.5,0,29,0,1,0,0,1,0,,,,,,
2026-10-06 12:58:36,7260.0,7314.5,0,2,0,6,0,4,6,4,,,,,,
2026-10-06 12:58:36,7260.0,7314.5,0,7,0,0,0,0,0,0,,,,,,
2026-10-06 12:58:36,7260.0,7314.5,0,1,0,0,0,0,0,0,,,,,,
2026-10-06 12:58:36,7260.0,7314.5,80,1236,0,6,0,0,6,0,,,,,,
2026-10-06 12:58:36,7265.0,7319.5,0,10,0,0,0,0,0,0,,,,,,
2026-10-06 12:58:36,7265.0,7319.5,0,188,0,0,0,0,0,0,,,,,,
2026-10-06 12:58:36,7265.0,7319.5,0,1,0,0,0,0,0,0,,,,,,
2026-10-06 12:58:36,7265.0,7319.5,1,0,0,0,0,0,0,0,,,,,,
2026-10-06 12:58:36,7265.0,7319.5,33,958,0,6,0,0,6,0,,,,,,
2026-10-06 12:58:36,7270.0,7324.5,0,83,0,0,0,0,0,0,,,,,,
2026-10-06 12:58:36,7270.0,7324.5,0,222,0,10,0,0,10,0,,,,,,
2026-10-06 12:58:36,7270.0,7324.5,0,148,0,0,0,0,0,0,,,,,,
2026-10-06 12:58:36,7270.0,7324.5,1,655,0,122,0,0,122,0,,,,,,
2026-10-06 12:58:36,7270.0,7324.5,0,50,0,6,0,0,6,0,,,,,,
2026-10-06 12:58:36,7270.0,7324.5,0,23,0,153,0,130,153,130,,,,,,
2026-10-06 12:58:36,7270.0,7324.5,0,66,0,0,0,0,0,0,,,,,,
2026-10-06 12:58:36,7270.0,7324.5,0,1,0,0,0,0,0,0,,,,,,
2026-10-06 12:58:36,7270.0,7324.5,327,1378,2,27,0,0,29,0,,,,,,
2026-10-06 12:58:36,7275.0,7329.5,0,496,0,1,0,0,1,0,,,,,,
2026-10-06 12:58:36,7275.0,7329.5,0,1315,0,210,0,0,210,0,,,,,,
2026-10-06 12:58:36,7275.0,7329.5,0,355,0,0,0,0,0,0,,,,,,
2026-10-06 12:58:36,7275.0,7329.5,0,1322,0,71,0,0,71,0,,,,,,
2026-10-06 12:58:36,7275.0,7329.5,3,328,0,1,0,0,1,0,,,,,,
2026-10-06 12:58:36,7275.0,7329.5,42,147,0,4,0,0,4,0,,,,,,
2026-10-06 12:58:36,7275.0,7329.5,5,541,0,1,0,0,1,0,,,,,,
2026-10-06 12:58:36,7275.0,7329.5,1,93,0,0,0,0,0,0,,,,,,
2026-10-06 12:58:36,7275.0,7329.5,966,3746,2,86,0,0,88,0,,,,,,
2026-10-06 12:58:36,7280.0,7334.5,0,124,0,0,0,0,0,0,,,,,,
2026-10-06 12:58:36,7280.0,7334.5,0,118,0,35,0,0,35,0,,,,,,
2026-10-06 12:58:36,7280.0,7334.5,0,121,0,13,0,0,13,0,,,,,,
2026-10-06 12:58:36,7280.0,7334.5,0,333,0,8,0,0,8,0,,,,,,
2026-10-06 12:58:36,7280.0,7334.5,0,41,0,1,0,0,1,0,,,,,,
2026-10-06 12:58:36,7280.0,7334.5,0,7,0,4,0,0,4,0,,,,,,
2026-10-06 12:58:36,7280.0,7334.5,1,7,0,1,0,0,1,0,,,,,,
2026-10-06 12:58:36,7280.0,7334.5,0,0,0,17,0,17,17,17,,,,,,
2026-10-06 12:58:36,7280.0,7334.5,460,1163,0,79,0,0,79,0,,,,,,
2026-10-06 12:58:36,7285.0,7339.5,0,19,0,0,0,0,0,0,,,,,,
2026-10-06 12:58:36,7285.0,7339.5,0,6,0,0,0,0,0,0,,,,,,
2026-10-06 12:58:36,7285.0,7339.5,0,3,0,2,0,0,2,0,,,,,,
2026-10-06 12:58:36,7285.0,7339.5,0,1,0,0,0,0,0,0,,,,,,
2026-10-06 12:58:36,7285.0,7339.5,42,1460,0,203,0,0,203,0,,,,,,
2026-10-06 12:58:36,7290.0,7344.5,1,201,0,30,0,0,30,0,,,,,,
2026-10-06 12:58:36,7290.0,7344.5,0,112,0,64,0,0,64,0,,,,,,
2026-10-06 12:58:36,7290.0,7344.5,0,248,0,1,0,0,1,0,,,,,,
2026-10-06 12:58:36,7290.0,7344.5,5,397,0,124,0,0,124,0,,,,,,
2026-10-06 12:58:36,7290.0,7344.5,0,124,0,2,0,0,2,0,,,,,,
2026-10-06 12:58:36,7290.0,7344.5,0,56,0,33,0,0,33,0,,,,,,
2026-10-06 12:58:36,7290.0,7344.5,0,33,0,14,0,0,14,0,,,,,,
2026-10-06 12:58:36,7290.0,7344.5,0,190,0,4,0,0,4,0,,,,,,
2026-10-06 12:58:36,7290.0,7344.5,179,1298,0,29,0,0,29,0,,,,,,
2026-10-06 12:58:36,7295.0,7349.5,0,308,0,0,0,0,0,0,,,,,,
2026-10-06 12:58:36,7295.0,7349.5,0,4,0,6,0,2,6,2,,,,,,
2026-10-06 12:58:36,7295.0,7349.5,0,63,0,0,0,0,0,0,,,,,,
2026-10-06 12:58:36,7295.0,7349.5,0,159,0,10,0,0,10,0,,,,,,
2026-10-06 12:58:36,7295.0,7349.5,27,651,0,17,0,0,17,0,,,,,,
2026-10-06 12:58:36,7300.0,7354.5,2,1683,0,42,0,0,42,0,,,,,,
2026-10-06 12:58:36,7300.0,7354.5,3,1086,0,352,0,0,352,0,,,,,,
2026-10-06 12:58:36,7300.0,7354.5,0,460,0,24,0,0,24,0,,,,,,
2026-10-06 12:58:36,7300.0,7354.5,14,2237,0,318,0,0,318,0,,,,,,
2026-10-06 12:58:36,7300.0,7354.5,3,716,1,192,0,0,193,0,,,,,,
2026-10-06 12:58:36,7300.0,7354.5,5,186,0,206,0,20,206,20,,,,,,
2026-10-06 12:58:36,7300.0,7354.5,5,441,0,52,0,0,52,0,,,,,,
2026-10-06 12:58:36,7300.0,7354.5,21,349,0,4,0,0,4,0,,,,,,
2026-10-06 12:58:36,7300.0,7354.5,7498,22869,0,624,0,0,624,0,,,,,,
2026-10-06 12:58:36,7305.0,7359.5,0,23,0,0,0,0,0,0,,,,,,
2026-10-06 12:58:36,7305.0,7359.5,2,118,0,0,0,0,0,0,,,,,,
2026-10-06 12:58:36,7305.0,7359.5,0,52,0,0,0,0,0,0,,,,,,
2026-10-06 12:58:36,7305.0,7359.5,1,0,0,2,0,2,2,2,,,,,,
2026-10-06 12:58:36,7305.0,7359.5,0,0,0,0,0,0,0,0,,,,,,
2026-10-06 12:58:36,7305.0,7359.5,24,1087,2,27,0,0,29,0,,,,,,
2026-10-06 12:58:36,7310.0,7364.5,1,191,0,0,0,0,0,0,,,,,,
2026-10-06 12:58:36,7310.0,7364.5,0,184,0,0,0,0,0,0,,,,,,
2026-10-06 12:58:36,7310.0,7364.5,0,117,0,0,0,0,0,0,,,,,,
2026-10-06 12:58:36,7310.0,7364.5,2,1986,0,34,0,0,34,0,,,,,,
2026-10-06 12:58:36,7310.0,7364.5,0,110,0,2,0,0,2,0,,,,,,
2026-10-06 12:58:36,7310.0,7364.5,0,34,0,19,0,0,19,0,,,,,,
2026-10-06 12:58:36,7310.0,7364.5,0,16,0,0,0,0,0,0,,,,,,
2026-10-06 12:58:36,7310.0,7364.5,0,10,0,0,0,0,0,0,,,,,,
2026-10-06 12:58:36,7310.0,7364.5,73,1537,0,17,0,0,17,0,,,,,,
2026-10-06 12:58:36,7315.0,7369.5,0,18,0,0,0,0,0,0,,,,,,
2026-10-06 12:58:36,7315.0,7369.5,0,44,0,0,0,0,0,0,,,,,,
2026-10-06 12:58:36,7315.0,7369.5,0,1,0,56,0,55,56,55,,,,,,
2026-10-06 12:58:36,7315.0,7369.5,0,0,0,11,0,11,11,11,,,,,,
2026-10-06 12:58:36,7315.0,7369.5,0,0,0,1,0,1,1,1,,,,,,
2026-10-06 12:58:36,7315.0,7369.5,24,401,0,7,0,0,7,0,,,,,,
2026-10-06 12:58:36,7320.0,7374.5,0,148,0,0,0,0,0,0,,,,,,
2026-10-06 12:58:36,7320.0,7374.5,0,84,0,10,0,0,10,0,,,,,,
2026-10-06 12:58:36,7320.0,7374.5,0,122,0,60,0,0,60,0,,,,,,
2026-10-06 12:58:36,7320.0,7374.5,13,270,0,104,0,0,104,0,,,,,,
2026-10-06 12:58:36,7320.0,7374.5,2,150,0,36,0,0,36,0,,,,,,
2026-10-06 12:58:36,7320.0,7374.5,0,27,0,5,0,0,5,0,,,,,,
2026-10-06 12:58:36,7320.0,7374.5,0,26,0,3,0,0,3,0,,,,,,
2026-10-06 12:58:36,7320.0,7374.5,0,36,0,1,0,0,1,0,,,,,,
2026-10-06 12:58:36,7320.0,7374.5,84,1923,0,57,0,0,57,0,,,,,,
2026-10-06 12:58:36,7325.0,7379.5,0,1196,0,2,0,0,2,0,,,,,,
2026-10-06 12:58:36,7325.0,7379.5,0,345,0,4,0,0,4,0,,,,,,
2026-10-06 12:58:36,7325.0,7379.5,0,205,0,24,0,0,24,0,,,,,,
2026-10-06 12:58:36,7325.0,7379.5,51,3812,0,8,0,0,8,0,,,,,,
2026-10-06 12:58:36,7325.0,7379.5,2,442,0,58,0,0,58,0,,,,,,
2026-10-06 12:58:36,7325.0,7379.5,0,83,0,8,0,0,8,0,,,,,,
2026-10-06 12:58:36,7325.0,7379.5,0,195,0,1,0,0,1,0,,,,,,
2026-10-06 12:58:36,7325.0,7379.5,0,368,0,42,0,0,42,0,,,,,,
2026-10-06 12:58:36,7325.0,7379.5,818,3631,0,230,0,0,230,0,,,,,,
2026-10-06 12:58:36,7330.0,7384.5,0,853,0,0,0,0,0,0,,,,,,
2026-10-06 12:58:36,7330.0,7384.5,0,176,0,0,0,0,0,0,,,,,,
2026-10-06 12:58:36,7330.0,7384.5,1,145,0,34,0,0,34,0,,,,,,
2026-10-06 12:58:36,7330.0,7384.5,1,486,0,3,0,0,3,0,,,,,,
2026-10-06 12:58:36,7330.0,7384.5,0,85,0,48,0,0,48,0,,,,,,
2026-10-06 12:58:36,7330.0,7384.5,0,29,0,7,0,0,7,0,,,,,,
2026-10-06 12:58:36,7330.0,7384.5,0,29,0,15,0,0,15,0,,,,,,
2026-10-06 12:58:36,7330.0,7384.5,0,143,0,0,0,0,0,0,,,,,,
2026-10-06 12:58:36,7330.0,7384.5,40,735,0,15,0,0,15,0,,,,,,
2026-10-06 12:58:36,7335.0,7389.5,0,90,0,0,0,0,0,0,,,,,,
2026-10-06 12:58:36,7335.0,7389.5,0,14,0,0,0,0,0,0,,,,,,
2026-10-06 12:58:36,7335.0,7389.5,0,45,0,3,0,0,3,0,,,,,,
2026-10-06 12:58:36,7335.0,7389.5,0,1,0,8,0,7,8,7,,,,,,
2026-10-06 12:58:36,7335.0,7389.5,0,0,0,0,0,0,0,0,,,,,,
2026-10-06 12:58:36,7335.0,7389.5,38,687,0,7,0,0,7,0,,,,,,
2026-10-06 12:58:36,7340.0,7394.5,0,43,0,0,0,0,0,0,,,,,,
2026-10-06 12:58:36,7340.0,7394.5,0,226,0,65,0,0,65,0,,,,,,
2026-10-06 12:58:36,7340.0,7394.5,0,79,0,7,0,0,7,0,,,,,,
2026-10-06 12:58:36,7340.0,7394.5,125,273,0,37,0,0,37,0,,,,,,
2026-10-06 12:58:36,7340.0,7394.5,0,93,0,3,0,0,3,0,,,,,,
2026-10-06 12:58:36,7340.0,7394.5,0,58,0,18,0,0,18,0,,,,,,
2026-10-06 12:58:36,7340.0,7394.5,0,65,0,38,0,0,38,0,,,,,,
2026-10-06 12:58:36,7340.0,7394.5,0,122,0,31,0,0,31,0,,,,,,
2026-10-06 12:58:36,7340.0,7394.5,73,3182,0,36,0,0,36,0,,,,,,
2026-10-06 12:58:36,7345.0,7399.5,0,32,0,0,0,0,0,0,,,,,,
2026-10-06 12:58:36,7345.0,7399.5,0,124,0,6,0,0,6,0,,,,,,
2026-10-06 12:58:36,7345.0,7399.5,0,13,0,8,0,0,8,0,,,,,,
2026-10-06 12:58:36,7345.0,7399.5,0,4,0,2,0,0,2,0,,,,,,
2026-10-06 12:58:36,7345.0,7399.5,0,0,0,2,0,2,2,2,,,,,,
2026-10-06 12:58:36,7345.0,7399.5,60,1113,0,34,0,0,34,0,,,,,,
2026-10-06 12:58:36,7350.0,7404.5,0,1093,0,63,0,0,63,0,,,,,,
2026-10-06 12:58:36,7350.0,7404.5,1,452,0,386,0,0,386,0,,,,,,
2026-10-06 12:58:36,7350.0,7404.5,1,440,0,287,0,0,287,0,,,,,,
2026-10-06 12:58:36,7350.0,7404.5,23,2450,1,116,0,0,117,0,,,,,,
2026-10-06 12:58:36,7350.0,7404.5,0,436,0,61,0,0,61,0,,,,,,
2026-10-06 12:58:36,7350.0,7404.5,19,182,0,72,0,0,72,0,,,,,,
2026-10-06 12:58:36,7350.0,7404.5,0,309,0,27,0,0,27,0,,,,,,
2026-10-06 12:58:36,7350.0,7404.5,2,300,0,73,0,0,73,0,,,,,,
2026-10-06 12:58:36,7350.0,7404.5,2278,19319,0,348,0,0,348,0,,,,,,
2026-10-06 12:58:36,7355.0,7409.5,0,32,0,1,0,0,1,0,,,,,,
2026-10-06 12:58:36,7355.0,7409.5,0,111,0,20,0,0,20,0,,,,,,
2026-10-06 12:58:36,7355.0,7409.5,0,4,0,3,0,0,3,0,,,,,,
2026-10-06 12:58:36,7355.0,7409.5,0,4,0,29,0,25,29,25,,,,,,
2026-10-06 12:58:36,7355.0,7409.5,0,0,0,2,0,2,2,2,,,,,,
2026-10-06 12:58:36,7355.0,7409.5,48,1727,0,23,0,0,23,0,,,,,,
2026-10-06 12:58:36,7360.0,7414.5,10,302,10,0,0,0,10,0,,,,,,
2026-10-06 12:58:36,7360.0,7414.5,1,519,10,43,9,0,53,9,,,,,,
2026-10-06 12:58:36,7360.0,7414.5,1,134,0,10,0,0,10,0,,,,,,
2026-10-06 12:58:36,7360.0,7414.5,1,447,1,232,0,0,233,0,,,,,,
2026-10-06 12:58:36,7360.0,7414.5,0,196,1,11,1,0,12,1,,,,,,
2026-10-06 12:58:36,7360.0,7414.5,0,22,0,7,0,0,7,0,,,,,,
2026-10-06 12:58:36,7360.0,7414.5,0,205,0,6,0,0,6,0,,,,,,
2026-10-06 12:58:36,7360.0,7414.5,0,35,0,9,0,0,9,0,,,,,,
2026-10-06 12:58:36,7360.0,7414.5,122,646,0,62,0,0,62,0,,,,,,
2026-10-06 12:58:36,7365.0,7419.5,10,308,10,0,0,0,10,0,,,,,,
2026-10-06 12:58:36,7365.0,7419.5,0,115,10,37,10,0,47,10,,,,,,
2026-10-06 12:58:36,7365.0,7419.5,0,214,0,10,0,0,10,0,,,,,,
2026-10-06 12:58:36,7365.0,7419.5,4,198,0,40,0,0,40,0,,,,,,
2026-10-06 12:58:36,7365.0,7419.5,0,37,0,0,0,0,0,0,,,,,,
2026-10-06 12:58:36,7365.0,7419.5,0,8,0,4,0,0,4,0,,,,,,
2026-10-06 12:58:36,7365.0,7419.5,0,0,0,4,0,4,4,4,,,,,,
2026-10-06 12:58:36,7365.0,7419.5,0,10,0,0,0,0,0,0,,,,,,
2026-10-06 12:58:36,7365.0,7419.5,45,595,0,92,0,0,92,0,,,,,,
2026-10-06 12:58:36,7370.0,7424.5,0,167,0,20,0,0,20,0,,,,,,
2026-10-06 12:58:36,7370.0,7424.5,1,196,0,48,0,0,48,0,,,,,,
2026-10-06 12:58:36,7370.0,7424.5,1,216,0,87,0,0,87,0,,,,,,
2026-10-06 12:58:36,7370.0,7424.5,45,703,0,12,0,0,12,0,,,,,,
2026-10-06 12:58:36,7370.0,7424.5,1,120,1,10,0,0,11,0,,,,,,
2026-10-06 12:58:36,7370.0,7424.5,0,17,0,5,0,0,5,0,,,,,,
2026-10-06 12:58:36,7370.0,7424.5,30,95,0,1,0,0,1,0,,,,,,
2026-10-06 12:58:36,7370.0,7424.5,0,66,0,1,0,0,1,0,,,,,,
2026-10-06 12:58:36,7370.0,7424.5,134,815,0,31,0,0,31,0,,,,,,
2026-10-06 12:58:36,7375.0,7429.5,24,919,0,30,0,0,30,0,,,,,,
2026-10-06 12:58:36,7375.0,7429.5,0,754,0,757,0,3,757,3,,,,,,
2026-10-06 12:58:36,7375.0,7429.5,2,321,0,14,0,0,14,0,,,,,,
2026-10-06 12:58:36,7375.0,7429.5,11,1086,0,55,0,0,55,0,,,,,,
2026-10-06 12:58:36,7375.0,7429.5,1,2957,0,129,0,0,129,0,,,,,,
2026-10-06 12:58:36,7375.0,7429.5,1,207,0,52,0,0,52,0,,,,,,
2026-10-06 12:58:36,7375.0,7429.5,0,196,0,67,0,0,67,0,,,,,,
2026-10-06 12:58:36,7375.0,7429.5,2,205,0,89,0,0,89,0,,,,,,
2026-10-06 12:58:36,7375.0,7429.5,969,3981,0,276,0,0,276,0,,,,,,
2026-10-06 12:58:36,7380.0,7434.5,0,234,0,3,0,0,3,0,,,,,,
2026-10-06 12:58:36,7380.0,7434.5,30,3467,0,33,0,0,33,0,,,,,,
2026-10-06 12:58:36,7380.0,7434.5,1,234,0,8,0,0,8,0,,,,,,
2026-10-06 12:58:36,7380.0,7434.5,2,222,0,177,0,0,177,0,,,,,,
2026-10-06 12:58:36,7380.0,7434.5,0,51,0,20,0,0,20,0,,,,,,
2026-10-06 12:58:36,7380.0,7434.5,1,105,0,16,0,0,16,0,,,,,,
2026-10-06 12:58:36,7380.0,7434.5,0,64,0,21,0,0,21,0,,,,,,
2026-10-06 12:58:36,7380.0,7434.5,0,47,0,2,0,0,2,0,,,,,,
2026-10-06 12:58:36,7380.0,7434.5,73,1412,0,91,0,0,91,0,,,,,,
2026-10-06 12:58:36,7385.0,7439.5,1,413,0,2,0,0,2,0,,,,,,
2026-10-06 12:58:36,7385.0,7439.5,4,251,0,222,0,0,222,0,,,,,,
2026-10-06 12:58:36,7385.0,7439.5,0,628,0,1,0,0,1,0,,,,,,
2026-10-06 12:58:36,7385.0,7439.5,1,136,0,6,0,0,6,0,,,,,,
2026-10-06 12:58:36,7385.0,7439.5,0,36,0,1,0,0,1,0,,,,,,
2026-10-06 12:58:36,7385.0,7439.5,0,9,0,2,0,0,2,0,,,,,,
2026-10-06 12:58:36,7385.0,7439.5,0,0,0,0,0,0,0,0,,,,,,
2026-10-06 12:58:36,7385.0,7439.5,0,17,0,0,0,0,0,0,,,,,,
2026-10-06 12:58:36,7385.0,7439.5,49,1585,0,18,0,0,18,0,,,,,,
2026-10-06 12:58:36,7390.0,7444.5,0,410,0,3,0,0,3,0,,,,,,
2026-10-06 12:58:36,7390.0,7444.5,1,190,0,75,0,0,75,0,,,,,,
2026-10-06 12:58:36,7390.0,7444.5,0,259,0,43,0,0,43,0,,,,,,
2026-10-06 12:58:36,7390.0,7444.5,2,1446,0,122,0,0,122,0,,,,,,
2026-10-06 12:58:36,7390.0,7444.5,4,107,0,29,0,0,29,0,,,,,,
2026-10-06 12:58:36,7390.0,7444.5,0,70,0,10,0,0,10,0,,,,,,
2026-10-06 12:58:36,7390.0,7444.5,0,89,0,55,0,0,55,0,,,,,,
2026-10-06 12:58:36,7390.0,7444.5,2,102,0,21,0,0,21,0,,,,,,
2026-10-06 12:58:36,7390.0,7444.5,35,2097,0,21,0,0,21,0,,,,,,
2026-10-06 12:58:36,7395.0,7449.5,0,242,0,0,0,0,0,0,,,,,,
2026-10-06 12:58:36,7395.0,7449.5,0,85,0,53,0,0,53,0,,,,,,
2026-10-06 12:58:36,7395.0,7449.5,0,182,0,25,0,0,25,0,,,,,,
2026-10-06 12:58:36,7395.0,7449.5,4,206,0,9,0,0,9,0,,,,,,
2026-10-06 12:58:36,7395.0,7449.5,0,21,0,5,0,0,5,0,,,,,,
2026-10-06 12:58:36,7395.0,7449.5,0,5,0,4,0,0,4,0,,,,,,
2026-10-06 12:58:36,7395.0,7449.5,0,8,0,0,0,0,0,0,,,,,,
2026-10-06 12:58:36,7395.0,7449.5,0,1,0,0,0,0,0,0,,,,,,
2026-10-06 12:58:36,7395.0,7449.5,52,559,0,36,0,0,36,0,,,,,,
2026-10-06 12:58:36,7400.0,7454.5,8,1507,9,333,1,0,342,1,,,,,,
2026-10-06 12:58:36,7400.0,7454.5,9,581,4,1302,0,721,1306,721,,,,,,
2026-10-06 12:58:36,7400.0,7454.5,4,1425,1,184,0,0,185,0,,,,,,
2026-10-06 12:58:36,7400.0,7454.5,99,5261,0,246,0,0,246,0,,,,,,
2026-10-06 12:58:36,7400.0,7454.5,3,733,1,450,0,0,451,0,,,,,,
2026-10-06 12:58:36,7400.0,7454.5,0,245,0,140,0,0,140,0,,,,,,
2026-10-06 12:58:36,7400.0,7454.5,2,303,0,94,0,0,94,0,,,,,,
2026-10-06 12:58:36,7400.0,7454.5,21,345,0,38,0,0,38,0,,,,,,
2026-10-06 12:58:36,7400.0,7454.5,7316,25749,65,4182,0,0,4247,0,,,,,,
2026-10-06 12:58:36,7405.0,7459.5,1,492,0,45,0,0,45,0,,,,,,
2026-10-06 12:58:36,7405.0,7459.5,0,129,0,2,0,0,2,0,,,,,,
2026-10-06 12:58:36,7405.0,7459.5,0,177,0,54,0,0,54,0,,,,,,
2026-10-06 12:58:36,7405.0,7459.5,0,187,0,0,0,0,0,0,,,,,,
2026-10-06 12:58:36,7405.0,7459.5,0,120,0,6,0,0,6,0,,,,,,
2026-10-06 12:58:36,7405.0,7459.5,0,11,0,2,0,0,2,0,,,,,,
2026-10-06 12:58:36,7405.0,7459.5,0,21,0,12,0,0,12,0,,,,,,
2026-10-06 12:58:36,7405.0,7459.5,0,15,0,15,0,0,15,0,,,,,,
2026-10-06 12:58:36,7405.0,7459.5,54,532,1,11,0,0,12,0,,,,,,
2026-10-06 12:58:36,7410.0,7464.5,3,351,1,2,0,0,3,0,,,,,,
2026-10-06 12:58:36,7410.0,7464.5,4,390,0,117,0,0,117,0,,,,,,
2026-10-06 12:58:36,7410.0,7464.5,30,202,0,4,0,0,4,0,,,,,,
2026-10-06 12:58:36,7410.0,7464.5,8,644,2,136,0,0,138,0,,,,,,
2026-10-06 12:58:36,7410.0,7464.5,2,176,0,11,0,0,11,0,,,,,,
2026-10-06 12:58:36,7410.0,7464.5,30,44,0,20,0,0,20,0,,,,,,
2026-10-06 12:58:36,7410.0,7464.5,0,127,0,22,0,0,22,0,,,,,,
2026-10-06 12:58:36,7410.0,7464.5,30,68,0,15,0,0,15,0,,,,,,
2026-10-06 12:58:36,7410.0,7464.5,120,1126,0,190,0,0,190,0,,,,,,
2026-10-06 12:58:36,7415.0,7469.5,1,309,0,0,0,0,0,0,,,,,,
2026-10-06 12:58:36,7415.0,7469.5,0,422,0,4,0,0,4,0,,,,,,
2026-10-06 12:58:36,7415.0,7469.5,0,135,0,11,0,0,11,0,,,,,,
2026-10-06 12:58:36,7415.0,7469.5,0,524,0,171,0,0,171,0,,,,,,
2026-10-06 12:58:36,7415.0,7469.5,0,112,0,3,0,0,3,0,,,,,,
2026-10-06 12:58:36,7415.0,7469.5,0,24,0,1,0,0,1,0,,,,,,
2026-10-06 12:58:36,7415.0,7469.5,0,12,0,0,0,0,0,0,,,,,,
2026-10-06 12:58:36,7415.0,7469.5,0,0,0,0,0,0,0,0,,,,,,
2026-10-06 12:58:36,7415.0,7469.5,59,792,0,39,0,0,39,0,,,,,,
2026-10-06 12:58:36,7420.0,7474.5,2,504,2,67,0,0,69,0,,,,,,
2026-10-06 12:58:36,7420.0,7474.5,1,453,0,156,0,0,156,0,,,,,,
2026-10-06 12:58:36,7420.0,7474.5,0,455,0,21,0,0,21,0,,,,,,
2026-10-06 12:58:36,7420.0,7474.5,8,523,4,38,0,0,42,0,,,,,,
2026-10-06 12:58:36,7420.0,7474.5,0,182,0,64,0,0,64,0,,,,,,
2026-10-06 12:58:36,7420.0,7474.5,1,50,0,29,0,0,29,0,,,,,,
2026-10-06 12:58:36,7420.0,7474.5,2,122,0,27,0,0,27,0,,,,,,
2026-10-06 12:58:36,7420.0,7474.5,0,89,0,29,0,0,29,0,,,,,,
2026-10-06 12:58:36,7420.0,7474.5,115,3088,0,36,0,0,36,0,,,,,,
2026-10-06 12:58:36,7425.0,7479.5,1,472,0,5,0,0,5,0,,,,,,
2026-10-06 12:58:36,7425.0,7479.5,0,2311,0,34,0,0,34,0,,,,,,
2026-10-06 12:58:36,7425.0,7479.5,1,219,1,280,0,61,281,61,,,,,,
2026-10-06 12:58:36,7425.0,7479.5,3,521,0,102,0,0,102,0,,,,,,
2026-10-06 12:58:36,7425.0,7479.5,0,306,0,8,0,0,8,0,,,,,,
2026-10-06 12:58:36,7425.0,7479.5,6,114,0,26,0,0,26,0,,,,,,
2026-10-06 12:58:36,7425.0,7479.5,2,93,0,104,0,11,104,11,,,,,,
2026-10-06 12:58:36,7425.0,7479.5,1,200,0,41,0,0,41,0,,,,,,
2026-10-06 12:58:36,7425.0,7479.5,792,4640,0,358,0,0,358,0,,,,,,
2026-10-06 12:58:36,7430.0,7484.5,5,326,5,4,0,0,9,0,,,,,,
2026-10-06 12:58:36,7430.0,7484.5,0,207,0,79,0,0,79,0,,,,,,
2026-10-06 12:58:36,7430.0,7484.5,1,249,0,26,0,0,26,0,,,,,,
2026-10-06 12:58:36,7430.0,7484.5,10,310,0,19,0,0,19,0,,,,,,
2026-10-06 12:58:36,7430.0,7484.5,0,122,0,3,0,0,3,0,,,,,,
2026-10-06 12:58:36,7430.0,7484.5,0,51,0,300,0,249,300,249,,,,,,
2026-10-06 12:58:36,7430.0,7484.5,0,50,0,17,0,0,17,0,,,,,,
2026-10-06 12:58:36,7430.0,7484.5,1,258,0,10,0,0,10,0,,,,,,
2026-10-06 12:58:36,7430.0,7484.5,62,1756,0,101,0,0,101,0,,,,,,
2026-10-06 12:58:36,7435.0,7489.5,0,324,0,10,0,0,10,0,,,,,,
2026-10-06 12:58:36,7435.0,7489.5,1,221,0,81,0,0,81,0,,,,,,
2026-10-06 12:58:36,7435.0,7489.5,0,749,0,6,0,0,6,0,,,,,,
2026-10-06 12:58:36,7435.0,7489.5,2,397,0,181,0,0,181,0,,,,,,
2026-10-06 12:58:36,7435.0,7489.5,0,53,0,25,0,0,25,0,,,,,,
2026-10-06 12:58:36,7435.0,7489.5,0,32,0,228,0,196,228,196,,,,,,
2026-10-06 12:58:36,7435.0,7489.5,0,23,0,9,0,0,9,0,,,,,,
2026-10-06 12:58:36,7435.0,7489.5,0,27,0,1,0,0,1,0,,,,,,
2026-10-06 12:58:36,7435.0,7489.5,89,1287,0,191,0,0,191,0,,,,,,
2026-10-06 12:58:36,7440.0,7494.5,4,3538,3,6,0,0,9,0,,,,,,
2026-10-06 12:58:36,7440.0,7494.5,1,395,0,11,0,0,11,0,,,,,,
2026-10-06 12:58:36,7440.0,7494.5,7,208,0,36,0,0,36,0,,,,,,
2026-10-06 12:58:36,7440.0,7494.5,10,839,5,52,0,0,57,0,,,,,,
2026-10-06 12:58:36,7440.0,7494.5,30,74,0,13,0,0,13,0,,,,,,
2026-10-06 12:58:36,7440.0,7494.5,0,89,0,38,0,0,38,0,,,,,,
2026-10-06 12:58:36,7440.0,7494.5,10,312,0,51,0,0,51,0,,,,,,
2026-10-06 12:58:36,7440.0,7494.5,1,101,0,22,0,0,22,0,,,,,,
2026-10-06 12:58:36,7440.0,7494.5,107,860,23,85,0,0,108,0,,,,,,
2026-10-06 12:58:36,7445.0,7499.5,1,1770,0,1505,0,0,1505,0,,,,,,
2026-10-06 12:58:36,7445.0,7499.5,0,181,0,4,0,0,4,0,,,,,,
2026-10-06 12:58:36,7445.0,7499.5,1,1643,0,15,0,0,15,0,,,,,,
2026-10-06 12:58:36,7445.0,7499.5,7,238,0,78,0,0,78,0,,,,,,
2026-10-06 12:58:36,7445.0,7499.5,0,67,0,17,0,0,17,0,,,,,,
2026-10-06 12:58:36,7445.0,7499.5,0,25,0,39,0,14,39,14,,,,,,
2026-10-06 12:58:36,7445.0,7499.5,0,9,0,17,0,8,17,8,,,,,,
2026-10-06 12:58:36,7445.0,7499.5,0,70,0,10,0,0,10,0,,,,,,
2026-10-06 12:58:36,7445.0,7499.5,179,3218,0,37,0,0,37,0,,,,,,
2026-10-06 12:58:36,7450.0,7504.5,31,4548,10,1605,0,0,1615,0,,,,,,
2026-10-06 12:58:36,7450.0,7504.5,27,909,0,118,0,0,118,0,,,,,,
2026-10-06 12:58:36,7450.0,7504.5,28,1888,1,57,0,0,58,0,,,,,,
2026-10-06 12:58:36,7450.0,7504.5,65,2423,0,126,0,0,126,0,,,,,,
2026-10-06 12:58:36,7450.0,7504.5,30,447,1,147,0,0,148,0,,,,,,
2026-10-06 12:58:36,7450.0,7504.5,3,114,1,3058,0,2944,3059,2944,,,,,,
2026-10-06 12:58:36,7450.0,7504.5,8,330,0,164,0,0,164,0,,,,,,
2026-10-06 12:58:36,7450.0,7504.5,12,144,0,19,0,0,19,0,,,,,,
2026-10-06 12:58:36,7450.0,7504.5,2758,12184,57,2264,0,0,2321,0,,,,,,
2026-10-06 12:58:36,7455.0,7509.5,0,272,0,6,0,0,6,0,,,,,,
2026-10-06 12:58:36,7455.0,7509.5,1,649,0,8,0,0,8,0,,,,,,
2026-10-06 12:58:36,7455.0,7509.5,0,122,0,22,0,0,22,0,,,,,,
2026-10-06 12:58:36,7455.0,7509.5,2,498,0,12,0,0,12,0,,,,,,
2026-10-06 12:58:36,7455.0,7509.5,2,56,0,99,0,43,99,43,,,,,,
2026-10-06 12:58:36,7455.0,7509.5,0,51,0,17,0,0,17,0,,,,,,
2026-10-06 12:58:36,7455.0,7509.5,0,5,0,29,0,24,29,24,,,,,,
2026-10-06 12:58:36,7455.0,7509.5,0,29,0,10,0,0,10,0,,,,,,
2026-10-06 12:58:36,7455.0,7509.5,37,871,4,26,0,0,30,0,,,,,,
2026-10-06 12:58:36,7460.0,7514.5,0,1090,0,224,0,0,224,0,,,,,,
2026-10-06 12:58:36,7460.0,7514.5,0,641,4,16,4,0,20,4,,,,,,
2026-10-06 12:58:36,7460.0,7514.5,5,213,0,56,0,0,56,0,,,,,,
2026-10-06 12:58:36,7460.0,7514.5,26,650,0,105,0,0,105,0,,,,,,
2026-10-06 12:58:36,7460.0,7514.5,0,109,0,44,0,0,44,0,,,,,,
2026-10-06 12:58:36,7460.0,7514.5,0,97,0,11,0,0,11,0,,,,,,
2026-10-06 12:58:36,7460.0,7514.5,31,778,0,319,0,0,319,0,,,,,,
2026-10-06 12:58:36,7460.0,7514.5,1,58,0,11,0,0,11,0,,,,,,
2026-10-06 12:58:36,7460.0,7514.5,175,996,1,88,0,0,89,0,,,,,,
2026-10-06 12:58:36,7465.0,7519.5,0,282,0,3,0,0,3,0,,,,,,
2026-10-06 12:58:36,7465.0,7519.5,0,313,0,26,0,0,26,0,,,,,,
2026-10-06 12:58:36,7465.0,7519.5,0,855,0,11,0,0,11,0,,,,,,
2026-10-06 12:58:36,7465.0,7519.5,9,407,0,85,0,0,85,0,,,,,,
2026-10-06 12:58:36,7465.0,7519.5,0,47,0,21,0,0,21,0,,,,,,
2026-10-06 12:58:36,7465.0,7519.5,0,22,0,39,0,17,39,17,,,,,,
2026-10-06 12:58:36,7465.0,7519.5,0,7,0,6,0,0,6,0,,,,,,
2026-10-06 12:58:36,7465.0,7519.5,0,5,0,3,0,0,3,0,,,,,,
2026-10-06 12:58:36,7465.0,7519.5,88,530,0,37,0,0,37,0,,,,,,
2026-10-06 12:58:36,7470.0,7524.5,1,259,1,3,0,0,4,0,,,,,,
2026-10-06 12:58:36,7470.0,7524.5,5,284,1,86,0,0,87,0,,,,,,
2026-10-06 12:58:36,7470.0,7524.5,50,297,0,43,0,0,43,0,,,,,,
2026-10-06 12:58:36,7470.0,7524.5,44,963,2,78,0,0,80,0,,,,,,
2026-10-06 12:58:36,7470.0,7524.5,6,128,3,28,0,0,31,0,,,,,,
2026-10-06 12:58:36,7470.0,7524.5,23,154,0,9,0,0,9,0,,,,,,
2026-10-06 12:58:36,7470.0,7524.5,30,322,0,32,0,0,32,0,,,,,,
2026-10-06 12:58:36,7470.0,7524.5,2,48,0,0,0,0,0,0,,,,,,
2026-10-06 12:58:36,7470.0,7524.5,204,1178,10,115,0,0,125,0,,,,,,
2026-10-06 12:58:36,7475.0,7529.5,1,2974,1,17,0,0,18,0,,,,,,
2026-10-06 12:58:36,7475.0,7529.5,81,1475,1,159,0,0,160,0,,,,,,
2026-10-06 12:58:36,7475.0,7529.5,5,184,1,16,0,0,17,0,,,,,,
2026-10-06 12:58:36,7475.0,7529.5,15,2484,0,526,0,0,526,0,,,,,,
2026-10-06 12:58:36,7475.0,7529.5,1,633,0,104,0,0,104,0,,,,,,
2026-10-06 12:58:36,7475.0,7529.5,0,125,1,75,1,0,76,1,,,,,,
2026-10-06 12:58:36,7475.0,7529.5,26,230,0,99,0,0,99,0,,,,,,
2026-10-06 12:58:36,7475.0,7529.5,7,321,81,91,74,0,172,74,,,,,,
2026-10-06 12:58:36,7475.0,7529.5,2020,5776,10,163,0,0,173,0,,,,,,
2026-10-06 12:58:36,7480.0,7534.5,1,1907,0,34,0,0,34,0,,,,,,
2026-10-06 12:58:36,7480.0,7534.5,31,306,5,70,0,0,75,0,,,,,,
2026-10-06 12:58:36,7480.0,7534.5,53,146,0,33,0,0,33,0,,,,,,
2026-10-06 12:58:36,7480.0,7534.5,60,1684,0,147,0,0,147,0,,,,,,
2026-10-06 12:58:36,7480.0,7534.5,10,214,0,11,0,0,11,0,,,,,,
2026-10-06 12:58:36,7480.0,7534.5,0,314,0,95,0,0,95,0,,,,,,
2026-10-06 12:58:36,7480.0,7534.5,1,120,0,6,0,0,6,0,,,,,,
2026-10-06 12:58:36,7480.0,7534.5,0,223,0,8,0,0,8,0,,,,,,
2026-10-06 12:58:36,7480.0,7534.5,165,897,10,113,0,0,123,0,,,,,,
2026-10-06 12:58:36,7485.0,7539.5,1,548,0,40,0,0,40,0,,,,,,
2026-10-06 12:58:36,7485.0,7539.5,5,936,0,120,0,0,120,0,,,,,,
2026-10-06 12:58:36,7485.0,7539.5,1,72,0,33,0,0,33,0,,,,,,
2026-10-06 12:58:36,7485.0,7539.5,2,867,0,76,0,0,76,0,,,,,,
2026-10-06 12:58:36,7485.0,7539.5,0,60,0,5,0,0,5,0,,,,,,
2026-10-06 12:58:36,7485.0,7539.5,0,11,0,205,0,194,205,194,,,,,,
2026-10-06 12:58:36,7485.0,7539.5,0,117,0,3,0,0,3,0,,,,,,
2026-10-06 12:58:36,7485.0,7539.5,0,17,0,0,0,0,0,0,,,,,,
2026-10-06 12:58:36,7485.0,7539.5,100,1049,0,118,0,0,118,0,,,,,,
2026-10-06 12:58:36,7490.0,7544.5,2,740,1,54,0,0,55,0,,,,,,
2026-10-06 12:58:36,7490.0,7544.5,6,860,4,68,0,0,72,0,,,,,,
2026-10-06 12:58:36,7490.0,7544.5,14,153,1,12,0,0,13,0,,,,,,
2026-10-06 12:58:36,7490.0,7544.5,7,812,1,165,0,0,166,0,,,,,,
2026-10-06 12:58:36,7490.0,7544.5,11,200,1,39,0,0,40,0,,,,,,
2026-10-06 12:58:36,7490.0,7544.5,2,296,0,76,0,0,76,0,,,,,,
2026-10-06 12:58:36,7490.0,7544.5,5,189,2,49,0,0,51,0,,,,,,
2026-10-06 12:58:36,7490.0,7544.5,0,220,0,6,0,0,6,0,,,,,,
2026-10-06 12:58:36,7490.0,7544.5,290,2569,0,169,0,0,169,0,,,,,,
2026-10-06 12:58:36,7495.0,7549.5,0,436,0,363,0,0,363,0,,,,,,
2026-10-06 12:58:36,7495.0,7549.5,0,1894,0,60,0,0,60,0,,,,,,
2026-10-06 12:58:36,7495.0,7549.5,0,175,0,78,0,0,78,0,,,,,,
2026-10-06 12:58:36,7495.0,7549.5,4,899,0,79,0,0,79,0,,,,,,
2026-10-06 12:58:36,7495.0,7549.5,0,56,0,13,0,0,13,0,,,,,,
2026-10-06 12:58:36,7495.0,7549.5,0,75,0,5,0,0,5,0,,,,,,
2026-10-06 12:58:36,7495.0,7549.5,0,13,0,7,0,0,7,0,,,,,,
2026-10-06 12:58:36,7495.0,7549.5,0,42,0,0,0,0,0,0,,,,,,
2026-10-06 12:58:36,7495.0,7549.5,80,1252,0,52,0,0,52,0,,,,,,
2026-10-06 12:58:36,7500.0,7554.5,43,10157,14,1840,0,0,1854,0,,,,,,
2026-10-06 12:58:36,7500.0,7554.5,10,4249,9,440,0,0,449,0,,,,,,
2026-10-06 12:58:36,7500.0,7554.5,4,1148,0,380,0,0,380,0,,,,,,
2026-10-06 12:58:36,7500.0,7554.5,57,3771,1,844,0,0,845,0,,,,,,
2026-10-06 12:58:36,7500.0,7554.5,41,619,2,217,0,0,219,0,,,,,,
2026-10-06 12:58:36,7500.0,7554.5,193,1323,1,371,0,0,372,0,,,,,,
2026-10-06 12:58:36,7500.0,7554.5,36,1170,2,664,0,0,666,0,,,,,,
2026-10-06 12:58:36,7500.0,7554.5,10,631,1,33,0,0,34,0,,,,,,
2026-10-06 12:58:36,7500.0,7554.5,9491,42142,44,6101,0,0,6145,0,,,,,,
2026-10-06 12:58:36,7505.0,7559.5,1,362,0,760,0,398,760,398,,,,,,
2026-10-06 12:58:36,7505.0,7559.5,1,362,0,33,0,0,33,0,,,,,,
2026-10-06 12:58:36,7505.0,7559.5,0,78,0,16,0,0,16,0,,,,,,
2026-10-06 12:58:36,7505.0,7559.5,3,476,0,43,0,0,43,0,,,,,,
2026-10-06 12:58:36,7505.0,7559.5,0,97,0,5,0,0,5,0,,,,,,
2026-10-06 12:58:36,7505.0,7559.5,0,49,10,112,10,63,122,73,,,,,,
2026-10-06 12:58:36,7505.0,7559.5,1,11,0,0,0,0,0,0,,,,,,
2026-10-06 12:58:36,7505.0,7559.5,0,22,0,2,0,0,2,0,,,,,,
2026-10-06 12:58:36,7505.0,7559.5,112,574,0,260,0,0,260,0,,,,,,
2026-10-06 12:58:36,7510.0,7564.5,6,1175,2,516,0,0,518,0,,,,,,
2026-10-06 12:58:36,7510.0,7564.5,4,653,4,77,0,0,81,0,,,,,,
2026-10-06 12:58:36,7510.0,7564.5,39,216,1,83,0,0,84,0,,,,,,
2026-10-06 12:58:36,7510.0,7564.5,79,665,0,208,0,0,208,0,,,,,,
2026-10-06 12:58:36,7510.0,7564.5,5,336,0,341,0,5,341,5,,,,,,
2026-10-06 12:58:36,7510.0,7564.5,43,294,2,101,0,0,103,0,,,,,,
2026-10-06 12:58:36,7510.0,7564.5,3,123,0,31,0,0,31,0,,,,,,
2026-10-06 12:58:36,7510.0,7564.5,74,111,4,64,0,0,68,0,,,,,,
2026-10-06 12:58:36,7510.0,7564.5,131,769,0,227,0,0,227,0,,,,,,
2026-10-06 12:58:36,7515.0,7569.5,0,229,2,574,2,345,576,347,,,,,,
2026-10-06 12:58:36,7515.0,7569.5,2,766,0,145,0,0,145,0,,,,,,
2026-10-06 12:58:36,7515.0,7569.5,1,366,0,65,0,0,65,0,,,,,,
2026-10-06 12:58:36,7515.0,7569.5,11,693,0,221,0,0,221,0,,,,,,
2026-10-06 12:58:36,7515.0,7569.5,0,188,0,11,0,0,11,0,,,,,,
2026-10-06 12:58:36,7515.0,7569.5,0,49,10,68,10,19,78,29,,,,,,
2026-10-06 12:58:36,7515.0,7569.5,0,43,0,45,0,2,45,2,,,,,,
2026-10-06 12:58:36,7515.0,7569.5,0,86,0,49,0,0,49,0,,,,,,
2026-10-06 12:58:36,7515.0,7569.5,116,695,0,93,0,0,93,0,,,,,,
2026-10-06 12:58:36,7520.0,7574.5,23,581,0,828,0,247,828,247,,,,,,
2026-10-06 12:58:36,7520.0,7574.5,8,2161,2,113,0,0,115,0,,,,,,
2026-10-06 12:58:36,7520.0,7574.5,5,97,0,56,0,0,56,0,,,,,,
2026-10-06 12:58:36,7520.0,7574.5,15,2251,0,387,0,0,387,0,,,,,,
2026-10-06 12:58:36,7520.0,7574.5,29,405,21,66,0,0,87,0,,,,,,
2026-10-06 12:58:36,7520.0,7574.5,0,90,0,61,0,0,61,0,,,,,,
2026-10-06 12:58:36,7520.0,7574.5,1,1008,0,37,0,0,37,0,,,,,,
2026-10-06 12:58:36,7520.0,7574.5,0,119,0,10,0,0,10,0,,,,,,
2026-10-06 12:58:36,7520.0,7574.5,106,1453,0,179,0,0,179,0,,,,,,
2026-10-06 12:58:36,7525.0,7579.5,6,595,1,1148,0,553,1149,553,,,,,,
2026-10-06 12:58:36,7525.0,7579.5,11,914,0,273,0,0,273,0,,,,,,
2026-10-06 12:58:36,7525.0,7579.5,10,321,0,3079,0,2758,3079,2758,,,,,,
2026-10-06 12:58:36,7525.0,7579.5,115,3297,21,1420,0,0,1441,0,,,,,,
2026-10-06 12:58:36,7525.0,7579.5,9,574,0,399,0,0,399,0,,,,,,
2026-10-06 12:58:36,7525.0,7579.5,2,97,1,79,0,0,80,0,,,,,,
2026-10-06 12:58:36,7525.0,7579.5,4,493,1,32,0,0,33,0,,,,,,
2026-10-06 12:58:36,7525.0,7579.5,10,398,0,35,0,0,35,0,,,,,,
2026-10-06 12:58:36,7525.0,7579.5,1566,3449,18,344,0,0,362,0,,,,,,
2026-10-06 12:58:36,7530.0,7584.5,9,573,1,653,0,80,654,80,,,,,,
2026-10-06 12:58:36,7530.0,7584.5,13,739,4,224,0,0,228,0,,,,,,
2026-10-06 12:58:36,7530.0,7584.5,9,402,0,226,0,0,226,0,,,,,,
2026-10-06 12:58:36,7530.0,7584.5,23,2692,0,263,0,0,263,0,,,,,,
2026-10-06 12:58:36,7530.0,7584.5,7,549,1,59,0,0,60,0,,,,,,
2026-10-06 12:58:36,7530.0,7584.5,6,81,0,11,0,0,11,0,,,,,,
2026-10-06 12:58:36,7530.0,7584.5,12,207,0,7,0,0,7,0,,,,,,
2026-10-06 12:58:36,7530.0,7584.5,3,200,0,81,0,0,81,0,,,,,,
2026-10-06 12:58:36,7530.0,7584.5,94,3382,0,165,0,0,165,0,,,,,,
2026-10-06 12:58:36,7535.0,7589.5,8,2105,0,1171,0,0,1171,0,,,,,,
2026-10-06 12:58:36,7535.0,7589.5,2,429,0,154,0,0,154,0,,,,,,
2026-10-06 12:58:36,7535.0,7589.5,7,159,1,1524,0,1365,1525,1365,,,,,,
2026-10-06 12:58:36,7535.0,7589.5,38,626,0,146,0,0,146,0,,,,,,
2026-10-06 12:58:36,7535.0,7589.5,1,162,0,59,0,0,59,0,,,,,,
2026-10-06 12:58:36,7535.0,7589.5,0,21,0,9,0,0,9,0,,,,,,
2026-10-06 12:58:36,7535.0,7589.5,0,45,0,4,0,0,4,0,,,,,,
2026-10-06 12:58:36,7535.0,7589.5,0,74,0,46,0,0,46,0,,,,,,
2026-10-06 12:58:36,7535.0,7589.5,228,796,1,297,0,0,298,0,,,,,,
2026-10-06 12:58:36,7540.0,7594.5,12,3692,9,980,0,0,989,0,,,,,,
2026-10-06 12:58:36,7540.0,7594.5,34,550,2,120,0,0,122,0,,,,,,
2026-10-06 12:58:36,7540.0,7594.5,8,468,0,72,0,0,72,0,,,,,,
2026-10-06 12:58:36,7540.0,7594.5,18,1200,0,276,0,0,276,0,,,,,,
2026-10-06 12:58:36,7540.0,7594.5,42,1062,0,229,0,0,229,0,,,,,,
2026-10-06 12:58:36,7540.0,7594.5,0,99,0,20,0,0,20,0,,,,,,
2026-10-06 12:58:36,7540.0,7594.5,2,339,0,273,0,0,273,0,,,,,,
2026-10-06 12:58:36,7540.0,7594.5,26,242,1,0,0,0,1,0,,,,,,
2026-10-06 12:58:36,7540.0,7594.5,269,885,1,118,0,0,119,0,,,,,,
2026-10-06 12:58:36,7545.0,7599.5,1,2183,0,711,0,0,711,0,,,,,,
2026-10-06 12:58:36,7545.0,7599.5,1,694,1,133,0,0,134,0,,,,,,
2026-10-06 12:58:36,7545.0,7599.5,19,150,1,120,0,0,121,0,,,,,,
2026-10-06 12:58:36,7545.0,7599.5,8,639,0,245,0,0,245,0,,,,,,
2026-10-06 12:58:36,7545.0,7599.5,0,177,0,72,0,0,72,0,,,,,,
2026-10-06 12:58:36,7545.0,7599.5,0,55,0,31,0,0,31,0,,,,,,
2026-10-06 12:58:36,7545.0,7599.5,2,147,0,11,0,0,11,0,,,,,,
2026-10-06 12:58:36,7545.0,7599.5,0,16,0,2,0,0,2,0,,,,,,
2026-10-06 12:58:36,7545.0,7599.5,103,701,0,184,0,0,184,0,,,,,,
2026-10-06 12:58:36,7550.0,7604.5,15,4666,9,730,0,0,739,0,,,,,,
2026-10-06 12:58:36,7550.0,7604.5,57,1138,45,347,0,0,392,0,,,,,,
2026-10-06 12:58:36,7550.0,7604.5,18,469,1,1706,0,1237,1707,1237,,,,,,
2026-10-06 12:58:36,7550.0,7604.5,163,2726,23,1212,0,0,1235,0,,,,,,
2026-10-06 12:58:36,7550.0,7604.5,13,688,6,307,0,0,313,0,,,,,,
2026-10-06 12:58:36,7550.0,7604.5,21,444,2,553,0,109,555,109,,,,,,
2026-10-06 12:58:36,7550.0,7604.5,70,1759,1,622,0,0,623,0,,,,,,
2026-10-06 12:58:36,7550.0,7604.5,14,492,0,44,0,0,44,0,,,,,,
2026-10-06 12:58:36,7550.0,7604.5,4454,13688,49,2531,0,0,2580,0,,,,,,
2026-10-06 12:58:36,7555.0,7609.5,15,592,1,102,0,0,103,0,,,,,,
2026-10-06 12:58:36,7555.0,7609.5,4,366,0,6885,0,6519,6885,6519,,,,,,
2026-10-06 12:58:36,7555.0,7609.5,5,155,0,89,0,0,89,0,,,,,,
2026-10-06 12:58:36,7555.0,7609.5,35,699,5,138,0,0,143,0,,,,,,
2026-10-06 12:58:36,7555.0,7609.5,1,462,0,43,0,0,43,0,,,,,,
2026-10-06 12:58:36,7555.0,7609.5,2,35,1,46,0,11,47,11,,,,,,
2026-10-06 12:58:36,7555.0,7609.5,0,16,0,19,0,3,19,3,,,,,,
2026-10-06 12:58:36,7555.0,7609.5,1,61,0,4,0,0,4,0,,,,,,
2026-10-06 12:58:36,7555.0,7609.5,267,847,0,190,0,0,190,0,,,,,,
2026-10-06 12:58:36,7560.0,7614.5,7,1839,0,28,0,0,28,0,,,,,,
2026-10-06 12:58:36,7560.0,7614.5,117,503,6,187,0,0,193,0,,,,,,
2026-10-06 12:58:36,7560.0,7614.5,35,164,0,52,0,0,52,0,,,,,,
2026-10-06 12:58:36,7560.0,7614.5,54,1159,0,365,0,0,365,0,,,,,,
2026-10-06 12:58:36,7560.0,7614.5,9,552,0,139,0,0,139,0,,,,,,
2026-10-06 12:58:36,7560.0,7614.5,5,65,0,112,0,47,112,47,,,,,,
2026-10-06 12:58:36,7560.0,7614.5,4,173,0,99,0,0,99,0,,,,,,
2026-10-06 12:58:36,7560.0,7614.5,15,112,85,121,70,9,206,79,,,,,,
2026-10-06 12:58:36,7560.0,7614.5,371,1236,1,502,0,0,503,0,,,,,,
2026-10-06 12:58:36,7565.0,7619.5,28,361,2,47,0,0,49,0,,,,,,
2026-10-06 12:58:36,7565.0,7619.5,3,423,2,2847,0,2424,2849,2424,,,,,,
2026-10-06 12:58:36,7565.0,7619.5,5,214,0,137,0,0,137,0,,,,,,
2026-10-06 12:58:36,7565.0,7619.5,20,1083,5,364,0,0,369,0,,,,,,
2026-10-06 12:58:36,7565.0,7619.5,0,280,0,26,0,0,26,0,,,,,,
2026-10-06 12:58:36,7565.0,7619.5,0,1129,0,321,0,0,321,0,,,,,,
2026-10-06 12:58:36,7565.0,7619.5,1,141,0,126,0,0,126,0,,,,,,
2026-10-06 12:58:36,7565.0,7619.5,13,55,0,7,0,0,7,0,,,,,,
2026-10-06 12:58:36,7565.0,7619.5,78,1125,1,257,0,0,258,0,,,,,,
2026-10-06 12:58:36,7570.0,7624.5,3,668,0,223,0,0,223,0,,,,,,
2026-10-06 12:58:36,7570.0,7624.5,13,263,3,739,0,476,742,476,,,,,,
2026-10-06 12:58:36,7570.0,7624.5,24,368,2,83,0,0,85,0,,,,,,
2026-10-06 12:58:36,7570.0,7624.5,81,1404,0,721,0,0,721,0,,,,,,
2026-10-06 12:58:36,7570.0,7624.5,5,797,1,584,0,0,585,0,,,,,,
2026-10-06 12:58:36,7570.0,7624.5,32,132,0,88,0,0,88,0,,,,,,
2026-10-06 12:58:36,7570.0,7624.5,42,2622,0,2513,0,0,2513,0,,,,,,
2026-10-06 12:58:36,7570.0,7624.5,18,131,5,13,0,0,18,0,,,,,,
2026-10-06 12:58:36,7570.0,7624.5,225,1110,6,338,0,0,344,0,,,,,,
2026-10-06 12:58:36,7575.0,7629.5,181,3180,22,254,0,0,276,0,,,,,,
2026-10-06 12:58:36,7575.0,7629.5,6,1226,1,4800,0,3574,4801,3574,,,,,,
2026-10-06 12:58:36,7575.0,7629.5,10,644,0,283,0,0,283,0,,,,,,
2026-10-06 12:58:36,7575.0,7629.5,86,1514,0,826,0,0,826,0,,,,,,
2026-10-06 12:58:36,7575.0,7629.5,11,404,0,131,0,0,131,0,,,,,,
2026-10-06 12:58:36,7575.0,7629.5,3,732,0,402,0,0,402,0,,,,,,
2026-10-06 12:58:36,7575.0,7629.5,150,501,0,240,0,0,240,0,,,,,,
2026-10-06 12:58:36,7575.0,7629.5,29,232,1,316,0,84,317,84,,,,,,
2026-10-06 12:58:36,7575.0,7629.5,2092,3542,21,748,0,0,769,0,,,,,,
2026-10-06 12:58:36,7580.0,7634.5,41,2780,26,68,0,0,94,0,,,,,,
2026-10-06 12:58:36,7580.0,7634.5,16,1714,20,411,4,0,431,4,,,,,,
2026-10-06 12:58:36,7580.0,7634.5,5,773,0,62,0,0,62,0,,,,,,
2026-10-06 12:58:36,7580.0,7634.5,174,1250,19,352,0,0,371,0,,,,,,
2026-10-06 12:58:36,7580.0,7634.5,5,281,0,116,0,0,116,0,,,,,,
2026-10-06 12:58:36,7580.0,7634.5,8,106,0,219,0,113,219,113,,,,,,
2026-10-06 12:58:36,7580.0,7634.5,20,253,0,187,0,0,187,0,,,,,,
2026-10-06 12:58:36,7580.0,7634.5,166,156,8,62,0,0,70,0,,,,,,
2026-10-06 12:58:36,7580.0,7634.5,430,1641,7,220,0,0,227,0,,,,,,
2026-10-06 12:58:36,7585.0,7639.5,13,432,6,109,0,0,115,0,,,,,,
2026-10-06 12:58:36,7585.0,7639.5,4,266,5,247,1,0,252,1,,,,,,
2026-10-06 12:58:36,7585.0,7639.5,18,214,0,161,0,0,161,0,,,,,,
2026-10-06 12:58:36,7585.0,7639.5,65,705,4,152,0,0,156,0,,,,,,
2026-10-06 12:58:36,7585.0,7639.5,14,198,13,29,0,0,42,0,,,,,,
2026-10-06 12:58:36,7585.0,7639.5,1,444,0,25,0,0,25,0,,,,,,
2026-10-06 12:58:36,7585.0,7639.5,4,75,0,25,0,0,25,0,,,,,,
2026-10-06 12:58:36,7585.0,7639.5,5,52,0,62,0,10,62,10,,,,,,
2026-10-06 12:58:36,7585.0,7639.5,192,718,4,103,0,0,107,0,,,,,,
2026-10-06 12:58:36,7590.0,7644.5,29,1112,0,973,0,0,973,0,,,,,,
2026-10-06 12:58:36,7590.0,7644.5,12,362,0,223,0,0,223,0,,,,,,
2026-10-06 12:58:36,7590.0,7644.5,19,462,3,102,0,0,105,0,,,,,,
2026-10-06 12:58:36,7590.0,7644.5,308,1301,2,670,0,0,672,0,,,,,,
2026-10-06 12:58:36,7590.0,7644.5,67,1145,60,222,0,0,282,0,,,,,,
2026-10-06 12:58:36,7590.0,7644.5,218,387,0,508,0,121,508,121,,,,,,
2026-10-06 12:58:36,7590.0,7644.5,66,320,0,362,0,42,362,42,,,,,,
2026-10-06 12:58:36,7590.0,7644.5,30,227,5,58,0,0,63,0,,,,,,
2026-10-06 12:58:36,7590.0,7644.5,346,1236,4,215,0,0,219,0,,,,,,
2026-10-06 12:58:36,7595.0,7649.5,32,465,1,1929,0,1464,1930,1464,,,,,,
2026-10-06 12:58:36,7595.0,7649.5,7,342,0,279,0,0,279,0,,,,,,
2026-10-06 12:58:36,7595.0,7649.5,14,507,0,322,0,0,322,0,,,,,,
2026-10-06 12:58:36,7595.0,7649.5,47,778,0,314,0,0,314,0,,,,,,
2026-10-06 12:58:36,7595.0,7649.5,7,961,0,424,0,0,424,0,,,,,,
2026-10-06 12:58:36,7595.0,7649.5,44,1361,23,506,0,0,529,0,,,,,,
2026-10-06 12:58:36,7595.0,7649.5,3,73,0,8,0,0,8,0,,,,,,
2026-10-06 12:58:36,7595.0,7649.5,3,390,0,42,0,0,42,0,,,,,,
2026-10-06 12:58:36,7595.0,7649.5,171,543,5,78,0,0,83,0,,,,,,
2026-10-06 12:58:36,7600.0,7654.5,451,12202,60,2146,0,0,2206,0,,,,,,
2026-10-06 12:58:36,7600.0,7654.5,76,1312,49,853,0,0,902,0,,,,,,
2026-10-06 12:58:36,7600.0,7654.5,52,1018,1,319,0,0,320,0,,,,,,
2026-10-06 12:58:36,7600.0,7654.5,612,5660,22,1956,0,0,1978,0,,,,,,
2026-10-06 12:58:36,7600.0,7654.5,363,1937,31,657,0,0,688,0,,,,,,
2026-10-06 12:58:36,7600.0,7654.5,34,775,0,452,0,0,452,0,,,,,,
2026-10-06 12:58:36,7600.0,7654.5,49,373,6,145,0,0,151,0,,,,,,
2026-10-06 12:58:36,7600.0,7654.5,464,879,1,370,0,0,371,0,,,,,,
2026-10-06 12:58:36,7600.0,7654.5,13670,19470,118,11110,0,0,11228,0,,,,,,
2026-10-06 12:58:36,7605.0,7659.5,56,618,0,617,0,0,617,0,,,,,,
2026-10-06 12:58:36,7605.0,7659.5,9,176,0,269,0,93,269,93,,,,,,
2026-10-06 12:58:36,7605.0,7659.5,23,437,2,390,0,0,392,0,,,,,,
2026-10-06 12:58:36,7605.0,7659.5,40,509,3,157,0,0,160,0,,,,,,
2026-10-06 12:58:36,7605.0,7659.5,9,538,1,38,0,0,39,0,,,,,,
2026-10-06 12:58:36,7605.0,7659.5,6,99,0,174,0,75,174,75,,,,,,
2026-10-06 12:58:36,7605.0,7659.5,27,161,1,148,0,0,149,0,,,,,,
2026-10-06 12:58:36,7605.0,7659.5,13,25,4,30,0,5,34,5,,,,,,
2026-10-06 12:58:36,7605.0,7659.5,271,521,3,48,0,0,51,0,,,,,,
2026-10-06 12:58:36,7610.0,7664.5,48,660,24,615,0,0,639,0,,,,,,
2026-10-06 12:58:36,7610.0,7664.5,36,544,20,360,0,0,380,0,,,,,,
2026-10-06 12:58:36,7610.0,7664.5,76,488,0,147,0,0,147,0,,,,,,
2026-10-06 12:58:36,7610.0,7664.5,162,877,0,163,0,0,163,0,,,,,,
2026-10-06 12:58:36,7610.0,7664.5,75,236,23,88,0,0,111,0,,,,,,
2026-10-06 12:58:36,7610.0,7664.5,181,87,1,164,0,77,165,77,,,,,,
2026-10-06 12:58:36,7610.0,7664.5,71,113,5,57,0,0,62,0,,,,,,
2026-10-06 12:58:36,7610.0,7664.5,23,58,0,21,0,0,21,0,,,,,,
2026-10-06 12:58:36,7610.0,7664.5,850,1312,6,206,0,0,212,0,,,,,,
2026-10-06 12:58:36,7615.0,7669.5,39,606,2,712,0,106,714,106,,,,,,
2026-10-06 12:58:36,7615.0,7669.5,50,256,1,244,0,0,245,0,,,,,,
2026-10-06 12:58:36,7615.0,7669.5,29,657,0,86,0,0,86,0,,,,,,
2026-10-06 12:58:36,7615.0,7669.5,32,1934,4,768,0,0,772,0,,,,,,
2026-10-06 12:58:36,7615.0,7669.5,7,792,2,87,0,0,89,0,,,,,,
2026-10-06 12:58:36,7615.0,7669.5,13,66,0,80,0,14,80,14,,,,,,
2026-10-06 12:58:36,7615.0,7669.5,12,13,0,337,0,324,337,324,,,,,,
2026-10-06 12:58:36,7615.0,7669.5,26,81,3,9,0,0,12,0,,,,,,
2026-10-06 12:58:36,7615.0,7669.5,664,1175,50,624,0,0,674,0,,,,,,
2026-10-06 12:58:36,7620.0,7674.5,53,2819,6,915,0,0,921,0,,,,,,
2026-10-06 12:58:36,7620.0,7674.5,46,532,0,936,0,404,936,404,,,,,,
2026-10-06 12:58:36,7620.0,7674.5,93,389,27,188,0,0,215,0,,,,,,
2026-10-06 12:58:36,7620.0,7674.5,151,1616,27,625,0,0,652,0,,,,,,
2026-10-06 12:58:36,7620.0,7674.5,59,316,0,225,0,0,225,0,,,,,,
2026-10-06 12:58:36,7620.0,7674.5,70,546,0,525,0,0,525,0,,,,,,
2026-10-06 12:58:36,7620.0,7674.5,65,122,37,241,0,119,278,119,,,,,,
2026-10-06 12:58:36,7620.0,7674.5,10,60,0,6,0,0,6,0,,,,,,
2026-10-06 12:58:36,7620.0,7674.5,635,2095,3,249,0,0,252,0,,,,,,
2026-10-06 12:58:36,7625.0,7679.5,48,1710,5,1096,0,0,1101,0,,,,,,
2026-10-06 12:58:36,7625.0,7679.5,67,737,10,903,0,166,913,166,,,,,,
2026-10-06 12:58:36,7625.0,7679.5,180,684,4,3374,0,2690,3378,2690,,,,,,
2026-10-06 12:58:36,7625.0,7679.5,586,2273,3,369,0,0,372,0,,,,,,
2026-10-06 12:58:36,7625.0,7679.5,111,496,22,934,0,438,956,438,,,,,,
2026-10-06 12:58:36,7625.0,7679.5,55,114,11,209,0,95,220,95,,,,,,
2026-10-06 12:58:36,7625.0,7679.5,45,120,0,2119,0,1999,2119,1999,,,,,,
2026-10-06 12:58:36,7625.0,7679.5,60,213,1,59,0,0,60,0,,,,,,
2026-10-06 12:58:36,7625.0,7679.5,2968,5633,53,424,0,0,477,0,,,,,,
2026-10-06 12:58:36,7630.0,7684.5,82,1928,8,1088,0,0,1096,0,,,,,,
2026-10-06 12:58:36,7630.0,7684.5,160,471,0,408,0,0,408,0,,,,,,
2026-10-06 12:58:36,7630.0,7684.5,61,650,7,8548,0,7898,8555,7898,,,,,,
2026-10-06 12:58:36,7630.0,7684.5,165,1366,5,480,0,0,485,0,,,,,,
2026-10-06 12:58:36,7630.0,7684.5,67,279,0,87,0,0,87,0,,,,,,
2026-10-06 12:58:36,7630.0,7684.5,25,77,0,395,0,318,395,318,,,,,,
2026-10-06 12:58:36,7630.0,7684.5,72,127,1,79,0,0,80,0,,,,,,
2026-10-06 12:58:36,7630.0,7684.5,51,122,1,11,0,0,12,0,,,,,,
2026-10-06 12:58:36,7630.0,7684.5,7033,2191,9,2212,0,21,2221,21,,,,,,
2026-10-06 12:58:36,7635.0,7689.5,107,1299,0,476,0,0,476,0,,,,,,
2026-10-06 12:58:36,7635.0,7689.5,74,800,2,346,0,0,348,0,,,,,,
2026-10-06 12:58:36,7635.0,7689.5,48,182,2,1762,0,1580,1764,1580,,,,,,
2026-10-06 12:58:36,7635.0,7689.5,152,2302,4,183,0,0,187,0,,,,,,
2026-10-06 12:58:36,7635.0,7689.5,25,101,1,95,0,0,96,0,,,,,,
2026-10-06 12:58:36,7635.0,7689.5,30,48,0,119,0,71,119,71,,,,,,
2026-10-06 12:58:36,7635.0,7689.5,30,51,0,300,0,249,300,249,,,,,,
2026-10-06 12:58:36,7635.0,7689.5,20,93,6,29,0,0,35,0,,,,,,
2026-10-06 12:58:36,7635.0,7689.5,300,1319,50,525,0,0,575,0,,,,,,
2026-10-06 12:58:36,7640.0,7694.5,115,757,20,951,0,194,971,194,,,,,,
2026-10-06 12:58:36,7640.0,7694.5,163,478,5,450,0,0,455,0,,,,,,
2026-10-06 12:58:36,7640.0,7694.5,90,204,4,8115,0,7911,8119,7911,,,,,,
2026-10-06 12:58:36,7640.0,7694.5,274,1696,3,545,0,0,548,0,,,,,,
2026-10-06 12:58:36,7640.0,7694.5,128,397,0,320,0,0,320,0,,,,,,
2026-10-06 12:58:36,7640.0,7694.5,20,144,3,249,0,105,252,105,,,,,,
2026-10-06 12:58:36,7640.0,7694.5,98,153,2,471,0,318,473,318,,,,,,
2026-10-06 12:58:36,7640.0,7694.5,58,71,1,34,0,0,35,0,,,,,,
2026-10-06 12:58:36,7640.0,7694.5,1138,6194,4,583,0,0,587,0,,,,,,
2026-10-06 12:58:36,7645.0,7699.5,77,717,29,1644,0,927,1673,927,,,,,,
2026-10-06 12:58:36,7645.0,7699.5,59,567,1,215,0,0,216,0,,,,,,
2026-10-06 12:58:36,7645.0,7699.5,39,382,0,250,0,0,250,0,,,,,,
2026-10-06 12:58:36,7645.0,7699.5,98,1976,4,215,0,0,219,0,,,,,,
2026-10-06 12:58:36,7645.0,7699.5,52,156,0,103,0,0,103,0,,,,,,
2026-10-06 12:58:36,7645.0,7699.5,27,145,4,296,0,151,300,151,,,,,,
2026-10-06 12:58:36,7645.0,7699.5,14,83,0,263,0,180,263,180,,,,,,
2026-10-06 12:58:36,7645.0,7699.5,5,76,1,16,0,0,17,0,,,,,,
2026-10-06 12:58:36,7645.0,7699.5,688,1077,2,109,0,0,111,0,,,,,,
2026-10-06 12:58:36,7650.0,7704.5,339,4083,33,4758,0,675,4791,675,,,,,,
2026-10-06 12:58:36,7650.0,7704.5,77,1616,10,1704,0,88,1714,88,,,,,,
2026-10-06 12:58:36,7650.0,7704.5,101,1721,22,1945,0,224,1967,224,,,,,,
2026-10-06 12:58:36,7650.0,7704.5,933,2378,158,1203,0,0,1361,0,,,,,,
2026-10-06 12:58:36,7650.0,7704.5,354,578,33,5162,0,4584,5195,4584,,,,,,
2026-10-06 12:58:36,7650.0,7704.5,579,397,1,438,0,41,439,41,,,,,,
2026-10-06 12:58:36,7650.0,7704.5,68,472,1,2983,0,2511,2984,2511,,,,,,
2026-10-06 12:58:36,7650.0,7704.5,114,323,7,149,0,0,156,0,,,,,,
2026-10-06 12:58:36,7650.0,7704.5,8714,17887,166,2900,0,0,3066,0,,,,,,
2026-10-06 12:58:36,7655.0,7709.5,125,2149,2,2583,0,434,2585,434,,,,,,
2026-10-06 12:58:36,7655.0,7709.5,69,336,2,7764,0,7428,7766,7428,,,,,,
2026-10-06 12:58:36,7655.0,7709.5,58,278,1,195,0,0,196,0,,,,,,
2026-10-06 12:58:36,7655.0,7709.5,149,923,38,511,0,0,549,0,,,,,,
2026-10-06 12:58:36,7655.0,7709.5,44,382,0,336,0,0,336,0,,,,,,
2026-10-06 12:58:36,7655.0,7709.5,17,102,11,124,0,22,135,22,,,,,,
2026-10-06 12:58:36,7655.0,7709.5,37,58,0,94,0,36,94,36,,,,,,
2026-10-06 12:58:36,7655.0,7709.5,17,107,6,20,0,0,26,0,,,,,,
2026-10-06 12:58:36,7655.0,7709.5,309,1456,5,73,0,0,78,0,,,,,,
2026-10-06 12:58:36,7660.0,7714.5,106,2854,12,1616,0,0,1628,0,,,,,,
2026-10-06 12:58:36,7660.0,7714.5,114,678,28,611,0,0,639,0,,,,,,
2026-10-06 12:58:36,7660.0,7714.5,81,187,7,761,0,574,768,574,,,,,,
2026-10-06 12:58:36,7660.0,7714.5,321,1036,75,626,0,0,701,0,,,,,,
2026-10-06 12:58:36,7660.0,7714.5,132,969,21,339,0,0,360,0,,,,,,
2026-10-06 12:58:36,7660.0,7714.5,60,176,6,240,0,64,246,64,,,,,,
2026-10-06 12:58:36,7660.0,7714.5,41,127,2,172,0,45,174,45,,,,,,
2026-10-06 12:58:36,7660.0,7714.5,35,172,1,101,0,0,102,0,,,,,,
2026-10-06 12:58:36,7660.0,7714.5,786,1967,9,571,0,0,580,0,,,,,,
2026-10-06 12:58:36,7665.0,7719.5,91,736,12,1471,0,735,1483,735,,,,,,
2026-10-06 12:58:36,7665.0,7719.5,112,694,8,2947,0,2253,2955,2253,,,,,,
2026-10-06 12:58:36,7665.0,7719.5,122,145,41,165,0,20,206,20,,,,,,
2026-10-06 12:58:36,7665.0,7719.5,474,776,7,561,0,0,568,0,,,,,,
2026-10-06 12:58:36,7665.0,7719.5,42,161,0,83,0,0,83,0,,,,,,
2026-10-06 12:58:36,7665.0,7719.5,48,148,0,176,0,28,176,28,,,,,,
2026-10-06 12:58:36,7665.0,7719.5,19,139,0,84,0,0,84,0,,,,,,
2026-10-06 12:58:36,7665.0,7719.5,78,38,0,19,0,0,19,0,,,,,,
2026-10-06 12:58:36,7665.0,7719.5,610,1026,7,183,0,0,190,0,,,,,,
2026-10-06 12:58:36,7670.0,7724.5,378,1721,11,2784,0,1063,2795,1063,,,,,,
2026-10-06 12:58:36,7670.0,7724.5,341,467,24,686,0,219,710,219,,,,,,
2026-10-06 12:58:36,7670.0,7724.5,211,264,9,354,0,90,363,90,,,,,,
2026-10-06 12:58:36,7670.0,7724.5,404,1292,19,930,0,0,949,0,,,,,,
2026-10-06 12:58:36,7670.0,7724.5,192,231,2,313,0,82,315,82,,,,,,
2026-10-06 12:58:36,7670.0,7724.5,102,256,61,444,0,188,505,188,,,,,,
2026-10-06 12:58:36,7670.0,7724.5,156,350,2,237,0,0,239,0,,,,,,
2026-10-06 12:58:36,7670.0,7724.5,83,149,4,15,0,0,19,0,,,,,,
2026-10-06 12:58:36,7670.0,7724.5,1020,1287,8,161,0,0,169,0,,,,,,
2026-10-06 12:58:36,7675.0,7729.5,287,3433,100,3183,0,0,3283,0,,,,,,
2026-10-06 12:58:36,7675.0,7729.5,1016,1168,117,4940,0,3772,5057,3772,,,,,,
2026-10-06 12:58:36,7675.0,7729.5,713,1065,16,595,0,0,611,0,,,,,,
2026-10-06 12:58:36,7675.0,7729.5,465,1880,31,841,0,0,872,0,,,,,,
2026-10-06 12:58:36,7675.0,7729.5,127,1117,6,642,0,0,648,0,,,,,,
2026-10-06 12:58:36,7675.0,7729.5,168,549,2,686,0,137,688,137,,,,,,
2026-10-06 12:58:36,7675.0,7729.5,93,463,2,109,0,0,111,0,,,,,,
2026-10-06 12:58:36,7675.0,7729.5,501,465,3,41,0,0,44,0,,,,,,
2026-10-06 12:58:36,7675.0,7729.5,4500,5974,97,370,0,0,467,0,,,,,,
2026-10-06 12:58:36,7680.0,7734.5,172,1709,89,3149,0,1440,3238,1440,,,,,,
2026-10-06 12:58:36,7680.0,7734.5,427,404,64,1360,0,956,1424,956,,,,,,
2026-10-06 12:58:36,7680.0,7734.5,165,1942,20,494,0,0,514,0,,,,,,
2026-10-06 12:58:36,7680.0,7734.5,292,1131,23,1007,0,0,1030,0,,,,,,
2026-10-06 12:58:36,7680.0,7734.5,91,823,4,616,0,0,620,0,,,,,,
2026-10-06 12:58:36,7680.0,7734.5,81,208,13,206,0,0,219,0,,,,,,
2026-10-06 12:58:36,7680.0,7734.5,37,171,21,196,0,25,217,25,,,,,,
2026-10-06 12:58:36,7680.0,7734.5,176,206,11,206,0,0,217,0,,,,,,
2026-10-06 12:58:36,7680.0,7734.5,752,1146,101,201,0,0,302,0,,,,,,
2026-10-06 12:58:36,7685.0,7739.5,170,2184,33,3138,0,954,3171,954,,,,,,
2026-10-06 12:58:36,7685.0,7739.5,114,486,32,651,0,165,683,165,,,,,,
2026-10-06 12:58:36,7685.0,7739.5,45,376,4,755,0,379,759,379,,,,,,
2026-10-06 12:58:36,7685.0,7739.5,147,643,28,822,0,179,850,179,,,,,,
2026-10-06 12:58:36,7685.0,7739.5,201,268,84,187,0,0,271,0,,,,,,
2026-10-06 12:58:36,7685.0,7739.5,655,89,6,204,0,115,210,115,,,,,,
2026-10-06 12:58:36,7685.0,7739.5,80,61,8,210,0,149,218,149,,,,,,
2026-10-06 12:58:36,7685.0,7739.5,93,116,7,66,0,0,73,0,,,,,,
2026-10-06 12:58:36,7685.0,7739.5,656,867,2,172,0,0,174,0,,,,,,
2026-10-06 12:58:36,7690.0,7744.5,232,2205,81,3586,0,1381,3667,1381,,,,,,
2026-10-06 12:58:36,7690.0,7744.5,169,896,35,1922,0,1026,1957,1026,,,,,,
2026-10-06 12:58:36,7690.0,7744.5,190,321,52,546,0,225,598,225,,,,,,
2026-10-06 12:58:36,7690.0,7744.5,365,1858,41,1002,0,0,1043,0,,,,,,
2026-10-06 12:58:36,7690.0,7744.5,74,941,6,751,0,0,757,0,,,,,,
2026-10-06 12:58:36,7690.0,7744.5,58,101,1,217,0,116,218,116,,,,,,
2026-10-06 12:58:36,7690.0,7744.5,163,238,1,161,0,0,162,0,,,,,,
2026-10-06 12:58:36,7690.0,7744.5,128,40,1,33,0,0,34,0,,,,,,
2026-10-06 12:58:36,7690.0,7744.5,741,671,27,216,0,0,243,0,,,,,,
2026-10-06 12:58:36,7695.0,7749.5,177,1596,19,2167,0,571,2186,571,,,,,,
2026-10-06 12:58:36,7695.0,7749.5,178,403,53,1664,0,1261,1717,1261,,,,,,
2026-10-06 12:58:36,7695.0,7749.5,76,277,4,391,0,114,395,114,,,,,,
2026-10-06 12:58:36,7695.0,7749.5,233,939,25,416,0,0,441,0,,,,,,
2026-10-06 12:58:36,7695.0,7749.5,49,399,23,90,0,0,113,0,,,,,,
2026-10-06 12:58:36,7695.0,7749.5,75,54,1,140,0,86,141,86,,,,,,
2026-10-06 12:58:36,7695.0,7749.5,160,62,5,67,0,5,72,5,,,,,,
2026-10-06 12:58:36,7695.0,7749.5,28,235,1,23,0,0,24,0,,,,,,
2026-10-06 12:58:36,7695.0,7749.5,965,1197,15,384,0,0,399,0,,,,,,
2026-10-06 12:58:36,7700.0,7754.5,583,3345,247,4723,0,1378,4970,1378,,,,,,
2026-10-06 12:58:36,7700.0,7754.5,731,2051,141,2443,0,392,2584,392,,,,,,
2026-10-06 12:58:36,7700.0,7754.5,1151,2768,30,1791,0,0,1821,0,,,,,,
2026-10-06 12:58:36,7700.0,7754.5,1611,4017,146,3051,0,0,3197,0,,,,,,
2026-10-06 12:58:36,7700.0,7754.5,761,1291,69,881,0,0,950,0,,,,,,
2026-10-06 12:58:36,7700.0,7754.5,1069,800,13,439,0,0,452,0,,,,,,
2026-10-06 12:58:36,7700.0,7754.5,186,1488,81,390,0,0,471,0,,,,,,
2026-10-06 12:58:36,7700.0,7754.5,581,639,138,308,0,0,446,0,,,,,,
2026-10-06 12:58:36,7700.0,7754.5,21772,27257,546,3837,0,0,4383,0,,,,,,
2026-10-06 12:58:36,7705.0,7759.5,332,1294,165,4623,0,3329,4788,3329,,,,,,
2026-10-06 12:58:36,7705.0,7759.5,196,534,182,1107,0,573,1289,573,,,,,,
2026-10-06 12:58:36,7705.0,7759.5,2187,1776,11,286,0,0,297,0,,,,,,
2026-10-06 12:58:36,7705.0,7759.5,341,717,14,356,0,0,370,0,,,,,,
2026-10-06 12:58:36,7705.0,7759.5,39,637,3,559,0,0,562,0,,,,,,
2026-10-06 12:58:36,7705.0,7759.5,90,17,2,163,0,146,165,146,,,,,,
2026-10-06 12:58:36,7705.0,7759.5,56,26,17,28,0,2,45,2,,,,,,
2026-10-06 12:58:36,7705.0,7759.5,54,154,6,53,0,0,59,0,,,,,,
2026-10-06 12:58:36,7705.0,7759.5,1185,1312,7,174,0,0,181,0,,,,,,
2026-10-06 12:58:36,7710.0,7764.5,724,2124,202,5271,0,3147,5473,3147,,,,,,
2026-10-06 12:58:36,7710.0,7764.5,535,1489,94,2865,0,1376,2959,1376,,,,,,
2026-10-06 12:58:36,7710.0,7764.5,238,248,9,266,0,18,275,18,,,,,,
2026-10-06 12:58:36,7710.0,7764.5,629,665,224,454,0,0,678,0,,,,,,
2026-10-06 12:58:36,7710.0,7764.5,1190,201,27,99,0,0,126,0,,,,,,
2026-10-06 12:58:36,7710.0,7764.5,132,147,6,282,0,135,288,135,,,,,,
2026-10-06 12:58:36,7710.0,7764.5,612,159,14,79,0,0,93,0,,,,,,
2026-10-06 12:58:36,7710.0,7764.5,66,363,8,131,0,0,139,0,,,,,,
2026-10-06 12:58:36,7710.0,7764.5,1559,3171,11,845,0,0,856,0,,,,,,
2026-10-06 12:58:36,7715.0,7769.5,456,1744,85,5760,0,4016,5845,4016,,,,,,
2026-10-06 12:58:36,7715.0,7769.5,668,421,66,1931,0,1510,1997,1510,,,,,,
2026-10-06 12:58:36,7715.0,7769.5,125,285,6,329,0,44,335,44,,,,,,
2026-10-06 12:58:36,7715.0,7769.5,487,1061,79,941,0,0,1020,0,,,,,,
2026-10-06 12:58:36,7715.0,7769.5,78,942,48,637,0,0,685,0,,,,,,
2026-10-06 12:58:36,7715.0,7769.5,61,82,1,237,0,155,238,155,,,,,,
2026-10-06 12:58:36,7715.0,7769.5,29,69,0,16,0,0,16,0,,,,,,
2026-10-06 12:58:36,7715.0,7769.5,40,116,3,508,0,392,511,392,,,,,,
2026-10-06 12:58:36,7715.0,7769.5,764,1860,28,906,0,0,934,0,,,,,,
2026-10-06 12:58:36,7720.0,7774.5,491,2636,270,6766,0,4130,7036,4130,,,,,,
2026-10-06 12:58:36,7720.0,7774.5,683,398,301,2749,0,2351,3050,2351,,,,,,
2026-10-06 12:58:36,7720.0,7774.5,180,292,27,3396,0,3104,3423,3104,,,,,,
2026-10-06 12:58:36,7720.0,7774.5,1083,2565,96,1982,0,0,2078,0,,,,,,
2026-10-06 12:58:36,7720.0,7774.5,1089,113,33,414,0,301,447,301,,,,,,
2026-10-06 12:58:36,7720.0,7774.5,72,82,21,124,0,42,145,42,,,,,,
2026-10-06 12:58:36,7720.0,7774.5,166,151,22,85,0,0,107,0,,,,,,
2026-10-06 12:58:36,7720.0,7774.5,167,130,129,42,0,0,171,0,,,,,,
2026-10-06 12:58:36,7720.0,7774.5,1207,3050,147,979,0,0,1126,0,,,,,,
2026-10-06 12:58:36,7725.0,7779.5,1472,2704,267,8065,0,5361,8332,5361,,,,,,
2026-10-06 12:58:36,7725.0,7779.5,1202,584,116,2652,0,2068,2768,2068,,,,,,
2026-10-06 12:58:36,7725.0,7779.5,1243,995,37,392,0,0,429,0,,,,,,
2026-10-06 12:58:36,7725.0,7779.5,4084,2761,142,1424,0,0,1566,0,,,,,,
2026-10-06 12:58:36,7725.0,7779.5,785,669,505,674,0,5,1179,5,,,,,,
2026-10-06 12:58:36,7725.0,7779.5,69,210,36,120,0,0,156,0,,,,,,
2026-10-06 12:58:36,7725.0,7779.5,243,842,1,144,0,0,145,0,,,,,,
2026-10-06 12:58:36,7725.0,7779.5,196,176,134,145,0,0,279,0,,,,,,
2026-10-06 12:58:36,7725.0,7779.5,5626,8804,153,1709,0,0,1862,0,,,,,,
2026-10-06 12:58:36,7730.0,7784.5,654,1472,290,10227,0,8755,10517,8755,,,,,,
2026-10-06 12:58:36,7730.0,7784.5,373,362,145,2337,0,1975,2482,1975,,,,,,
2026-10-06 12:58:36,7730.0,7784.5,2290,204,60,624,0,420,684,420,,,,,,
2026-10-06 12:58:36,7730.0,7784.5,873,1371,233,1197,0,0,1430,0,,,,,,
2026-10-06 12:58:36,7730.0,7784.5,192,120,11,316,0,196,327,196,,,,,,
2026-10-06 12:58:36,7730.0,7784.5,58,625,9,507,0,0,516,0,,,,,,
2026-10-06 12:58:36,7730.0,7784.5,149,258,3,416,0,158,419,158,,,,,,
2026-10-06 12:58:36,7730.0,7784.5,128,119,4,40,0,0,44,0,,,,,,
2026-10-06 12:58:36,7730.0,7784.5,3329,1784,32,269,0,0,301,0,,,,,,
2026-10-06 12:58:36,7735.0,7789.5,1049,2566,154,7759,0,5193,7913,5193,,,,,,
2026-10-06 12:58:36,7735.0,7789.5,1328,720,88,2209,0,1489,2297,1489,,,,,,
2026-10-06 12:58:36,7735.0,7789.5,179,112,22,458,0,346,480,346,,,,,,
2026-10-06 12:58:36,7735.0,7789.5,583,629,114,414,0,0,528,0,,,,,,
2026-10-06 12:58:36,7735.0,7789.5,139,116,28,338,0,222,366,222,,,,,,
2026-10-06 12:58:36,7735.0,7789.5,63,20,29,88,0,68,117,68,,,,,,
2026-10-06 12:58:36,7735.0,7789.5,55,51,0,8,0,0,8,0,,,,,,
2026-10-06 12:58:36,7735.0,7789.5,19,79,0,3,0,0,3,0,,,,,,
2026-10-06 12:58:36,7735.0,7789.5,458,363,75,159,0,0,234,0,,,,,,
2026-10-06 12:58:36,7740.0,7794.5,1015,2435,324,12008,0,9573,12332,9573,,,,,,
2026-10-06 12:58:36,7740.0,7794.5,474,774,264,2417,0,1643,2681,1643,,,,,,
2026-10-06 12:58:36,7740.0,7794.5,474,657,86,658,0,1,744,1,,,,,,
2026-10-06 12:58:36,7740.0,7794.5,825,410,87,779,0,369,866,369,,,,,,
2026-10-06 12:58:36,7740.0,7794.5,310,195,100,206,0,11,306,11,,,,,,
2026-10-06 12:58:36,7740.0,7794.5,101,71,118,160,17,89,278,106,,,,,,
2026-10-06 12:58:36,7740.0,7794.5,166,30,2,228,0,198,230,198,,,,,,
2026-10-06 12:58:36,7740.0,7794.5,182,27,2,510,0,483,512,483,,,,,,
2026-10-06 12:58:36,7740.0,7794.5,1026,778,37,1105,0,327,1142,327,,,,,,
2026-10-06 12:58:36,7745.0,7799.5,486,1281,271,8763,0,7482,9034,7482,,,,,,
2026-10-06 12:58:36,7745.0,7799.5,423,154,97,2182,0,2028,2279,2028,,,,,,
2026-10-06 12:58:36,7745.0,7799.5,183,267,24,459,0,192,483,192,,,,,,
2026-10-06 12:58:36,7745.0,7799.5,1618,1527,1355,1704,0,177,3059,177,,,,,,
2026-10-06 12:58:36,7745.0,7799.5,271,50,112,274,0,224,386,224,,,,,,
2026-10-06 12:58:36,7745.0,7799.5,57,2952,30,53,0,0,83,0,,,,,,
2026-10-06 12:58:36,7745.0,7799.5,112,41,1,40,0,0,41,0,,,,,,
2026-10-06 12:58:36,7745.0,7799.5,41,12,17,16,0,4,33,4,,,,,,
2026-10-06 12:58:36,7745.0,7799.5,746,546,18,89,0,0,107,0,,,,,,
2026-10-06 12:58:36,7750.0,7804.5,1958,2437,939,15768,0,13331,16707,13331,,,,,,
2026-10-06 12:58:36,7750.0,7804.5,2183,2161,356,8609,0,6448,8965,6448,,,,,,
2026-10-06 12:58:36,7750.0,7804.5,1505,806,109,861,0,55,970,55,,,,,,
2026-10-06 12:58:36,7750.0,7804.5,3942,2357,283,3544,0,1187,3827,1187,,,,,,
2026-10-06 12:58:36,7750.0,7804.5,1673,1888,109,3091,0,1203,3200,1203,,,,,,
2026-10-06 12:58:36,7750.0,7804.5,554,1012,61,805,0,0,866,0,,,,,,
2026-10-06 12:58:36,7750.0,7804.5,1038,1194,1,382,0,0,383,0,,,,,,
2026-10-06 12:58:36,7750.0,7804.5,756,1309,77,236,0,0,313,0,,,,,,
2026-10-06 12:58:36,7750.0,7804.5,24641,16478,170,1939,0,0,2109,0,,,,,,
2026-10-06 12:58:36,7755.0,7809.5,858,897,349,11519,0,10622,11868,10622,,,,,,
2026-10-06 12:58:36,7755.0,7809.5,639,145,346,2553,0,2408,2899,2408,,,,,,
2026-10-06 12:58:36,7755.0,7809.5,499,138,52,292,0,154,344,154,,,,,,
2026-10-06 12:58:36,7755.0,7809.5,1557,465,618,356,0,0,974,0,,,,,,
2026-10-06 12:58:36,7755.0,7809.5,595,171,564,110,0,0,674,0,,,,,,
2026-10-06 12:58:36,7755.0,7809.5,104,454,41,869,0,415,910,415,,,,,,
2026-10-06 12:58:36,7755.0,7809.5,90,8,15,235,0,227,250,227,,,,,,
2026-10-06 12:58:36,7755.0,7809.5,30,54,0,14,0,0,14,0,,,,,,
2026-10-06 12:58:36,7755.0,7809.5,687,1328,85,660,0,0,745,0,,,,,,
2026-10-06 12:58:36,7760.0,7814.5,1456,1768,766,21327,0,19559,22093,19559,,,,,,
2026-10-06 12:58:36,7760.0,7814.5,1525,345,440,3048,0,2703,3488,2703,,,,,,
2026-10-06 12:58:36,7760.0,7814.5,305,274,129,350,0,76,479,76,,,,,,
2026-10-06 12:58:36,7760.0,7814.5,1048,398,121,624,0,226,745,226,,,,,,
2026-10-06 12:58:36,7760.0,7814.5,191,232,70,191,0,0,261,0,,,,,,
2026-10-06 12:58:36,7760.0,7814.5,123,81,27,88,0,7,115,7,,,,,,
2026-10-06 12:58:36,7760.0,7814.5,76,80,56,92,0,12,148,12,,,,,,
2026-10-06 12:58:36,7760.0,7814.5,88,25,5,442,0,417,447,417,,,,,,
2026-10-06 12:58:36,7760.0,7814.5,849,1379,142,593,0,0,735,0,,,,,,
2026-10-06 12:58:36,7765.0,7819.5,737,794,616,16716,0,15922,17332,15922,,,,,,
2026-10-06 12:58:36,7765.0,7819.5,646,226,375,3121,0,2895,3496,2895,,,,,,
2026-10-06 12:58:36,7765.0,7819.5,203,80,160,572,0,492,732,492,,,,,,
2026-10-06 12:58:36,7765.0,7819.5,398,261,110,366,0,105,476,105,,,,,,
2026-10-06 12:58:36,7765.0,7819.5,155,47,70,77,0,30,147,30,,,,,,
2026-10-06 12:58:36,7765.0,7819.5,79,44,6,178,0,134,184,134,,,,,,
2026-10-06 12:58:36,7765.0,7819.5,83,25,23,82,0,57,105,57,,,,,,
2026-10-06 12:58:36,7765.0,7819.5,151,18,8,35,0,17,43,17,,,,,,
2026-10-06 12:58:36,7765.0,7819.5,571,843,113,86,0,0,199,0,,,,,,
2026-10-06 12:58:36,7770.0,7824.5,2260,1311,1665,43118,0,41807,44783,41807,,,,,,
2026-10-06 12:58:36,7770.0,7824.5,1418,225,692,2707,0,2482,3399,2482,,,,,,
2026-10-06 12:58:36,7770.0,7824.5,492,155,206,1189,0,1034,1395,1034,,,,,,
2026-10-06 12:58:36,7770.0,7824.5,3697,262,1663,595,0,333,2258,333,,,,,,
2026-10-06 12:58:36,7770.0,7824.5,828,197,662,1156,0,959,1818,959,,,,,,
2026-10-06 12:58:36,7770.0,7824.5,2975,2976,51,160,0,0,211,0,,,,,,
2026-10-06 12:58:36,7770.0,7824.5,110,57,7,176,0,119,183,119,,,,,,
2026-10-06 12:58:36,7770.0,7824.5,140,68,99,27,0,0,126,0,,,,,,
2026-10-06 12:58:36,7770.0,7824.5,1245,1040,76,494,0,0,570,0,,,,,,
2026-10-06 12:58:36,7775.0,7829.5,2617,1675,2130,43481,0,41806,45611,41806,,,,,,
2026-10-06 12:58:36,7775.0,7829.5,564,788,1791,3617,1227,2829,5408,4056,,,,,,
2026-10-06 12:58:36,7775.0,7829.5,691,674,229,499,0,0,728,0,,,,,,
2026-10-06 12:58:36,7775.0,7829.5,2604,506,194,1006,0,500,1200,500,,,,,,
2026-10-06 12:58:36,7775.0,7829.5,856,86,531,125,0,39,656,39,,,,,,
2026-10-06 12:58:36,7775.0,7829.5,196,109,102,274,0,165,376,165,,,,,,
2026-10-06 12:58:36,7775.0,7829.5,787,63,60,32,0,0,92,0,,,,,,
2026-10-06 12:58:36,7775.0,7829.5,248,66,77,67,0,1,144,1,,,,,,
2026-10-06 12:58:36,7775.0,7829.5,7855,2173,155,4423,0,2250,4578,2250,,,,,,
2026-10-06 12:58:36,7780.0,7834.5,2062,1269,3038,30987,976,29718,34025,30694,,,,,,
2026-10-06 12:58:36,7780.0,7834.5,1016,355,1813,5369,797,5014,7182,5811,,,,,,
2026-10-06 12:58:36,7780.0,7834.5,279,120,256,2026,0,1906,2282,1906,,,,,,
2026-10-06 12:58:36,7780.0,7834.5,1684,297,701,825,0,528,1526,528,,,,,,
2026-10-06 12:58:36,7780.0,7834.5,984,119,608,279,0,160,887,160,,,,,,
2026-10-06 12:58:36,7780.0,7834.5,477,36,539,244,62,208,783,270,,,,,,
2026-10-06 12:58:36,7780.0,7834.5,768,30,25,38,0,8,63,8,,,,,,
2026-10-06 12:58:36,7780.0,7834.5,81,13,511,49,430,36,560,466,,,,,,
2026-10-06 12:58:36,7780.0,7834.5,1404,695,707,295,0,0,1002,0,,,,,,
2026-10-06 12:58:36,7785.0,7839.5,2007,668,3502,33810,1495,33142,37312,34637,,,,,,
2026-10-06 12:58:36,7785.0,7839.5,546,157,705,2880,159,2723,3585,2882,,,,,,
2026-10-06 12:58:36,7785.0,7839.5,186,32,180,431,0,399,611,399,,,,,,
2026-10-06 12:58:36,7785.0,7839.5,706,89,299,494,0,405,793,405,,,,,,
2026-10-06 12:58:36,7785.0,7839.5,324,65,105,36,0,0,141,0,,,,,,
2026-10-06 12:58:36,7785.0,7839.5,105,22,76,57,0,35,133,35,,,,,,
2026-10-06 12:58:36,7785.0,7839.5,25,5,34,7,9,2,41,11,,,,,,
2026-10-06 12:58:36,7785.0,7839.5,87,36,34,403,0,367,437,367,,,,,,
2026-10-06 12:58:36,7785.0,7839.5,1625,281,126,132,0,0,258,0,,,,,,
2026-10-06 12:58:36,7790.0,7844.5,2170,486,3651,48393,1481,47907,52044,49388,,,,,,
2026-10-06 12:58:36,7790.0,7844.5,624,79,920,4052,296,3973,4972,4269,,,,,,
2026-10-06 12:58:36,7790.0,7844.5,348,34,308,353,0,319,661,319,,,,,,
2026-10-06 12:58:36,7790.0,7844.5,768,627,364,890,0,263,1254,263,,,,,,
2026-10-06 12:58:36,7790.0,7844.5,333,77,160,145,0,68,305,68,,,,,,
2026-10-06 12:58:36,7790.0,7844.5,59,16,608,171,549,155,779,704,,,,,,
2026-10-06 12:58:36,7790.0,7844.5,72,25,16,864,0,839,880,839,,,,,,
2026-10-06 12:58:36,7790.0,7844.5,87,23,12,21,0,0,33,0,,,,,,
2026-10-06 12:58:36,7790.0,7844.5,7007,455,99,262,0,0,361,0,,,,,,
2026-10-06 12:58:36,7795.0,7849.5,1423,146,4826,43546,3403,43400,48372,46803,,,,,,
2026-10-06 12:58:36,7795.0,7849.5,1937,136,1393,2355,0,2219,3748,2219,,,,,,
2026-10-06 12:58:36,7795.0,7849.5,276,31,463,373,187,342,836,529,,,,,,
2026-10-06 12:58:36,7795.0,7849.5,924,149,533,546,0,397,1079,397,,,,,,
2026-10-06 12:58:36,7795.0,7849.5,620,65,591,75,0,10,666,10,,,,,,
2026-10-06 12:58:36,7795.0,7849.5,2973,5,80,83,0,78,163,78,,,,,,
2026-10-06 12:58:36,7795.0,7849.5,31,122,37,144,6,22,181,28,,,,,,
2026-10-06 12:58:36,7795.0,7849.5,328,3,21,5,0,2,26,2,,,,,,
2026-10-06 12:58:36,7795.0,7849.5,581,329,81,138,0,0,219,0,,,,,,
2026-10-06 12:58:36,7800.0,7854.5,4427,1283,33784,110929,29357,109646,144713,139003,,,5,,,5
2026-10-06 12:58:36,7800.0,7854.5,2509,261,3387,7887,878,7626,11274,8504,,,,,,
2026-10-06 12:58:36,7800.0,7854.5,1406,275,839,1419,0,1144,2258,1144,,,,,,
2026-10-06 12:58:36,7800.0,7854.5,7438,603,3280,3476,0,2873,6756,2873,,,,,,
2026-10-06 12:58:36,7800.0,7854.5,2365,422,335,2134,0,1712,2469,1712,,,,,,
2026-10-06 12:58:36,7800.0,7854.5,600,133,403,989,0,856,1392,856,,,,,,
2026-10-06 12:58:36,7800.0,7854.5,3982,419,110,751,0,332,861,332,,,,,,
2026-10-06 12:58:36,7800.0,7854.5,478,171,49,93,0,0,142,0,,,,,,
2026-10-06 12:58:36,7800.0,7854.5,30730,16178,2988,2876,0,0,5864,0,,,,,,
2026-10-06 12:58:36,7805.0,7859.5,2385,114,28297,69866,25912,69752,98163,95664,,,,,,
2026-10-06 12:58:36,7805.0,7859.5,719,48,3230,2518,2511,2470,5748,4981,,,,,,
2026-10-06 12:58:36,7805.0,7859.5,353,48,376,222,23,174,598,197,,,,,,
2026-10-06 12:58:36,7805.0,7859.5,923,85,498,380,0,295,878,295,,,,,,
2026-10-06 12:58:36,7805.0,7859.5,208,24,78,76,0,52,154,52,,,,,,
2026-10-06 12:58:36,7805.0,7859.5,3423,45,536,49,0,4,585,4,,,,,,
2026-10-06 12:58:36,7805.0,7859.5,763,3,5,78,0,75,83,75,,,,,,
2026-10-06 12:58:36,7805.0,7859.5,38,2,516,17,478,15,533,493,,,,,,
2026-10-06 12:58:36,7805.0,7859.5,729,395,572,157,0,0,729,0,,,,,,
2026-10-06 12:58:36,7810.0,7864.5,5232,52,31954,108508,26722,108456,140462,135178,,,,,,
2026-10-06 12:58:36,7810.0,7864.5,616,139,2848,4522,2232,4383,7370,6615,,,,,,
2026-10-06 12:58:36,7810.0,7864.5,575,69,703,1382,128,1313,2085,1441,,,,,,
2026-10-06 12:58:36,7810.0,7864.5,1425,42,1620,772,195,730,2392,925,,,,,,
2026-10-06 12:58:36,7810.0,7864.5,259,11,361,373,102,362,734,464,,,,,,
2026-10-06 12:58:36,7810.0,7864.5,120,2,214,85,94,83,299,177,,,,,,
2026-10-06 12:58:36,7810.0,7864.5,71,2,88,52,17,50,140,67,,,,,,
2026-10-06 12:58:36,7810.0,7864.5,148,8,447,21,299,13,468,312,,,,,,
2026-10-06 12:58:36,7810.0,7864.5,3794,569,217,1038,0,469,1255,469,,,,,,
2026-10-06 12:58:36,7815.0,7869.5,2382,50,47266,140857,44884,140807,188123,185691,,,3,,,3
2026-10-06 12:58:36,7815.0,7869.5,1095,32,2797,3376,1702,3344,6173,5046,,,,,,
2026-10-06 12:58:36,7815.0,7869.5,283,25,421,448,138,423,869,561,,,,,,
2026-10-06 12:58:36,7815.0,7869.5,869,44,846,600,0,556,1446,556,,,,,,
2026-10-06 12:58:36,7815.0,7869.5,148,8,272,78,124,70,350,194,,,,,,
2026-10-06 12:58:36,7815.0,7869.5,2830,49,205,50,0,1,255,1,,,,,,
2026-10-06 12:58:36,7815.0,7869.5,133,0,38,26,0,26,64,26,,,,,,
2026-10-06 12:58:36,7815.0,7869.5,39,1,19,33,0,32,52,32,,,,,,
2026-10-06 12:58:36,7815.0,7869.5,1522,308,692,736,0,428,1428,428,,,,,,
2026-10-06 12:58:36,7820.0,7874.5,2788,48,99167,235818,96379,235770,334985,332149,3,,1,3,,1
2026-10-06 12:58:36,7820.0,7874.5,1509,119,5104,5399,3595,5280,10503,8875,,,,,,
2026-10-06 12:58:36,7820.0,7874.5,553,12,1482,1336,929,1324,2818,2253,,,,,,
2026-10-06 12:58:36,7820.0,7874.5,2083,54,1704,756,0,702,2460,702,,,,,,
2026-10-06 12:58:36,7820.0,7874.5,364,3,441,258,77,255,699,332,,,,,,
2026-10-06 12:58:36,7820.0,7874.5,656,16,360,339,0,323,699,323,,,,,,
2026-10-06 12:58:36,7820.0,7874.5,158,57,55,151,0,94,206,94,,,,,,
2026-10-06 12:58:36,7820.0,7874.5,155,17,95,20,0,3,115,3,,,,,,
2026-10-06 12:58:36,7820.0,7874.5,1785,305,436,358,0,53,794,53,,,,,,
2026-10-06 12:58:36,7825.0,7879.5,3560,93,161972,203947,158412,203854,365919,362266,2,4,2,2,4,2
2026-10-06 12:58:36,7825.0,7879.5,1027,359,8954,7304,7927,6945,16258,14872,,,,,,
2026-10-06 12:58:36,7825.0,7879.5,1892,45,3343,764,1451,719,4107,2170,,,,,,
2026-10-06 12:58:36,7825.0,7879.5,3095,56,2345,2378,0,2322,4723,2322,,,,,,
2026-10-06 12:58:36,7825.0,7879.5,583,15,253,181,0,166,434,166,,,,,,
2026-10-06 12:58:36,7825.0,7879.5,3824,2,310,297,0,295,607,295,,,,,,
2026-10-06 12:58:36,7825.0,7879.5,245,38,69,107,0,69,176,69,,,,,,
2026-10-06 12:58:36,7825.0,7879.5,416,16,81,95,0,79,176,79,,,,,,
2026-10-06 12:58:36,7825.0,7879.5,5406,635,2669,1253,0,618,3922,618,,,,,,
2026-10-06 12:58:36,7830.0,7884.5,3537,22,247158,132722,243621,132700,379880,376321,1,1,4,1,1,4
2026-10-06 12:58:36,7830.0,7884.5,1467,13,8247,5957,6780,5944,14204,12724,,,,,,
2026-10-06 12:58:36,7830.0,7884.5,1764,11,3096,1020,1332,1009,4116,2341,,,,,,
2026-10-06 12:58:36,7830.0,7884.5,7333,116,2097,1163,0,1047,3260,1047,,,,,,
2026-10-06 12:58:36,7830.0,7884.5,1653,11,364,244,0,233,608,233,,,,,,
2026-10-06 12:58:36,7830.0,7884.5,242,2,1023,152,781,150,1175,931,,,,,,
2026-10-06 12:58:36,7830.0,7884.5,88,4,157,71,69,67,228,136,,,,,,
2026-10-06 12:58:36,7830.0,7884.5,253,19,72,86,0,67,158,67,,,,,,
2026-10-06 12:58:36,7830.0,7884.5,1463,263,482,336,0,73,818,73,,,,,,
2026-10-06 12:58:36,7835.0,7889.5,2173,12,190492,67292,188319,67280,257784,255599,4,3,,4,2,
2026-10-06 12:58:36,7835.0,7889.5,609,9,6457,2892,5848,2883,9349,8731,,,,,,
2026-10-06 12:58:36,7835.0,7889.5,456,21,988,576,532,555,1564,1087,,,,,,
2026-10-06 12:58:36,7835.0,7889.5,750,20,1585,1019,835,999,2604,1834,,,,,,
2026-10-06 12:58:36,7835.0,7889.5,242,4,187,116,0,112,303,112,,,,,,
2026-10-06 12:58:36,7835.0,7889.5,52,0,1108,197,1056,197,1305,1253,,,,,,
2026-10-06 12:58:36,7835.0,7889.5,19,0,149,36,130,36,185,166,,,,,,
2026-10-06 12:58:36,7835.0,7889.5,5,0,462,53,457,53,515,510,,,,,,
2026-10-06 12:58:36,7835.0,7889.5,888,101,264,183,0,82,447,82,,,,,,
2026-10-06 12:58:36,7840.0,7894.5,3567,16,191156,55046,187589,55030,246202,242619,5,2,,5,3,
2026-10-06 12:58:36,7840.0,7894.5,812,14,8261,2664,7449,2650,10925,10099,,,,,,
2026-10-06 12:58:36,7840.0,7894.5,668,3,1762,635,1094,632,2397,1726,,,,,,
2026-10-06 12:58:36,7840.0,7894.5,4841,79,5178,1592,337,1513,6770,1850,,,,,,
2026-10-06 12:58:36,7840.0,7894.5,1501,4,693,162,0,158,855,158,,,,,,
2026-10-06 12:58:36,7840.0,7894.5,256,1,380,93,124,92,473,216,,,,,,
2026-10-06 12:58:36,7840.0,7894.5,204,0,26,36,0,36,62,36,,,,,,
2026-10-06 12:58:36,7840.0,7894.5,188,25,10,27,0,2,37,2,,,,,,
2026-10-06 12:58:36,7840.0,7894.5,557,152,367,561,0,409,928,409,,,,,,
2026-10-06 12:58:36,7845.0,7899.5,6046,8,133810,17628,127764,17620,151438,145384,,,,,,
2026-10-06 12:58:36,7845.0,7899.5,1442,8,4130,1817,2688,1809,5947,4497,,,,,,
2026-10-06 12:58:36,7845.0,7899.5,283,18,665,313,382,295,978,677,,,,,,
2026-10-06 12:58:36,7845.0,7899.5,1146,13,813,428,0,415,1241,415,,,,,,
2026-10-06 12:58:36,7845.0,7899.5,1315,1,406,60,0,59,466,59,,,,,,
2026-10-06 12:58:36,7845.0,7899.5,113,1,227,184,114,183,411,297,,,,,,
2026-10-06 12:58:36,7845.0,7899.5,15,0,201,42,186,42,243,228,,,,,,
2026-10-06 12:58:36,7845.0,7899.5,1,0,77,80,76,80,157,156,,,,,,
2026-10-06 12:58:36,7845.0,7899.5,1050,125,161,107,0,0,268,0,,,,,,
2026-10-06 12:58:36,7850.0,7904.5,4767,37,158084,14059,153317,14022,172143,167339,,5,,,5,
2026-10-06 12:58:36,7850.0,7904.5,3805,37,15839,2339,12034,2302,18178,14336,,,,,,
2026-10-06 12:58:36,7850.0,7904.5,833,265,1629,282,796,17,1911,813,,,,,,
2026-10-06 12:58:36,7850.0,7904.5,10935,1044,5456,1602,0,558,7058,558,,,,,,
2026-10-06 12:58:36,7850.0,7904.5,1700,20,590,223,0,203,813,203,,,,,,
2026-10-06 12:58:36,7850.0,7904.5,1136,4,476,84,0,80,560,80,,,,,,
2026-10-06 12:58:36,7850.0,7904.5,2911,456,609,33,0,0,642,0,,,,,,
2026-10-06 12:58:36,7850.0,7904.5,440,38,82,39,0,1,121,1,,,,,,
2026-10-06 12:58:36,7850.0,7904.5,16312,955,4766,3430,0,2475,8196,2475,,,,,,
2026-10-06 12:58:36,7855.0,7909.5,7370,12,90083,4890,82713,4878,94973,87591,,,,,,
2026-10-06 12:58:36,7855.0,7909.5,836,4,4044,158,3208,154,4202,3362,,,,,,
2026-10-06 12:58:36,7855.0,7909.5,295,3,571,266,276,263,837,539,,,,,,
2026-10-06 12:58:36,7855.0,7909.5,1384,2,1006,257,0,255,1263,255,,,,,,
2026-10-06 12:58:36,7855.0,7909.5,383,1,70,8,0,7,78,7,,,,,,
2026-10-06 12:58:36,7855.0,7909.5,38,0,52,19,14,19,71,33,,,,,,
2026-10-06 12:58:36,7855.0,7909.5,121,0,11,4,0,4,15,4,,,,,,
2026-10-06 12:58:36,7855.0,7909.5,38,0,3,0,0,0,3,0,,,,,,
2026-10-06 12:58:36,7855.0,7909.5,924,158,291,49,0,0,340,0,,,,,,
2026-10-06 12:58:36,7860.0,7914.5,12702,22,135209,4019,122507,3997,139228,126504,,,,,,
2026-10-06 12:58:36,7860.0,7914.5,1020,10,10717,197,9697,187,10914,9884,,,,,,
2026-10-06 12:58:36,7860.0,7914.5,624,5,840,155,216,150,995,366,,,,,,
2026-10-06 12:58:36,7860.0,7914.5,2729,284,1107,160,0,0,1267,0,,,,,,
2026-10-06 12:58:36,7860.0,7914.5,399,1,208,23,0,22,231,22,,,,,,
2026-10-06 12:58:36,7860.0,7914.5,137,1,134,40,0,39,174,39,,,,,,
2026-10-06 12:58:36,7860.0,7914.5,143,5,71,20,0,15,91,15,,,,,,
2026-10-06 12:58:36,7860.0,7914.5,186,0,87,21,0,21,108,21,,,,,,
2026-10-06 12:58:36,7860.0,7914.5,1972,277,253,60,0,0,313,0,,,,,,
2026-10-06 12:58:36,7865.0,7919.5,1422,1,63887,958,62465,957,64845,63422,,,,,,
2026-10-06 12:58:36,7865.0,7919.5,1905,2,3447,123,1542,121,3570,1663,,,,,,
2026-10-06 12:58:36,7865.0,7919.5,325,0,396,83,71,83,479,154,,,,,,
2026-10-06 12:58:36,7865.0,7919.5,2230,48,768,156,0,108,924,108,,,,,,
2026-10-06 12:58:36,7865.0,7919.5,86,1,74,6,0,5,80,5,,,,,,
2026-10-06 12:58:36,7865.0,7919.5,10,0,61,4,51,4,65,55,,,,,,
2026-10-06 12:58:36,7865.0,7919.5,21,0,103,4,82,4,107,86,,,,,,
2026-10-06 12:58:36,7865.0,7919.5,11,0,18,0,7,0,18,7,,,,,,
2026-10-06 12:58:36,7865.0,7919.5,1394,130,143,22,0,0,165,0,,,,,,
2026-10-06 12:58:36,7870.0,7924.5,1728,9,43959,874,42231,865,44833,43096,,,,,,
2026-10-06 12:58:36,7870.0,7924.5,2032,7,5244,34,3212,27,5278,3239,,,,,,
2026-10-06 12:58:36,7870.0,7924.5,633,0,1635,58,1002,58,1693,1060,,,,,,
2026-10-06 12:58:36,7870.0,7924.5,1390,12,8710,124,7320,112,8834,7432,,,,,,
2026-10-06 12:58:36,7870.0,7924.5,260,1,244,21,0,20,265,20,,,,,,
2026-10-06 12:58:36,7870.0,7924.5,266,1,176,64,0,63,240,63,,,,,,
2026-10-06 12:58:36,7870.0,7924.5,145,1,106,0,0,0,106,0,,,,,,
2026-10-06 12:58:36,7870.0,7924.5,58,0,38,0,0,0,38,0,,,,,,
2026-10-06 12:58:36,7870.0,7924.5,6211,99,719,94,0,0,813,0,,,,,,
2026-10-06 12:58:36,7875.0,7929.5,7667,2,32410,354,24743,352,32764,25095,,,,,,
2026-10-06 12:58:36,7875.0,7929.5,776,9,4689,43,3913,34,4732,3947,,,,,,
2026-10-06 12:58:36,7875.0,7929.5,634,0,687,54,53,54,741,107,,,,,,
2026-10-06 12:58:36,7875.0,7929.5,5313,7,1424,1700,0,1693,3124,1693,,,,,,
2026-10-06 12:58:36,7875.0,7929.5,677,0,379,13,0,13,392,13,,,,,,
2026-10-06 12:58:36,7875.0,7929.5,397,7,172,11,0,4,183,4,,,,,,
2026-10-06 12:58:36,7875.0,7929.5,596,4,540,0,0,0,540,0,,,,,,
2026-10-06 12:58:36,7875.0,7929.5,197,5,42,3,0,0,45,0,,,,,,
2026-10-06 12:58:36,7875.0,7929.5,6605,281,1000,45,0,0,1045,0,,,,,,
2026-10-06 12:58:36,7880.0,7934.5,2482,0,60308,246,57826,246,60554,58072,,,,,,
2026-10-06 12:58:36,7880.0,7934.5,690,1,3852,20,3162,19,3872,3181,,,,,,
2026-10-06 12:58:36,7880.0,7934.5,625,1,757,4,132,3,761,135,,,,,,
2026-10-06 12:58:36,7880.0,7934.5,3004,209,2450,35,0,0,2485,0,,,,,,
2026-10-06 12:58:36,7880.0,7934.5,406,3,238,6,0,3,244,3,,,,,,
2026-10-06 12:58:36,7880.0,7934.5,135,0,252,29,117,29,281,146,,,,,,
2026-10-06 12:58:36,7880.0,7934.5,255,0,81,2,0,2,83,2,,,,,,
2026-10-06 12:58:36,7880.0,7934.5,177,0,118,9,0,9,127,9,,,,,,
2026-10-06 12:58:36,7880.0,7934.5,1131,122,443,25,0,0,468,0,,,,,,
2026-10-06 12:58:36,7885.0,7939.5,776,0,13757,84,12981,84,13841,13065,,,,,,
2026-10-06 12:58:36,7885.0,7939.5,439,0,3992,10,3553,10,4002,3563,,,,,,
2026-10-06 12:58:36,7885.0,7939.5,433,3,525,4,92,1,529,93,,,,,,
2026-10-06 12:58:36,7885.0,7939.5,609,2,1050,26,441,24,1076,465,,,,,,
2026-10-06 12:58:36,7885.0,7939.5,0,0,112,0,112,0,112,112,,,,,,
2026-10-06 12:58:36,7885.0,7939.5,0,0,44,8,44,8,52,52,,,,,,
2026-10-06 12:58:36,7885.0,7939.5,0,0,54,2,54,2,56,56,,,,,,
2026-10-06 12:58:36,7885.0,7939.5,0,0,1,5,1,5,6,6,,,,,,
2026-10-06 12:58:36,7885.0,7939.5,311,37,127,57,0,20,184,20,,,,,,
2026-10-06 12:58:36,7890.0,7944.5,656,0,10464,94,9808,94,10558,9902,,,,,,
2026-10-06 12:58:36,7890.0,7944.5,423,2,3667,15,3244,13,3682,3257,,,,,,
2026-10-06 12:58:36,7890.0,7944.5,770,0,748,7,0,7,755,7,,,,,,
2026-10-06 12:58:36,7890.0,7944.5,1530,7,906,20,0,13,926,13,,,,,,
2026-10-06 12:58:36,7890.0,7944.5,323,2,1202,1,879,0,1203,879,,,,,,
2026-10-06 12:58:36,7890.0,7944.5,132,0,621,4,489,4,625,493,,,,,,
2026-10-06 12:58:36,7890.0,7944.5,78,1,279,4,201,3,283,204,,,,,,
2026-10-06 12:58:36,7890.0,7944.5,110,1,24,2,0,1,26,1,,,,,,
2026-10-06 12:58:36,7890.0,7944.5,1230,252,362,66,0,0,428,0,,,,,,
2026-10-06 12:58:36,7895.0,7949.5,357,0,7454,58,7097,58,7512,7155,,,,,,
2026-10-06 12:58:36,7895.0,7949.5,595,0,2002,23,1407,23,2025,1430,,,,,,
2026-10-06 12:58:36,7895.0,7949.5,490,0,364,8,0,8,372,8,,,,,,
2026-10-06 12:58:36,7895.0,7949.5,713,0,1006,10,293,10,1016,303,,,,,,
2026-10-06 12:58:36,7895.0,7949.5,0,0,203,0,203,0,203,203,,,,,,
2026-10-06 12:58:36,7895.0,7949.5,0,0,96,7,96,7,103,103,,,,,,
2026-10-06 12:58:36,7895.0,7949.5,0,0,48,4,48,4,52,52,,,,,,
2026-10-06 12:58:36,7895.0,7949.5,0,0,26,2,26,2,28,28,,,,,,
2026-10-06 12:58:36,7895.0,7949.5,1907,19,96,95,0,76,191,76,,,,,,
2026-10-06 12:58:36,7900.0,7954.5,1200,29,9954,1396,8754,1367,11350,10121,,,,,,
2026-10-06 12:58:36,7900.0,7954.5,1420,11,8952,350,7532,339,9302,7871,,,,,,
2026-10-06 12:58:36,7900.0,7954.5,1319,8,1205,6,0,0,1211,0,,,,,,
2026-10-06 12:58:36,7900.0,7954.5,4963,37,10404,251,5441,214,10655,5655,,,,,,
2026-10-06 12:58:36,7900.0,7954.5,1990,5,929,0,0,0,929,0,,,,,,
2026-10-06 12:58:36,7900.0,7954.5,577,1,713,4,136,3,717,139,,,,,,
2026-10-06 12:58:36,7900.0,7954.5,753,5,584,5,0,0,589,0,,,,,,
2026-10-06 12:58:36,7900.0,7954.5,405,1,135,1,0,0,136,0,,,,,,
2026-10-06 12:58:36,7900.0,7954.5,22732,856,2698,1265,0,409,3963,409,,,,,,
2026-10-06 12:58:36,7905.0,7959.5,367,0,6715,15,6348,15,6730,6363,,,,,,
2026-10-06 12:58:36,7905.0,7959.5,59,0,2647,1,2588,1,2648,2589,,,,,,
2026-10-06 12:58:36,7905.0,7959.5,224,0,318,2,94,2,320,96,,,,,,
2026-10-06 12:58:36,7905.0,7959.5,187,0,802,0,615,0,802,615,,,,,,
2026-10-06 12:58:36,7905.0,7959.5,0,0,223,0,223,0,223,223,,,,,,
2026-10-06 12:58:36,7905.0,7959.5,0,0,155,1,155,1,156,156,,,,,,
2026-10-06 12:58:36,7905.0,7959.5,0,0,122,0,122,0,122,122,,,,,,
2026-10-06 12:58:36,7905.0,7959.5,0,0,65,0,65,0,65,65,,,,,,
2026-10-06 12:58:36,7905.0,7959.5,764,73,137,37,0,0,174,0,,,,,,
2026-10-06 12:58:36,7910.0,7964.5,1988,2,3573,12,1585,10,3585,1595,,,,,,
2026-10-06 12:58:36,7910.0,7964.5,984,2,2083,22,1099,20,2105,1119,,,,,,
2026-10-06 12:58:36,7910.0,7964.5,976,0,325,15,0,15,340,15,,,,,,
2026-10-06 12:58:36,7910.0,7964.5,3965,1,1709,6,0,5,1715,5,,,,,,
2026-10-06 12:58:36,7910.0,7964.5,1868,0,236,0,0,0,236,0,,,,,,
2026-10-06 12:58:36,7910.0,7964.5,230,0,350,2,120,2,352,122,,,,,,
2026-10-06 12:58:36,7910.0,7964.5,214,0,220,0,6,0,220,6,,,,,,
2026-10-06 12:58:36,7910.0,7964.5,291,0,35,0,0,0,35,0,,,,,,
2026-10-06 12:58:36,7910.0,7964.5,1282,65,208,70,0,5,278,5,,,,,,
2026-10-06 12:58:36,7915.0,7969.5,1748,0,10790,30,9042,30,10820,9072,,,,,,
2026-10-06 12:58:36,7915.0,7969.5,40,0,2415,1,2375,1,2416,2376,,,,,,
2026-10-06 12:58:36,7915.0,7969.5,111,0,717,1,606,1,718,607,,,,,,
2026-10-06 12:58:36,7915.0,7969.5,191,0,916,1,725,1,917,726,,,,,,
2026-10-06 12:58:36,7915.0,7969.5,0,0,526,0,526,0,526,526,,,,,,
2026-10-06 12:58:36,7915.0,7969.5,0,0,121,1,121,1,122,122,,,,,,
2026-10-06 12:58:36,7915.0,7969.5,0,0,17,0,17,0,17,17,,,,,,
2026-10-06 12:58:36,7915.0,7969.5,0,0,24,1,24,1,25,25,,,,,,
2026-10-06 12:58:36,7915.0,7969.5,1109,35,718,9,0,0,727,0,,,,,,
2026-10-06 12:58:36,7920.0,7974.5,419,0,3535,15,3116,15,3550,3131,,,,,,
2026-10-06 12:58:36,7920.0,7974.5,905,1,1707,4,802,3,1711,805,,,,,,
2026-10-06 12:58:36,7920.0,7974.5,819,0,423,0,0,0,423,0,,,,,,
2026-10-06 12:58:36,7920.0,7974.5,1550,2,972,4,0,2,976,2,,,,,,
2026-10-06 12:58:36,7920.0,7974.5,820,0,200,0,0,0,200,0,,,,,,
2026-10-06 12:58:36,7920.0,7974.5,147,1,244,2,97,1,246,98,,,,,,
2026-10-06 12:58:36,7920.0,7974.5,404,0,129,14,0,14,143,14,,,,,,
2026-10-06 12:58:36,7920.0,7974.5,151,0,24,0,0,0,24,0,,,,,,
2026-10-06 12:58:36,7920.0,7974.5,1911,79,598,13,0,0,611,0,,,,,,
2026-10-06 12:58:36,7925.0,7979.5,2053,6,4165,50,2112,44,4215,2156,,,,,,
2026-10-06 12:58:36,7925.0,7979.5,852,1,1763,9,911,8,1772,919,,,,,,
2026-10-06 12:58:36,7925.0,7979.5,1667,451,325,0,0,0,325,0,,,,,,
2026-10-06 12:58:36,7925.0,7979.5,1063,6,1088,2,25,0,1090,25,,,,,,
2026-10-06 12:58:36,7925.0,7979.5,1217,1,732,0,0,0,732,0,,,,,,
2026-10-06 12:58:36,7925.0,7979.5,278,1,249,0,0,0,249,0,,,,,,
2026-10-06 12:58:36,7925.0,7979.5,443,0,94,0,0,0,94,0,,,,,,
2026-10-06 12:58:36,7925.0,7979.5,1382,2,195,0,0,0,195,0,,,,,,
2026-10-06 12:58:36,7925.0,7979.5,6014,68,343,16,0,0,359,0,,,,,,
2026-10-06 12:58:36,7930.0,7984.5,3809,9,5608,39,1799,30,5647,1829,,,,,,
2026-10-06 12:58:36,7930.0,7984.5,473,1,768,0,295,0,768,295,,,,,,
2026-10-06 12:58:36,7930.0,7984.5,481,0,419,0,0,0,419,0,,,,,,
2026-10-06 12:58:36,7930.0,7984.5,1234,0,744,2,0,2,746,2,,,,,,
2026-10-06 12:58:36,7930.0,7984.5,346,0,307,0,0,0,307,0,,,,,,
2026-10-06 12:58:36,7930.0,7984.5,98,0,367,4,269,4,371,273,,,,,,
2026-10-06 12:58:36,7930.0,7984.5,132,0,308,0,176,0,308,176,,,,,,
2026-10-06 12:58:36,7930.0,7984.5,75,0,67,0,0,0,67,0,,,,,,
2026-10-06 12:58:36,7930.0,7984.5,2095,20,322,2,0,0,324,0,,,,,,
2026-10-06 12:58:36,7935.0,7989.5,1336,1,4405,19,3069,18,4424,3087,,,,,,
2026-10-06 12:58:36,7935.0,7989.5,2,0,2771,0,2769,0,2771,2769,,,,,,
2026-10-06 12:58:36,7935.0,7989.5,41,1,252,0,211,0,252,211,,,,,,
2026-10-06 12:58:36,7935.0,7989.5,191,0,329,0,138,0,329,138,,,,,,
2026-10-06 12:58:36,7935.0,7989.5,0,0,281,0,281,0,281,281,,,,,,
2026-10-06 12:58:36,7935.0,7989.5,607,59,61,0,0,0,61,0,,,,,,
2026-10-06 12:58:36,7940.0,7994.5,2016,16,3053,41,1037,25,3094,1062,,,,,,
2026-10-06 12:58:36,7940.0,7994.5,951,0,7159,5,6208,5,7164,6213,,,,,,
2026-10-06 12:58:36,7940.0,7994.5,759,2,238,0,0,0,238,0,,,,,,
2026-10-06 12:58:36,7940.0,7994.5,835,3,630,0,0,0,630,0,,,,,,
2026-10-06 12:58:36,7940.0,7994.5,573,0,105,0,0,0,105,0,,,,,,
2026-10-06 12:58:36,7940.0,7994.5,154,0,215,0,61,0,215,61,,,,,,
2026-10-06 12:58:36,7940.0,7994.5,183,0,78,0,0,0,78,0,,,,,,
2026-10-06 12:58:36,7940.0,7994.5,1138,4,267,2,0,0,269,0,,,,,,
2026-10-06 12:58:36,7940.0,7994.5,795,68,230,0,0,0,230,0,,,,,,
2026-10-06 12:58:36,7945.0,7999.5,5499,0,6333,22,834,22,6355,856,,,,,,
2026-10-06 12:58:36,7945.0,7999.5,3,0,383,0,380,0,383,380,,,,,,
2026-10-06 12:58:36,7945.0,7999.5,40,0,143,0,103,0,143,103,,,,,,
2026-10-06 12:58:36,7945.0,7999.5,119,0,330,26,211,26,356,237,,,,,,
2026-10-06 12:58:36,7945.0,7999.5,0,0,113,0,113,0,113,113,,,,,,
2026-10-06 12:58:36,7945.0,7999.5,776,26,60,0,0,0,60,0,,,,,,
2026-10-06 12:58:36,7950.0,8004.5,1621,2,2557,0,936,0,2557,936,,,,,,
2026-10-06 12:58:36,7950.0,8004.5,1157,5,1238,0,81,0,1238,81,,,,,,
2026-10-06 12:58:36,7950.0,8004.5,524,2,1876,0,1352,0,1876,1352,,,,,,
2026-10-06 12:58:36,7950.0,8004.5,3168,16,1862,2,0,0,1864,0,,,,,,
2026-10-06 12:58:36,7950.0,8004.5,1884,5,955,0,0,0,955,0,,,,,,
2026-10-06 12:58:36,7950.0,8004.5,545,0,409,0,0,0,409,0,,,,,,
2026-10-06 12:58:36,7950.0,8004.5,530,2,357,0,0,0,357,0,,,,,,
2026-10-06 12:58:36,7950.0,8004.5,486,0,235,0,0,0,235,0,,,,,,
2026-10-06 12:58:36,7950.0,8004.5,15452,88,3219,4,0,0,3223,0,,,,,,
2026-10-06 12:58:36,7955.0,8009.5,0,0,623,0,623,0,623,623,,,,,,
2026-10-06 12:58:36,7955.0,8009.5,0,0,232,0,232,0,232,232,,,,,,
2026-10-06 12:58:36,7955.0,8009.5,0,0,1563,0,1563,0,1563,1563,,,,,,
2026-10-06 12:58:36,7955.0,8009.5,0,0,270,25,270,25,295,295,,,,,,
2026-10-06 12:58:36,7955.0,8009.5,0,0,178,0,178,0,178,178,,,,,,
2026-10-06 12:58:36,7955.0,8009.5,2645,44,126,0,0,0,126,0,,,,,,
2026-10-06 12:58:36,7960.0,8014.5,5121,0,1550,0,0,0,1550,0,,,,,,
2026-10-06 12:58:36,7960.0,8014.5,301,0,1170,0,869,0,1170,869,,,,,,
2026-10-06 12:58:36,7960.0,8014.5,269,0,120,0,0,0,120,0,,,,,,
2026-10-06 12:58:36,7960.0,8014.5,1326,2,728,0,0,0,728,0,,,,,,
2026-10-06 12:58:36,7960.0,8014.5,591,0,322,0,0,0,322,0,,,,,,
2026-10-06 12:58:36,7960.0,8014.5,355,0,449,0,94,0,449,94,,,,,,
2026-10-06 12:58:36,7960.0,8014.5,0,0,133,0,133,0,133,133,,,,,,
2026-10-06 12:58:36,7960.0,8014.5,0,0,190,0,190,0,190,190,,,,,,
2026-10-06 12:58:36,7960.0,8014.5,1078,29,210,4,0,0,214,0,,,,,,
2026-10-06 12:58:36,7965.0,8019.5,0,0,2188,0,2188,0,2188,2188,,,,,,
2026-10-06 12:58:36,7965.0,8019.5,0,0,98,1,98,1,99,99,,,,,,
2026-10-06 12:58:36,7965.0,8019.5,0,0,4819,0,4819,0,4819,4819,,,,,,
2026-10-06 12:58:36,7965.0,8019.5,0,0,287,3,287,3,290,290,,,,,,
2026-10-06 12:58:36,7965.0,8019.5,0,0,75,0,75,0,75,75,,,,,,
2026-10-06 12:58:36,7965.0,8019.5,1053,9,237,2,0,0,239,0,,,,,,
2026-10-06 12:58:36,7970.0,8024.5,3319,1,2499,0,0,0,2499,0,,,,,,
2026-10-06 12:58:36,7970.0,8024.5,261,0,283,4,22,4,287,26,,,,,,
2026-10-06 12:58:36,7970.0,8024.5,153,0,55,0,0,0,55,0,,,,,,
2026-10-06 12:58:36,7970.0,8024.5,547,0,388,0,0,0,388,0,,,,,,
2026-10-06 12:58:36,7970.0,8024.5,0,0,118,0,118,0,118,118,,,,,,
2026-10-06 12:58:36,7970.0,8024.5,0,0,128,0,128,0,128,128,,,,,,
2026-10-06 12:58:36,7970.0,8024.5,0,0,68,1,68,1,69,69,,,,,,
2026-10-06 12:58:36,7970.0,8024.5,0,0,17,1,17,1,18,18,,,,,,
2026-10-06 12:58:36,7970.0,8024.5,2299,12,155,0,0,0,155,0,,,,,,
2026-10-06 12:58:36,7975.0,8029.5,5375,0,3079,0,0,0,3079,0,,,,,,
2026-10-06 12:58:36,7975.0,8029.5,451,0,171,1,0,1,172,1,,,,,,
2026-10-06 12:58:36,7975.0,8029.5,551,0,3079,0,2528,0,3079,2528,,,,,,
2026-10-06 12:58:36,7975.0,8029.5,1216,28,1034,10,0,0,1044,0,,,,,,
2026-10-06 12:58:36,7975.0,8029.5,2764,2,291,0,0,0,291,0,,,,,,
2026-10-06 12:58:36,7975.0,8029.5,260,1,258,0,0,0,258,0,,,,,,
2026-10-06 12:58:36,7975.0,8029.5,407,0,143,1,0,1,144,1,,,,,,
2026-10-06 12:58:36,7975.0,8029.5,195,0,59,0,0,0,59,0,,,,,,
2026-10-06 12:58:36,7975.0,8029.5,4159,73,1919,0,0,0,1919,0,,,,,,
2026-10-06 12:58:36,7980.0,8034.5,450,0,1887,0,1437,0,1887,1437,,,,,,
2026-10-06 12:58:36,7980.0,8034.5,0,0,184,4,184,4,188,188,,,,,,
2026-10-06 12:58:36,7980.0,8034.5,14,0,139,0,125,0,139,125,,,,,,
2026-10-06 12:58:36,7980.0,8034.5,678,6,231,20,0,14,251,14,,,,,,
2026-10-06 12:58:36,7980.0,8034.5,0,0,142,0,142,0,142,142,,,,,,
2026-10-06 12:58:36,7980.0,8034.5,0,0,633,2,633,2,635,635,,,,,,
2026-10-06 12:58:36,7980.0,8034.5,0,0,186,0,186,0,186,186,,,,,,
2026-10-06 12:58:36,7980.0,8034.5,0,0,5,0,5,0,5,5,,,,,,
2026-10-06 12:58:36,7980.0,8034.5,1927,32,101,0,0,0,101,0,,,,,,
2026-10-06 12:58:36,7985.0,8039.5,0,0,1679,0,1679,0,1679,1679,,,,,,
2026-10-06 12:58:36,7985.0,8039.5,0,0,57,0,57,0,57,57,,,,,,
2026-10-06 12:58:36,7985.0,8039.5,0,0,101,0,101,0,101,101,,,,,,
2026-10-06 12:58:36,7985.0,8039.5,0,0,160,0,160,0,160,160,,,,,,
2026-10-06 12:58:36,7985.0,8039.5,0,0,118,0,118,0,118,118,,,,,,
2026-10-06 12:58:36,7985.0,8039.5,953,3,58,0,0,0,58,0,,,,,,
2026-10-06 12:58:36,7990.0,8044.5,426,0,1931,0,1505,0,1931,1505,,,,,,
2026-10-06 12:58:36,7990.0,8044.5,10,0,35,5,25,5,40,30,,,,,,
2026-10-06 12:58:36,7990.0,8044.5,11,0,3033,0,3022,0,3033,3022,,,,,,
2026-10-06 12:58:36,7990.0,8044.5,556,1,490,0,0,0,490,0,,,,,,
2026-10-06 12:58:36,7990.0,8044.5,0,0,129,0,129,0,129,129,,,,,,
2026-10-06 12:58:36,7990.0,8044.5,0,0,366,0,366,0,366,366,,,,,,
2026-10-06 12:58:36,7990.0,8044.5,0,0,66,0,66,0,66,66,,,,,,
2026-10-06 12:58:36,7990.0,8044.5,0,0,20,0,20,0,20,20,,,,,,
2026-10-06 12:58:36,7990.0,8044.5,2392,64,64,0,0,0,64,0,,,,,,
2026-10-06 12:58:36,7995.0,8049.5,0,0,496,0,496,0,496,496,,,,,,
2026-10-06 12:58:36,7995.0,8049.5,0,0,0,0,0,0,0,0,,,,,,
2026-10-06 12:58:36,7995.0,8049.5,0,0,7,0,7,0,7,7,,,,,,
2026-10-06 12:58:36,7995.0,8049.5,0,0,125,0,125,0,125,125,,,,,,
2026-10-06 12:58:36,7995.0,8049.5,0,0,126,0,126,0,126,126,,,,,,
2026-10-06 12:58:36,7995.0,8049.5,243,8,70,1,0,0,71,0,,,,,,
2026-10-06 12:58:36,8000.0,8054.5,1281,1,2782,0,1501,0,2782,1501,,,,,,
2026-10-06 12:58:36,8000.0,8054.5,3489,3,396,11,0,8,407,8,,,,,,
2026-10-06 12:58:36,8000.0,8054.5,423,2,91,5,0,3,96,3,,,,,,
2026-10-06 12:58:36,8000.0,8054.5,1873,67,2962,2,1089,0,2964,1089,,,,,,
2026-10-06 12:58:36,8000.0,8054.5,2189,6,1177,1,0,0,1178,0,,,,,,
2026-10-06 12:58:36,8000.0,8054.5,675,0,820,0,145,0,820,145,,,,,,
2026-10-06 12:58:36,8000.0,8054.5,461,11,207,1,0,0,208,0,,,,,,
2026-10-06 12:58:36,8000.0,8054.5,882,1,198,0,0,0,198,0,,,,,,
2026-10-06 12:58:36,8000.0,8054.5,211587,197740,13172,8790,0,0,21962,0,,,,,,
2026-10-06 12:58:36,8005.0,8059.5,214,0,171,1,0,1,172,1,,,,,,
2026-10-06 12:58:36,8010.0,8064.5,76,1,951,1,875,0,952,875,,,,,,
2026-10-06 12:58:36,8010.0,8064.5,10,0,482,0,472,0,482,472,,,,,,
2026-10-06 12:58:36,8010.0,8064.5,2,0,12,0,10,0,12,10,,,,,,
2026-10-06 12:58:36,8010.0,8064.5,363,1,1084,0,721,0,1084,721,,,,,,
2026-10-06 12:58:36,8010.0,8064.5,0,0,538,0,538,0,538,538,,,,,,
2026-10-06 12:58:36,8010.0,8064.5,1607,31,170,0,0,0,170,0,,,,,,
2026-10-06 12:58:36,8015.0,8069.5,117,12,57,0,0,0,57,0,,,,,,
2026-10-06 12:58:36,8020.0,8074.5,18,2,479,2,461,0,481,461,,,,,,
2026-10-06 12:58:36,8020.0,8074.5,100,0,62,0,0,0,62,0,,,,,,
2026-10-06 12:58:36,8020.0,8074.5,1,0,172,0,171,0,172,171,,,,,,
2026-10-06 12:58:36,8020.0,8074.5,359,0,110,0,0,0,110,0,,,,,,
2026-10-06 12:58:36,8020.0,8074.5,0,0,473,0,473,0,473,473,,,,,,
2026-10-06 12:58:36,8020.0,8074.5,1780,24,38,0,0,0,38,0,,,,,,
2026-10-06 12:58:36,8025.0,8079.5,407,2,120,2,0,0,122,0,,,,,,
2026-10-06 12:58:36,8025.0,8079.5,357,4,152,0,0,0,152,0,,,,,,
2026-10-06 12:58:36,8025.0,8079.5,317,0,57,0,0,0,57,0,,,,,,
2026-10-06 12:58:36,8025.0,8079.5,1084,0,105,0,0,0,105,0,,,,,,
2026-10-06 12:58:36,8025.0,8079.5,2451,5,3817,1,1366,0,3818,1366,,,,,,
2026-10-06 12:58:36,8025.0,8079.5,153,0,1101,0,948,0,1101,948,,,,,,
2026-10-06 12:58:36,8025.0,8079.5,237,0,326,0,89,0,326,89,,,,,,
2026-10-06 12:58:36,8025.0,8079.5,408,1,78,0,0,0,78,0,,,,,,
2026-10-06 12:58:36,8025.0,8079.5,3144,63,219,2,0,0,221,0,,,,,,
2026-10-06 12:58:36,8030.0,8084.5,5,0,62,3,57,3,65,60,,,,,,
2026-10-06 12:58:36,8030.0,8084.5,0,0,2230,0,2230,0,2230,2230,,,,,,
2026-10-06 12:58:36,8030.0,8084.5,0,0,3003,0,3003,0,3003,3003,,,,,,
2026-10-06 12:58:36,8030.0,8084.5,141,0,59,0,0,0,59,0,,,,,,
2026-10-06 12:58:36,8030.0,8084.5,0,0,177,1,177,1,178,178,,,,,,
2026-10-06 12:58:36,8030.0,8084.5,2045,45,173,1,0,0,174,0,,,,,,
2026-10-06 12:58:36,8035.0,8089.5,394,0,326,1,0,1,327,1,,,,,,
2026-10-06 12:58:36,8040.0,8094.5,0,0,5,5,5,5,10,10,,,,,,
2026-10-06 12:58:36,8040.0,8094.5,0,0,5998,1,5998,1,5999,5999,,,,,,
2026-10-06 12:58:36,8040.0,8094.5,0,0,8,0,8,0,8,8,,,,,,
2026-10-06 12:58:36,8040.0,8094.5,243,0,138,0,0,0,138,0,,,,,,
2026-10-06 12:58:36,8040.0,8094.5,0,0,48,0,48,0,48,48,,,,,,
2026-10-06 12:58:36,8040.0,8094.5,1209,15,47,0,0,0,47,0,,,,,,
2026-10-06 12:58:36,8045.0,8099.5,178,1,38,0,0,0,38,0,,,,,,
2026-10-06 12:58:36,8050.0,8104.5,825,3,16,7,0,4,23,4,,,,,,
2026-10-06 12:58:36,8050.0,8104.5,912,0,88,0,0,0,88,0,,,,,,
2026-10-06 12:58:36,8050.0,8104.5,474,0,7611,0,7137,0,7611,7137,,,,,,
2026-10-06 12:58:36,8050.0,8104.5,577,0,69,1,0,1,70,1,,,,,,
2026-10-06 12:58:36,8050.0,8104.5,420,0,157,1,0,1,158,1,,,,,,
2026-10-06 12:58:36,8050.0,8104.5,323,0,672,0,349,0,672,349,,,,,,
2026-10-06 12:58:36,8050.0,8104.5,261,0,325,0,64,0,325,64,,,,,,
2026-10-06 12:58:36,8050.0,8104.5,354,0,62,0,0,0,62,0,,,,,,
2026-10-06 12:58:36,8050.0,8104.5,13590,27,1627,2,0,0,1629,0,,,,,,
2026-10-06 12:58:36,8055.0,8109.5,871,0,406,0,0,0,406,0,,,,,,
2026-10-06 12:58:36,8060.0,8114.5,0,0,2,4,2,4,6,6,,,,,,
2026-10-06 12:58:36,8060.0,8114.5,0,0,99,0,99,0,99,99,,,,,,
2026-10-06 12:58:36,8060.0,8114.5,0,0,0,0,0,0,0,0,,,,,,
2026-10-06 12:58:36,8060.0,8114.5,766,0,106,1,0,1,107,1,,,,,,
2026-10-06 12:58:36,8060.0,8114.5,0,0,182,0,182,0,182,182,,,,,,
2026-10-06 12:58:36,8060.0,8114.5,1025,26,79,0,0,0,79,0,,,,,,
2026-10-06 12:58:36,8065.0,8119.5,113,0,44,0,0,0,44,0,,,,,,
2026-10-06 12:58:36,8070.0,8124.5,0,0,4,8,4,8,12,12,,,,,,
2026-10-06 12:58:36,8070.0,8124.5,0,0,158,0,158,0,158,158,,,,,,
2026-10-06 12:58:36,8070.0,8124.5,0,0,0,0,0,0,0,0,,,,,,
2026-10-06 12:58:36,8070.0,8124.5,26,0,2,0,0,0,2,0,,,,,,
2026-10-06 12:58:36,8070.0,8124.5,0,0,176,0,176,0,176,176,,,,,,
2026-10-06 12:58:36,8070.0,8124.5,1315,1,8,0,0,0,8,0,,,,,,
2026-10-06 12:58:36,8075.0,8129.5,424,1,0,4,0,3,4,3,,,,,,
2026-10-06 12:58:36,8075.0,8129.5,783,3,215,0,0,0,215,0,,,,,,
2026-10-06 12:58:36,8075.0,8129.5,526,1,3081,0,2555,0,3081,2555,,,,,,
2026-10-06 12:58:36,8075.0,8129.5,1148,62,6,0,0,0,6,0,,,,,,
2026-10-06 12:58:36,8075.0,8129.5,90,0,53,0,0,0,53,0,,,,,,
2026-10-06 12:58:36,8075.0,8129.5,377,0,222,0,0,0,222,0,,,,,,
2026-10-06 12:58:36,8075.0,8129.5,155,0,167,0,12,0,167,12,,,,,,
2026-10-06 12:58:36,8075.0,8129.5,234,0,45,0,0,0,45,0,,,,,,
2026-10-06 12:58:36,8075.0,8129.5,6911,23,982,0,0,0,982,0,,,,,,
2026-10-06 12:58:36,8080.0,8134.5,0,0,0,4,0,4,4,4,,,,,,
2026-10-06 12:58:36,8080.0,8134.5,0,0,77,0,77,0,77,77,,,,,,
2026-10-06 12:58:36,8080.0,8134.5,0,0,2,0,2,0,2,2,,,,,,
2026-10-06 12:58:36,8080.0,8134.5,93,0,2,0,0,0,2,0,,,,,,
2026-10-06 12:58:36,8080.0,8134.5,0,0,0,0,0,0,0,0,,,,,,
2026-10-06 12:58:36,8080.0,8134.5,1445,7,68,0,0,0,68,0,,,,,,
2026-10-06 12:58:36,8085.0,8139.5,49,0,4,0,0,0,4,0,,,,,,
2026-10-06 12:58:36,8090.0,8144.5,75,30,144,1,69,0,145,69,,,,,,
2026-10-06 12:58:36,8090.0,8144.5,1202,6,31,0,0,0,31,0,,,,,,
2026-10-06 12:58:36,8095.0,8149.5,53,0,16,0,0,0,16,0,,,,,,
2026-10-06 12:58:36,8100.0,8154.5,507,3,7,8,0,5,15,5,,,,,,
2026-10-06 12:58:36,8100.0,8154.5,131,1,11,1,0,0,12,0,,,,,,
2026-10-06 12:58:36,8100.0,8154.5,323,2,52,0,0,0,52,0,,,,,,
2026-10-06 12:58:36,8100.0,8154.5,1511,25,831,1,0,0,832,0,,,,,,
2026-10-06 12:58:36,8100.0,8154.5,226,0,23,0,0,0,23,0,,,,,,
2026-10-06 12:58:36,8100.0,8154.5,69,1,706,0,637,0,706,637,,,,,,
2026-10-06 12:58:36,8100.0,8154.5,233,0,173,0,0,0,173,0,,,,,,
2026-10-06 12:58:36,8100.0,8154.5,148,0,44,0,0,0,44,0,,,,,,
2026-10-06 12:58:36,8100.0,8154.5,11001,804,813,0,0,0,813,0,,,,,,
2026-10-06 12:58:36,8105.0,8159.5,489,0,5,0,0,0,5,0,,,,,,
2026-10-06 12:58:36,8110.0,8164.5,18,37,213,0,195,0,213,195,,,,,,
2026-10-06 12:58:36,8110.0,8164.5,1067,2,17,0,0,0,17,0,,,,,,
2026-10-06 12:58:36,8115.0,8169.5,34,0,1,0,0,0,1,0,,,,,,
2026-10-06 12:58:36,8120.0,8174.5,333,0,101,0,0,0,101,0,,,,,,
2026-10-06 12:58:36,8120.0,8174.5,631,4,227,0,0,0,227,0,,,,,,
2026-10-06 12:58:36,8125.0,8179.5,223,0,15,2,0,2,17,2,,,,,,
2026-10-06 12:58:36,8125.0,8179.5,74,2,430,4,356,2,434,358,,,,,,
2026-10-06 12:58:36,8125.0,8179.5,15,0,1,0,0,0,1,0,,,,,,
2026-10-06 12:58:36,8125.0,8179.5,578,32,150,0,0,0,150,0,,,,,,
2026-10-06 12:58:36,8125.0,8179.5,62,0,2,0,0,0,2,0,,,,,,
2026-10-06 12:58:36,8125.0,8179.5,27,0,19,0,0,0,19,0,,,,,,
2026-10-06 12:58:36,8125.0,8179.5,17,0,69,0,52,0,69,52,,,,,,
2026-10-06 12:58:36,8125.0,8179.5,12,0,38,0,26,0,38,26,,,,,,
2026-10-06 12:58:36,8125.0,8179.5,5938,2,137,0,0,0,137,0,,,,,,
2026-10-06 12:58:36,8130.0,8184.5,895,2,95,0,0,0,95,0,,,,,,
2026-10-06 12:58:36,8130.0,8184.5,703,3,14,0,0,0,14,0,,,,,,
2026-10-06 12:58:36,8135.0,8189.5,89,0,3,0,0,0,3,0,,,,,,
2026-10-06 12:58:36,8140.0,8194.5,0,10,276,0,276,0,276,276,,,,,,
2026-10-06 12:58:36,8140.0,8194.5,744,3,248,0,0,0,248,0,,,,,,
2026-10-06 12:58:36,8145.0,8199.5,381,0,51,0,0,0,51,0,,,,,,
2026-10-06 12:58:36,8150.0,8204.5,160,1,0,1,0,0,1,0,,,,,,
2026-10-06 12:58:36,8150.0,8204.5,20,0,275,0,255,0,275,255,,,,,,
2026-10-06 12:58:36,8150.0,8204.5,26,0,24,0,0,0,24,0,,,,,,
2026-10-06 12:58:36,8150.0,8204.5,1480,2,403,0,0,0,403,0,,,,,,
2026-10-06 12:58:36,8150.0,8204.5,59,2,913,0,854,0,913,854,,,,,,
2026-10-06 12:58:36,8150.0,8204.5,2,0,9,0,7,0,9,7,,,,,,
2026-10-06 12:58:36,8150.0,8204.5,12,0,150,0,138,0,150,138,,,,,,
2026-10-06 12:58:36,8150.0,8204.5,15,0,30,0,15,0,30,15,,,,,,
2026-10-06 12:58:36,8150.0,8204.5,9598,27,519,0,0,0,519,0,,,,,,
2026-10-06 12:58:36,8155.0,8209.5,229,0,311,0,82,0,311,82,,,,,,
2026-10-06 12:58:36,8160.0,8214.5,300,0,422,0,122,0,422,122,,,,,,
2026-10-06 12:58:36,8160.0,8214.5,641,2,14,0,0,0,14,0,,,,,,
2026-10-06 12:58:36,8170.0,8224.5,374,0,374,0,0,0,374,0,,,,,,
2026-10-06 12:58:36,8170.0,8224.5,1908,2,122,0,0,0,122,0,,,,,,
2026-10-06 12:58:36,8175.0,8229.5,141,0,0,2,0,2,2,2,,,,,,
2026-10-06 12:58:36,8175.0,8229.5,27,1,265,0,238,0,265,238,,,,,,
2026-10-06 12:58:36,8175.0,8229.5,10,0,13,0,3,0,13,3,,,,,,
2026-10-06 12:58:36,8175.0,8229.5,314,0,0,0,0,0,0,0,,,,,,
2026-10-06 12:58:36,8175.0,8229.5,9,0,60,0,51,0,60,51,,,,,,
2026-10-06 12:58:36,8175.0,8229.5,0,0,1,0,1,0,1,1,,,,,,
2026-10-06 12:58:36,8175.0,8229.5,2,0,1,0,0,0,1,0,,,,,,
2026-10-06 12:58:36,8175.0,8229.5,13,0,42,0,29,0,42,29,,,,,,
2026-10-06 12:58:36,8175.0,8229.5,1717,13,88,0,0,0,88,0,,,,,,
2026-10-06 12:58:36,8180.0,8234.5,0,10,0,0,0,0,0,0,,,,,,
2026-10-06 12:58:36,8180.0,8234.5,773,0,14,0,0,0,14,0,,,,,,
2026-10-06 12:58:36,8190.0,8244.5,0,0,3,0,3,0,3,3,,,,,,
2026-10-06 12:58:36,8190.0,8244.5,438,2,143,0,0,0,143,0,,,,,,
2026-10-06 12:58:36,8200.0,8254.5,372,1,1,3,0,2,4,2,,,,,,
2026-10-06 12:58:36,8200.0,8254.5,20,0,150,0,130,0,150,130,,,,,,
2026-10-06 12:58:36,8200.0,8254.5,15,1,100,0,85,0,100,85,,,,,,
2026-10-06 12:58:36,8200.0,8254.5,1162,0,88,0,0,0,88,0,,,,,,
2026-10-06 12:58:36,8200.0,8254.5,245,1,152,0,0,0,152,0,,,,,,
2026-10-06 12:58:36,8200.0,8254.5,90,0,2,0,0,0,2,0,,,,,,
2026-10-06 12:58:36,8200.0,8254.5,35,0,27,0,0,0,27,0,,,,,,
2026-10-06 12:58:36,8200.0,8254.5,18,0,2,0,0,0,2,0,,,,,,
2026-10-06 12:58:36,8200.0,8254.5,16664,17,341,0,0,0,341,0,,,,,,
2026-10-06 12:58:36,8210.0,8264.5,0,0,0,0,0,0,0,0,,,,,,
2026-10-06 12:58:36,8210.0,8264.5,694,0,4,0,0,0,4,0,,,,,,
2026-10-06 12:58:36,8220.0,8274.5,0,0,0,0,0,0,0,0,,,,,,
2026-10-06 12:58:36,8220.0,8274.5,332,1,66,0,0,0,66,0,,,,,,
2026-10-06 12:58:36,8225.0,8279.5,159,0,0,0,0,0,0,0,,,,,,
2026-10-06 12:58:36,8225.0,8279.5,7,0,152,0,145,0,152,145,,,,,,
2026-10-06 12:58:36,8225.0,8279.5,21,0,112,2,91,2,114,93,,,,,,
2026-10-06 12:58:36,8225.0,8279.5,822,0,0,0,0,0,0,0,,,,,,
2026-10-06 12:58:36,8225.0,8279.5,405,0,190,0,0,0,190,0,,,,,,
2026-10-06 12:58:36,8225.0,8279.5,2,0,0,0,0,0,0,0,,,,,,
2026-10-06 12:58:36,8225.0,8279.5,63,0,0,0,0,0,0,0,,,,,,
2026-10-06 12:58:36,8225.0,8279.5,4,0,2,0,0,0,2,0,,,,,,
2026-10-06 12:58:36,8225.0,8279.5,1342,1,0,0,0,0,0,0,,,,,,
2026-10-06 12:58:36,8230.0,8284.5,0,0,3,0,3,0,3,3,,,,,,
2026-10-06 12:58:36,8230.0,8284.5,425,4,20,0,0,0,20,0,,,,,,
2026-10-06 12:58:36,8240.0,8294.5,2060,0,204,0,0,0,204,0,,,,,,
2026-10-06 12:58:36,8250.0,8304.5,819,0,0,0,0,0,0,0,,,,,,
2026-10-06 12:58:36,8250.0,8304.5,5,0,113,0,108,0,113,108,,,,,,
2026-10-06 12:58:36,8250.0,8304.5,7,0,1,0,0,0,1,0,,,,,,
2026-10-06 12:58:36,8250.0,8304.5,781,0,753,0,0,0,753,0,,,,,,
2026-10-06 12:58:36,8250.0,8304.5,125,0,1667,0,1542,0,1667,1542,,,,,,
2026-10-06 12:58:36,8250.0,8304.5,3,0,0,0,0,0,0,0,,,,,,
2026-10-06 12:58:36,8250.0,8304.5,100,0,0,0,0,0,0,0,,,,,,
2026-10-06 12:58:36,8250.0,8304.5,3,0,10,0,7,0,10,7,,,,,,
2026-10-06 12:58:36,8250.0,8304.5,8021,3461,151,0,0,0,151,0,,,,,,
2026-10-06 12:58:36,8260.0,8314.5,404,7,26,0,0,0,26,0,,,,,,
2026-10-06 12:58:36,8270.0,8324.5,428,3,10,0,0,0,10,0,,,,,,
2026-10-06 12:58:36,8275.0,8329.5,189,0,0,0,0,0,0,0,,,,,,
2026-10-06 12:58:36,8275.0,8329.5,27,0,71,0,44,0,71,44,,,,,,
2026-10-06 12:58:36,8275.0,8329.5,8,0,0,0,0,0,0,0,,,,,,
2026-10-06 12:58:36,8275.0,8329.5,107,0,805,0,698,0,805,698,,,,,,
2026-10-06 12:58:36,8275.0,8329.5,7,0,700,0,693,0,700,693,,,,,,
2026-10-06 12:58:36,8275.0,8329.5,85,0,13,0,0,0,13,0,,,,,,
2026-10-06 12:58:36,8275.0,8329.5,50,0,10,0,0,0,10,0,,,,,,
2026-10-06 12:58:36,8275.0,8329.5,0,0,0,0,0,0,0,0,,,,,,
2026-10-06 12:58:36,8275.0,8329.5,2723,3,1,0,0,0,1,0,,,,,,
2026-10-06 12:58:36,8280.0,8334.5,839,11,60,0,0,0,60,0,,,,,,
2026-10-06 12:58:36,8290.0,8344.5,389,12,106,0,0,0,106,0,,,,,,
2026-10-06 12:58:36,8300.0,8354.5,120,0,0,0,0,0,0,0,,,,,,
2026-10-06 12:58:36,8300.0,8354.5,60,0,4,0,0,0,4,0,,,,,,
2026-10-06 12:58:36,8300.0,8354.5,17,2,0,0,0,0,0,0,,,,,,
2026-10-06 12:58:36,8300.0,8354.5,2544,0,112,2,0,2,114,2,,,,,,
2026-10-06 12:58:36,8300.0,8354.5,320,1,100,0,0,0,100,0,,,,,,
2026-10-06 12:58:36,8300.0,8354.5,56,0,60,0,4,0,60,4,,,,,,
2026-10-06 12:58:36,8300.0,8354.5,162,0,0,0,0,0,0,0,,,,,,
2026-10-06 12:58:36,8300.0,8354.5,16,0,0,0,0,0,0,0,,,,,,
2026-10-06 12:58:36,8300.0,8354.5,13634,15,78,0,0,0,78,0,,,,,,
2026-10-06 12:58:36,8310.0,8364.5,849,19,0,0,0,0,0,0,,,,,,
2026-10-06 12:58:36,8320.0,8374.5,218,3,2,0,0,0,2,0,,,,,,
2026-10-06 12:58:36,8325.0,8379.5,3,1,3,1,0,0,4,0,,,,,,
2026-10-06 12:58:36,8325.0,8379.5,1277,9,8,0,0,0,8,0,,,,,,
2026-10-06 12:58:36,8330.0,8384.5,446,15,0,0,0,0,0,0,,,,,,
2026-10-06 12:58:36,8340.0,8394.5,281,18,0,0,0,0,0,0,,,,,,
2026-10-06 12:58:36,8350.0,8404.5,872,4,1,3,0,0,4,0,,,,,,
2026-10-06 12:58:36,8350.0,8404.5,3420,219,11,0,0,0,11,0,,,,,,
2026-10-06 12:58:36,8360.0,8414.5,697,16,6,0,0,0,6,0,,,,,,
2026-10-06 12:58:36,8370.0,8424.5,264,23,0,0,0,0,0,0,,,,,,
2026-10-06 12:58:36,8375.0,8429.5,6250,1,0,4,0,3,4,3,,,,,,
2026-10-06 12:58:36,8375.0,8429.5,1158,9,1,0,0,0,1,0,,,,,,
2026-10-06 12:58:36,8380.0,8434.5,444,0,0,0,0,0,0,0,,,,,,
2026-10-06 12:58:36,8390.0,8444.5,1,0,0,0,0,0,0,0,,,,,,
2026-10-06 12:58:36,8400.0,8454.5,45,0,0,0,0,0,0,0,,,,,,
2026-10-06 12:58:36,8400.0,8454.5,179,0,59,0,0,0,59,0,,,,,,
2026-10-06 12:58:36,8400.0,8454.5,30,0,0,0,0,0,0,0,,,,,,
2026-10-06 12:58:36,8400.0,8454.5,1015,4,2,5,0,1,7,1,,,,,,
2026-10-06 12:58:36,8400.0,8454.5,60,0,0,0,0,0,0,0,,,,,,
2026-10-06 12:58:36,8400.0,8454.5,20,0,8,0,0,0,8,0,,,,,,
2026-10-06 12:58:36,8400.0,8454.5,11,0,2,0,0,0,2,0,,,,,,
2026-10-06 12:58:36,8400.0,8454.5,124,0,107,0,0,0,107,0,,,,,,
2026-10-06 12:58:36,8400.0,8454.5,6281,31,73,0,0,0,73,0,,,,,,
2026-10-06 12:58:36,8410.0,8464.5,246,0,0,0,0,0,0,0,,,,,,
2026-10-06 12:58:36,8420.0,8474.5,48,0,0,0,0,0,0,0,,,,,,
2026-10-06 12:58:36,8425.0,8479.5,0,1,0,3,0,2,3,2,,,,,,
2026-10-06 12:58:36,8425.0,8479.5,827,5,24,0,0,0,24,0,,,,,,
2026-10-06 12:58:36,8430.0,8484.5,10,0,0,0,0,0,0,0,,,,,,
2026-10-06 12:58:36,8440.0,8494.5,27,0,0,0,0,0,0,0,,,,,,
2026-10-06 12:58:36,8450.0,8504.5,708,0,0,0,0,0,0,0,,,,,,
2026-10-06 12:58:36,8450.0,8504.5,3242,9,2,0,0,0,2,0,,,,,,
2026-10-06 12:58:36,8460.0,8514.5,0,0,0,0,0,0,0,0,,,,,,
2026-10-06 12:58:36,8470.0,8524.5,10,0,0,0,0,0,0,0,,,,,,
2026-10-06 12:58:36,8475.0,8529.5,0,0,0,0,0,0,0,0,,,,,,
2026-10-06 12:58:36,8475.0,8529.5,3083,0,0,0,0,0,0,0,,,,,,
2026-10-06 12:58:36,8480.0,8534.5,0,0,0,0,0,0,0,0,,,,,,
2026-10-06 12:58:36,8490.0,8544.5,750,0,0,0,0,0,0,0,,,,,,
2026-10-06 12:58:36,8500.0,8554.5,13,2,0,0,0,0,0,0,,,,,,
2026-10-06 12:58:36,8500.0,8554.5,548,0,0,0,0,0,0,0,,,,,,
2026-10-06 12:58:36,8500.0,8554.5,5,0,1,0,0,0,1,0,,,,,,
2026-10-06 12:58:36,8500.0,8554.5,813,0,0,0,0,0,0,0,,,,,,
2026-10-06 12:58:36,8500.0,8554.5,7,0,0,0,0,0,0,0,,,,,,
2026-10-06 12:58:36,8500.0,8554.5,0,0,50,0,50,0,50,50,,,,,,
2026-10-06 12:58:36,8500.0,8554.5,34,0,10,0,0,0,10,0,,,,,,
2026-10-06 12:58:36,8500.0,8554.5,2,0,0,0,0,0,0,0,,,,,,
2026-10-06 12:58:36,8500.0,8554.5,8361,252,303,0,0,0,303,0,,,,,,
2026-10-06 12:58:36,8510.0,8564.5,1,0,0,0,0,0,0,0,,,,,,
2026-10-06 12:58:36,8520.0,8574.5,5,0,0,0,0,0,0,0,,,,,,
2026-10-06 12:58:36,8525.0,8579.5,0,0,0,0,0,0,0,0,,,,,,
2026-10-06 12:58:36,8525.0,8579.5,828,18,1,0,0,0,1,0,,,,,,
2026-10-06 12:58:36,8530.0,8584.5,93,0,0,0,0,0,0,0,,,,,,
2026-10-06 12:58:36,8540.0,8594.5,5,0,0,0,0,0,0,0,,,,,,
2026-10-06 12:58:36,8550.0,8604.5,2633,18,1,0,0,0,1,0,,,,,,
2026-10-06 12:58:36,8575.0,8629.5,2425,6,0,0,0,0,0,0,,,,,,
2026-10-06 12:58:36,8600.0,8654.5,114,0,0,0,0,0,0,0,,,,,,
2026-10-06 12:58:36,8600.0,8654.5,38,0,0,0,0,0,0,0,,,,,,
2026-10-06 12:58:36,8600.0,8654.5,21,0,10,0,0,0,10,0,,,,,,
2026-10-06 12:58:36,8600.0,8654.5,905,0,203,0,0,0,203,0,,,,,,
2026-10-06 12:58:36,8600.0,8654.5,55,0,0,0,0,0,0,0,,,,,,
2026-10-06 12:58:36,8600.0,8654.5,2,0,200,0,198,0,200,198,,,,,,
2026-10-06 12:58:36,8600.0,8654.5,1,0,0,0,0,0,0,0,,,,,,
2026-10-06 12:58:36,8600.0,8654.5,15,4,0,0,0,0,0,0,,,,,,
2026-10-06 12:58:36,8600.0,8654.5,4525,22,3,0,0,0,3,0,,,,,,
2026-10-06 12:58:36,8625.0,8679.5,2271,1,0,0,0,0,0,0,,,,,,
2026-10-06 12:58:36,8650.0,8704.5,5327,2,0,0,0,0,0,0,,,,,,
2026-10-06 12:58:36,8675.0,8729.5,2090,0,0,0,0,0,0,0,,,,,,
2026-10-06 12:58:36,8700.0,8754.5,13,0,10,0,0,0,10,0,,,,,,
2026-10-06 12:58:36,8700.0,8754.5,3047,1,0,0,0,0,0,0,,,,,,
2026-10-06 12:58:36,8725.0,8779.5,1520,0,0,0,0,0,0,0,,,,,,
2026-10-06 12:58:36,8750.0,8804.5,2197,14,0,0,0,0,0,0,,,,,,
2026-10-06 12:58:36,8775.0,8829.5,121,11,1,0,0,0,1,0,,,,,,
2026-10-06 12:58:36,8800.0,8854.5,8,1,0,1,0,0,1,0,,,,,,
2026-10-06 12:58:36,8800.0,8854.5,11,0,0,1,0,1,1,1,,,,,,
2026-10-06 12:58:36,8800.0,8854.5,3000,0,0,0,0,0,0,0,,,,,,
2026-10-06 12:58:36,8800.0,8854.5,63,0,0,0,0,0,0,0,,,,,,
2026-10-06 12:58:36,8800.0,8854.5,4,0,29,0,25,0,29,25,,,,,,
2026-10-06 12:58:36,8800.0,8854.5,5,0,0,0,0,0,0,0,,,,,,
2026-10-06 12:58:36,8800.0,8854.5,1,0,0,0,0,0,0,0,,,,,,
2026-10-06 12:58:36,8800.0,8854.5,2,0,1,0,0,0,1,0,,,,,,
2026-10-06 12:58:36,8800.0,8854.5,5496,4,0,0,0,0,0,0,,,,,,
2026-10-06 12:58:36,8850.0,8904.5,765,17,0,0,0,0,0,0,,,,,,
2026-10-06 12:58:36,8900.0,8954.5,2915,19,1,0,0,0,1,0,,,,,,
2026-10-06 12:58:36,9000.0,9054.5,41,0,0,0,0,0,0,0,,,,,,
2026-10-06 12:58:36,9000.0,9054.5,0,0,0,0,0,0,0,0,,,,,,
2026-10-06 12:58:36,9000.0,9054.5,1,0,0,0,0,0,0,0,,,,,,
2026-10-06 12:58:36,9000.0,9054.5,1153,1002,0,0,0,0,0,0,,,,,,
2026-10-06 12:58:36,9000.0,9054.5,140,0,0,0,0,0,0,0,,,,,,
2026-10-06 12:58:36,9000.0,9054.5,0,0,0,0,0,0,0,0,,,,,,
2026-10-06 12:58:36,9000.0,9054.5,3,0,0,0,0,0,0,0,,,,,,
2026-10-06 12:58:36,9000.0,9054.5,1,0,0,0,0,0,0,0,,,,,,
2026-10-06 12:58:36,9000.0,9054.5,10951,218,6,0,0,0,6,0,,,,,,
2026-10-06 12:58:36,9100.0,9154.5,5869,0,0,0,0,0,0,0,,,,,,
2026-10-06 12:58:36,9200.0,9254.5,2,0,0,0,0,0,0,0,,,,,,
2026-10-06 12:58:36,9200.0,9254.5,2,0,0,0,0,0,0,0,,,,,,
2026-10-06 12:58:36,9200.0,9254.5,91,0,0,0,0,0,0,0,,,,,,
2026-10-06 12:58:36,9200.0,9254.5,39,0,0,0,0,0,0,0,,,,,,
2026-10-06 12:58:36,9200.0,9254.5,10,0,0,0,0,0,0,0,,,,,,
2026-10-06 12:58:36,9200.0,9254.5,1,0,0,0,0,0,0,0,,,,,,
2026-10-06 12:58:36,9200.0,9254.5,0,0,0,0,0,0,0,0,,,,,,
2026-10-06 12:58:36,9200.0,9254.5,2,0,0,0,0,0,0,0,,,,,,
2026-10-06 12:58:36,9200.0,9254.5,4045,8,0,0,0,0,0,0,,,,,,
2026-10-06 12:58:36,9300.0,9354.5,184,0,0,0,0,0,0,0,,,,,,
2026-10-06 12:58:37,6350.0,6404.5,0,2932,0,1,0,0,1,0,,,,,,
2026-10-06 12:58:37,6375.0,6429.5,0,0,0,0,0,0,0,0,,,,,,
2026-10-06 12:58:37,6400.0,6454.5,0,171,0,12,0,0,12,0,,,,,,
2026-10-06 12:58:37,6400.0,6454.5,0,1969,0,83,0,0,83,0,,,,,,
2026-10-06 12:58:37,6400.0,6454.5,0,323,0,0,0,0,0,0,,,,,,
2026-10-06 12:58:37,6400.0,6454.5,0,148,0,5,0,0,5,0,,,,,,
2026-10-06 12:58:37,6400.0,6454.5,0,62502,0,97,0,0,97,0,,,,,,
2026-10-06 12:58:37,6400.0,6454.5,0,64,0,47,0,0,47,0,,,,,,
2026-10-06 12:58:37,6425.0,6479.5,0,0,0,0,0,0,0,0,,,,,,
2026-10-06 12:58:37,6450.0,6504.5,0,381,0,14,0,0,14,0,,,,,,
2026-10-06 12:58:37,6475.0,6529.5,0,9,0,0,0,0,0,0,,,,,,
2026-10-06 12:58:37,6500.0,6554.5,0,324,0,156,0,0,156,0,,,,,,
2026-10-06 12:58:37,6500.0,6554.5,2,210,0,20,0,0,20,0,,,,,,
2026-10-06 12:58:37,6500.0,6554.5,0,284,0,63,0,0,63,0,,,,,,
2026-10-06 12:58:37,6500.0,6554.5,0,171,0,0,0,0,0,0,,,,,,
2026-10-06 12:58:37,6500.0,6554.5,22,833,0,32,0,0,32,0,,,,,,
2026-10-06 12:58:37,6500.0,6554.5,3,79,0,0,0,0,0,0,,,,,,
2026-10-06 12:58:37,6525.0,6579.5,0,27,0,0,0,0,0,0,,,,,,
2026-10-06 12:58:37,6525.0,6579.5,0,12,0,1,0,0,1,0,,,,,,
2026-10-06 12:58:37,6525.0,6579.5,10,70,0,0,0,0,0,0,,,,,,
2026-10-06 12:58:37,6525.0,6579.5,0,91,0,6,0,0,6,0,,,,,,
2026-10-06 12:58:37,6550.0,6604.5,0,502,0,0,0,0,0,0,,,,,,
2026-10-06 12:58:37,6550.0,6604.5,0,47,0,0,0,0,0,0,,,,,,
2026-10-06 12:58:37,6550.0,6604.5,10,11,0,0,0,0,0,0,,,,,,
2026-10-06 12:58:37,6550.0,6604.5,0,292,0,4,0,0,4,0,,,,,,
2026-10-06 12:58:37,6575.0,6629.5,0,15,0,10,0,0,10,0,,,,,,
2026-10-06 12:58:37,6575.0,6629.5,0,1,0,0,0,0,0,0,,,,,,
2026-10-06 12:58:37,6575.0,6629.5,0,22,0,0,0,0,0,0,,,,,,
2026-10-06 12:58:37,6575.0,6629.5,0,18,0,0,0,0,0,0,,,,,,
2026-10-06 12:58:37,6575.0,6629.5,0,39,0,5,0,0,5,0,,,,,,
2026-10-06 12:58:37,6600.0,6654.5,0,86,0,0,0,0,0,0,,,,,,
2026-10-06 12:58:37,6600.0,6654.5,0,29,0,20,0,0,20,0,,,,,,
2026-10-06 12:58:37,6600.0,6654.5,0,466,0,0,0,0,0,0,,,,,,
2026-10-06 12:58:37,6600.0,6654.5,0,9036,0,85,0,0,85,0,,,,,,
2026-10-06 12:58:37,6600.0,6654.5,0,1163,0,12,0,0,12,0,,,,,,
2026-10-06 12:58:37,6600.0,6654.5,0,372,0,95,0,0,95,0,,,,,,
2026-10-06 12:58:37,6625.0,6679.5,0,36,0,0,0,0,0,0,,,,,,
2026-10-06 12:58:37,6625.0,6679.5,0,48,0,3,0,0,3,0,,,,,,
2026-10-06 12:58:37,6625.0,6679.5,0,29,0,0,0,0,0,0,,,,,,
2026-10-06 12:58:37,6625.0,6679.5,0,203,0,195,0,0,195,0,,,,,,
2026-10-06 12:58:37,6625.0,6679.5,0,433,0,0,0,0,0,0,,,,,,
2026-10-06 12:58:37,6625.0,6679.5,0,247,0,0,0,0,0,0,,,,,,
2026-10-06 12:58:37,6650.0,6704.5,0,127,0,0,0,0,0,0,,,,,,
2026-10-06 12:58:37,6650.0,6704.5,0,0,0,0,0,0,0,0,,,,,,
2026-10-06 12:58:37,6650.0,6704.5,0,300,0,300,0,0,300,0,,,,,,
2026-10-06 12:58:37,6650.0,6704.5,0,115,0,106,0,0,106,0,,,,,,
2026-10-06 12:58:37,6650.0,6704.5,0,680,0,210,0,0,210,0,,,,,,
2026-10-06 12:58:37,6650.0,6704.5,0,2,0,0,0,0,0,0,,,,,,
2026-10-06 12:58:37,6675.0,6729.5,0,78,0,60,0,0,60,0,,,,,,
2026-10-06 12:58:37,6675.0,6729.5,0,131,0,0,0,0,0,0,,,,,,
2026-10-06 12:58:37,6675.0,6729.5,0,30,0,0,0,0,0,0,,,,,,
2026-10-06 12:58:37,6675.0,6729.5,0,53,0,2,0,0,2,0,,,,,,
2026-10-06 12:58:37,6675.0,6729.5,0,22,0,522,0,500,522,500,,,,,,
2026-10-06 12:58:37,6675.0,6729.5,0,2,0,0,0,0,0,0,,,,,,
2026-10-06 12:58:37,6700.0,6754.5,0,69,0,0,0,0,0,0,,,,,,
2026-10-06 12:58:37,6700.0,6754.5,0,46,0,0,0,0,0,0,,,,,,
2026-10-06 12:58:37,6700.0,6754.5,0,77,0,30,0,0,30,0,,,,,,
2026-10-06 12:58:37,6700.0,6754.5,0,64,0,6,0,0,6,0,,,,,,
2026-10-06 12:58:37,6700.0,6754.5,5,769,0,1,0,0,1,0,,,,,,
2026-10-06 12:58:37,6700.0,6754.5,0,49,0,1,0,0,1,0,,,,,,
2026-10-06 12:58:37,6725.0,6779.5,0,5,0,0,0,0,0,0,,,,,,
2026-10-06 12:58:37,6725.0,6779.5,0,10,0,0,0,0,0,0,,,,,,
2026-10-06 12:58:37,6725.0,6779.5,0,6,0,2,0,0,2,0,,,,,,
2026-10-06 12:58:37,6725.0,6779.5,0,47,0,222,0,175,222,175,,,,,,
2026-10-06 12:58:37,6725.0,6779.5,0,298,0,0,0,0,0,0,,,,,,
2026-10-06 12:58:37,6725.0,6779.5,0,51,0,0,0,0,0,0,,,,,,
2026-10-06 12:58:37,6750.0,6804.5,0,10,0,0,0,0,0,0,,,,,,
2026-10-06 12:58:37,6750.0,6804.5,0,26,0,0,0,0,0,0,,,,,,
2026-10-06 12:58:37,6750.0,6804.5,0,64,0,0,0,0,0,0,,,,,,
2026-10-06 12:58:37,6750.0,6804.5,0,53,0,0,0,0,0,0,,,,,,
2026-10-06 12:58:37,6750.0,6804.5,1,809,0,0,0,0,0,0,,,,,,
2026-10-06 12:58:37,6750.0,6804.5,0,19,0,0,0,0,0,0,,,,,,
2026-10-06 12:58:37,6775.0,6829.5,0,40,0,0,0,0,0,0,,,,,,
2026-10-06 12:58:37,6775.0,6829.5,0,12,0,0,0,0,0,0,,,,,,
2026-10-06 12:58:37,6775.0,6829.5,0,1,0,0,0,0,0,0,,,,,,
2026-10-06 12:58:37,6775.0,6829.5,0,49,0,50,0,1,50,1,,,,,,
2026-10-06 12:58:37,6775.0,6829.5,0,91,0,0,0,0,0,0,,,,,,
2026-10-06 12:58:37,6775.0,6829.5,0,10,0,0,0,0,0,0,,,,,,
2026-10-06 12:58:37,6800.0,6854.5,0,442,0,13,0,0,13,0,,,,,,
2026-10-06 12:58:37,6800.0,6854.5,0,261,0,1,0,0,1,0,,,,,,
2026-10-06 12:58:37,6800.0,6854.5,0,477,0,1,0,0,1,0,,,,,,
2026-10-06 12:58:37,6800.0,6854.5,0,3025,0,3006,0,0,3006,0,2,,1,,,
2026-10-06 12:58:37,6800.0,6854.5,1,976,0,23,0,0,23,0,,,,,,
2026-10-06 12:58:37,6800.0,6854.5,0,113,0,127,0,14,127,14,,,,,,
2026-10-06 12:58:37,6825.0,6879.5,23,72,0,30,0,0,30,0,,,,,,
2026-10-06 12:58:37,6825.0,6879.5,0,24,0,0,0,0,0,0,,,,,,
2026-10-06 12:58:37,6825.0,6879.5,0,5,0,0,0,0,0,0,,,,,,
2026-10-06 12:58:37,6825.0,6879.5,0,3,0,0,0,0,0,0,,,,,,
2026-10-06 12:58:37,6825.0,6879.5,0,94,0,4,0,0,4,0,,,,,,
2026-10-06 12:58:37,6825.0,6879.5,0,4,0,0,0,0,0,0,,,,,,
2026-10-06 12:58:37,6850.0,6904.5,14,310,0,1,0,0,1,0,,,,,,
2026-10-06 12:58:37,6850.0,6904.5,0,38,0,1,0,0,1,0,,,,,,
2026-10-06 12:58:37,6850.0,6904.5,0,44,0,1,0,0,1,0,,,,,,
2026-10-06 12:58:37,6850.0,6904.5,0,81,0,2,0,0,2,0,,,,,,
2026-10-06 12:58:37,6850.0,6904.5,3,818,0,8,0,0,8,0,,,,,,
2026-10-06 12:58:37,6850.0,6904.5,0,40,0,7,0,0,7,0,,,,,,
2026-10-06 12:58:37,6875.0,6929.5,14,155,0,0,0,0,0,0,,,,,,
2026-10-06 12:58:37,6875.0,6929.5,16,120,0,0,0,0,0,0,,,,,,
2026-10-06 12:58:37,6875.0,6929.5,0,27,0,0,0,0,0,0,,,,,,
2026-10-06 12:58:37,6875.0,6929.5,5,28,0,25,0,0,25,0,,,,,,
2026-10-06 12:58:37,6875.0,6929.5,30,192,0,163,0,0,163,0,,,,,,
2026-10-06 12:58:37,6875.0,6929.5,0,132,4,9,4,0,13,4,,,,,,
2026-10-06 12:58:37,6900.0,6954.5,0,420,0,210,0,0,210,0,,,,,,
2026-10-06 12:58:37,6900.0,6954.5,16,75,0,1,0,0,1,0,,,,,,
2026-10-06 12:58:37,6900.0,6954.5,0,244,0,4,0,0,4,0,,,,,,
2026-10-06 12:58:37,6900.0,6954.5,38,59,0,3,0,0,3,0,,,,,,
2026-10-06 12:58:37,6900.0,6954.5,130,2271,0,10,0,0,10,0,,,,,,
2026-10-06 12:58:37,6900.0,6954.5,0,138,4,2,4,0,6,4,,,,,,
2026-10-06 12:58:37,6925.0,6979.5,0,70,0,3,0,0,3,0,,,,,,
2026-10-06 12:58:37,6925.0,6979.5,0,166,0,12,0,0,12,0,,,,,,
2026-10-06 12:58:37,6925.0,6979.5,0,187,0,1,0,0,1,0,,,,,,
2026-10-06 12:58:37,6925.0,6979.5,0,27,0,8,0,0,8,0,,,,,,
2026-10-06 12:58:37,6925.0,6979.5,0,651,0,7,0,0,7,0,,,,,,
2026-10-06 12:58:37,6925.0,6979.5,0,42,0,0,0,0,0,0,,,,,,
2026-10-06 12:58:37,6950.0,7004.5,0,126,0,2,0,0,2,0,,,,,,
2026-10-06 12:58:37,6950.0,7004.5,0,30,0,85,0,55,85,55,,,,,,
2026-10-06 12:58:37,6950.0,7004.5,6,47,0,13,0,0,13,0,,,,,,
2026-10-06 12:58:37,6950.0,7004.5,0,76,0,3,0,0,3,0,,,,,,
2026-10-06 12:58:37,6950.0,7004.5,2,423,0,2,0,0,2,0,,,,,,
2026-10-06 12:58:37,6950.0,7004.5,0,58,0,12,0,0,12,0,,,,,,
2026-10-06 12:58:37,6960.0,7014.5,0,0,0,176,0,176,176,176,,,,,,
2026-10-06 12:58:37,6970.0,7024.5,0,0,0,0,0,0,0,0,,,,,,
2026-10-06 12:58:37,6975.0,7029.5,11,61,0,0,0,0,0,0,,,,,,
2026-10-06 12:58:37,6975.0,7029.5,9,139,0,0,0,0,0,0,,,,,,
2026-10-06 12:58:37,6975.0,7029.5,6,57,0,0,0,0,0,0,,,,,,
2026-10-06 12:58:37,6975.0,7029.5,0,51,0,0,0,0,0,0,,,,,,
2026-10-06 12:58:37,6975.0,7029.5,0,419,0,3,0,0,3,0,,,,,,
2026-10-06 12:58:37,6975.0,7029.5,0,41,10,10,10,0,20,10,,,,,,
2026-10-06 12:58:37,6980.0,7034.5,0,0,0,0,0,0,0,0,,,,,,
2026-10-06 12:58:37,6990.0,7044.5,0,0,0,1,0,1,1,1,,,,,,
2026-10-06 12:58:37,7000.0,7054.5,19,572,0,3,0,0,3,0,,,,,,
2026-10-06 12:58:37,7000.0,7054.5,9,305,0,27,0,0,27,0,,,,,,
2026-10-06 12:58:37,7000.0,7054.5,0,180,0,2,0,0,2,0,,,,,,
2026-10-06 12:58:37,7000.0,7054.5,0,106,0,1,0,0,1,0,,,,,,
2026-10-06 12:58:37,7000.0,7054.5,996,2290,1,39,0,0,40,0,,,,,,
2026-10-06 12:58:37,7000.0,7054.5,13,768,11,41,0,0,52,0,,,,,,
2026-10-06 12:58:37,7010.0,7064.5,0,0,0,1,0,1,1,1,,,,,,
2026-10-06 12:58:37,7020.0,7074.5,0,0,0,0,0,0,0,0,,,,,,
2026-10-06 12:58:37,7025.0,7079.5,0,90,0,5,0,0,5,0,,,,,,
2026-10-06 12:58:37,7025.0,7079.5,0,28,0,0,0,0,0,0,,,,,,
2026-10-06 12:58:37,7025.0,7079.5,0,42,0,10,0,0,10,0,,,,,,
2026-10-06 12:58:37,7025.0,7079.5,0,259,0,2,0,0,2,0,,,,,,
2026-10-06 12:58:37,7025.0,7079.5,0,439,0,18,0,0,18,0,,,,,,
2026-10-06 12:58:37,7025.0,7079.5,0,33,0,2,0,0,2,0,,,,,,
2026-10-06 12:58:37,7030.0,7084.5,0,0,0,0,0,0,0,0,,,,,,
2026-10-06 12:58:37,7040.0,7094.5,0,0,0,0,0,0,0,0,,,,,,
2026-10-06 12:58:37,7050.0,7104.5,10,92,0,0,0,0,0,0,,,,,,
2026-10-06 12:58:37,7050.0,7104.5,13,520,0,0,0,0,0,0,,,,,,
2026-10-06 12:58:37,7050.0,7104.5,0,503,0,1,0,0,1,0,,,,,,
2026-10-06 12:58:37,7050.0,7104.5,10,231,0,4,0,0,4,0,,,,,,
2026-10-06 12:58:37,7050.0,7104.5,0,1018,0,49,0,0,49,0,,,,,,
2026-10-06 12:58:37,7050.0,7104.5,13,116,0,0,0,0,0,0,,,,,,
2026-10-06 12:58:37,7060.0,7114.5,0,10,0,2,0,0,2,0,,,,,,
2026-10-06 12:58:37,7070.0,7124.5,175,1,0,0,0,0,0,0,,,,,,
2026-10-06 12:58:37,7075.0,7129.5,0,358,0,23,0,0,23,0,,,,,,
2026-10-06 12:58:37,7075.0,7129.5,0,151,0,3,0,0,3,0,,,,,,
2026-10-06 12:58:37,7075.0,7129.5,2,84,0,10,0,0,10,0,,,,,,
2026-10-06 12:58:37,7075.0,7129.5,0,269,0,0,0,0,0,0,,,,,,
2026-10-06 12:58:37,7075.0,7129.5,0,780,0,5,0,0,5,0,,,,,,
2026-10-06 12:58:37,7075.0,7129.5,0,122,0,14,0,0,14,0,,,,,,
2026-10-06 12:58:37,7080.0,7134.5,0,4,0,0,0,0,0,0,,,,,,
2026-10-06 12:58:37,7090.0,7144.5,0,8,0,0,0,0,0,0,,,,,,
2026-10-06 12:58:37,7100.0,7154.5,0,4110,0,48,0,0,48,0,,,,,,
2026-10-06 12:58:37,7100.0,7154.5,13,504,0,2,0,0,2,0,,,,,,
2026-10-06 12:58:37,7100.0,7154.5,0,647,0,4,0,0,4,0,,,,,,
2026-10-06 12:58:37,7100.0,7154.5,0,281,0,5,0,0,5,0,,,,,,
2026-10-06 12:58:37,7100.0,7154.5,7,1965,1,62,0,0,63,0,,,,,,
2026-10-06 12:58:37,7100.0,7154.5,0,267,0,5,0,0,5,0,,,,,,
2026-10-06 12:58:37,7110.0,7164.5,0,165,0,2,0,0,2,0,,,,,,
2026-10-06 12:58:37,7120.0,7174.5,0,62,0,0,0,0,0,0,,,,,,
2026-10-06 12:58:37,7125.0,7179.5,0,374,0,5,0,0,5,0,,,,,,
2026-10-06 12:58:37,7125.0,7179.5,0,133,0,4,0,0,4,0,,,,,,
2026-10-06 12:58:37,7125.0,7179.5,0,86,0,2,0,0,2,0,,,,,,
2026-10-06 12:58:37,7125.0,7179.5,0,84,0,22,0,0,22,0,,,,,,
2026-10-06 12:58:37,7125.0,7179.5,0,401,0,5,0,0,5,0,,,,,,
2026-10-06 12:58:37,7125.0,7179.5,0,99,0,15,0,0,15,0,,,,,,
2026-10-06 12:58:37,7130.0,7184.5,0,53,0,13,0,0,13,0,,,,,,
2026-10-06 12:58:37,7140.0,7194.5,0,50,0,5,0,0,5,0,,,,,,
2026-10-06 12:58:37,7150.0,7204.5,0,115,0,0,0,0,0,0,,,,,,
2026-10-06 12:58:37,7150.0,7204.5,18,123,0,9,0,0,9,0,,,,,,
2026-10-06 12:58:37,7150.0,7204.5,0,212,0,2,0,0,2,0,,,,,,
2026-10-06 12:58:37,7150.0,7204.5,0,80,0,84,0,4,84,4,,,,,,
2026-10-06 12:58:37,7150.0,7204.5,22,707,0,94,0,0,94,0,,,,,,
2026-10-06 12:58:37,7150.0,7204.5,0,173,0,11,0,0,11,0,,,,,,
2026-10-06 12:58:37,7160.0,7214.5,0,91,0,1,0,0,1,0,,,,,,
2026-10-06 12:58:37,7170.0,7224.5,0,514,0,11,0,0,11,0,,,,,,
2026-10-06 12:58:37,7175.0,7229.5,0,129,0,49,0,0,49,0,,,,,,
2026-10-06 12:58:37,7175.0,7229.5,0,41,0,5,0,0,5,0,,,,,,
2026-10-06 12:58:37,7175.0,7229.5,8,35,0,2,0,0,2,0,,,,,,
2026-10-06 12:58:37,7175.0,7229.5,0,75,0,11,0,0,11,0,,,,,,
2026-10-06 12:58:37,7175.0,7229.5,0,354,0,22,0,0,22,0,,,,,,
2026-10-06 12:58:37,7175.0,7229.5,0,69,0,6,0,0,6,0,,,,,,
2026-10-06 12:58:37,7180.0,7234.5,0,33,0,4,0,0,4,0,,,,,,
2026-10-06 12:58:37,7190.0,7244.5,250,26,0,12,0,0,12,0,,,,,,
2026-10-06 12:58:37,7200.0,7254.5,2,337,0,29,0,0,29,0,,,,,,
2026-10-06 12:58:37,7200.0,7254.5,0,89,0,16,0,0,16,0,,,,,,
2026-10-06 12:58:37,7200.0,7254.5,8,81,0,9,0,0,9,0,,,,,,
2026-10-06 12:58:37,7200.0,7254.5,0,67,0,16,0,0,16,0,,,,,,
2026-10-06 12:58:37,7200.0,7254.5,14,1413,0,54,0,0,54,0,,,,,,
2026-10-06 12:58:37,7200.0,7254.5,0,298,0,9,0,0,9,0,,,,,,
2026-10-06 12:58:37,7210.0,7264.5,12,41,0,3,0,0,3,0,,,,,,
2026-10-06 12:58:37,7220.0,7274.5,0,168,0,4,0,0,4,0,,,,,,
2026-10-06 12:58:37,7225.0,7279.5,2,189,0,46,0,0,46,0,,,,,,
2026-10-06 12:58:37,7225.0,7279.5,0,145,0,57,0,0,57,0,,,,,,
2026-10-06 12:58:37,7225.0,7279.5,0,35,0,9,0,0,9,0,,,,,,
2026-10-06 12:58:37,7225.0,7279.5,0,72,0,9,0,0,9,0,,,,,,
2026-10-06 12:58:37,7225.0,7279.5,0,434,0,39,0,0,39,0,,,,,,
2026-10-06 12:58:37,7225.0,7279.5,0,80,0,8,0,0,8,0,,,,,,
2026-10-06 12:58:37,7230.0,7284.5,2,82,0,10,0,0,10,0,,,,,,
2026-10-06 12:58:37,7240.0,7294.5,4,244,1,6,0,0,7,0,,,,,,
2026-10-06 12:58:37,7250.0,7304.5,1,442,0,42,0,0,42,0,,,,,,
2026-10-06 12:58:37,7250.0,7304.5,0,188,0,47,0,0,47,0,,,,,,
2026-10-06 12:58:37,7250.0,7304.5,0,86,0,13,0,0,13,0,,,,,,
2026-10-06 12:58:37,7250.0,7304.5,0,144,0,10,0,0,10,0,,,,,,
2026-10-06 12:58:37,7250.0,7304.5,54,833,0,1579,0,746,1579,746,,,4,5,,3
2026-10-06 12:58:37,7250.0,7304.5,0,480,0,25,0,0,25,0,,,,,,
2026-10-06 12:58:37,7260.0,7314.5,59,65,0,0,0,0,0,0,,,,,,
2026-10-06 12:58:37,7270.0,7324.5,1,66,0,5,0,0,5,0,,,,,,
2026-10-06 12:58:37,7275.0,7329.5,0,145,0,18,0,0,18,0,,,,,,
2026-10-06 12:58:37,7275.0,7329.5,36,96,0,65,0,0,65,0,,,,,,
2026-10-06 12:58:37,7275.0,7329.5,2,323,0,105,0,0,105,0,,,,,,
2026-10-06 12:58:37,7275.0,7329.5,0,99,0,11,0,0,11,0,,,,,,
2026-10-06 12:58:37,7275.0,7329.5,38,511,0,55,0,0,55,0,,,,,,
2026-10-06 12:58:37,7275.0,7329.5,0,168,0,27,0,0,27,0,,,,,,
2026-10-06 12:58:37,7280.0,7334.5,0,138,0,6,0,0,6,0,,,,,,
2026-10-06 12:58:37,7290.0,7344.5,0,1,0,121,0,120,121,120,,,,,,
2026-10-06 12:58:37,7290.0,7344.5,0,19,0,18,0,0,18,0,,,,,,
2026-10-06 12:58:37,7290.0,7344.5,0,11,0,0,0,0,0,0,,,,,,
2026-10-06 12:58:37,7290.0,7344.5,0,5,0,0,0,0,0,0,,,,,,
2026-10-06 12:58:37,7290.0,7344.5,0,84,0,14,0,0,14,0,,,,,,
2026-10-06 12:58:37,7300.0,7354.5,4,292,0,90,0,0,90,0,,,,,,
2026-10-06 12:58:37,7300.0,7354.5,0,163,0,6,0,0,6,0,,,,,,
2026-10-06 12:58:37,7300.0,7354.5,0,333,0,82,0,0,82,0,,,,,,
2026-10-06 12:58:37,7300.0,7354.5,0,310,0,24,0,0,24,0,,,,,,
2026-10-06 12:58:37,7300.0,7354.5,6,1109,0,139,0,0,139,0,,,,,,
2026-10-06 12:58:37,7300.0,7354.5,0,182,0,130,0,0,130,0,,,,,,
2026-10-06 12:58:37,7310.0,7364.5,0,47,0,51,0,4,51,4,,,,,,
2026-10-06 12:58:37,7310.0,7364.5,0,3,0,7,0,4,7,4,,,,,,
2026-10-06 12:58:37,7310.0,7364.5,0,28,0,4,0,0,4,0,,,,,,
2026-10-06 12:58:37,7310.0,7364.5,0,0,0,0,0,0,0,0,,,,,,
2026-10-06 12:58:37,7310.0,7364.5,0,379,0,5,0,0,5,0,,,,,,
2026-10-06 12:58:37,7320.0,7374.5,0,8,0,0,0,0,0,0,,,,,,
2026-10-06 12:58:37,7320.0,7374.5,0,2,0,1,0,0,1,0,,,,,,
2026-10-06 12:58:37,7320.0,7374.5,0,29,0,9,0,0,9,0,,,,,,
2026-10-06 12:58:37,7320.0,7374.5,0,0,0,0,0,0,0,0,,,,,,
2026-10-06 12:58:37,7320.0,7374.5,2,495,0,7,0,0,7,0,,,,,,
2026-10-06 12:58:37,7325.0,7379.5,0,221,0,121,0,0,121,0,,,,,,
2026-10-06 12:58:37,7325.0,7379.5,0,174,0,66,0,0,66,0,,,,,,
2026-10-06 12:58:37,7325.0,7379.5,0,204,0,55,0,0,55,0,,,,,,
2026-10-06 12:58:37,7325.0,7379.5,0,285,0,7,0,0,7,0,,,,,,
2026-10-06 12:58:37,7325.0,7379.5,0,492,0,122,0,0,122,0,,,,,,
2026-10-06 12:58:37,7325.0,7379.5,0,219,0,119,0,0,119,0,,,,,,
2026-10-06 12:58:37,7330.0,7384.5,0,10,0,0,0,0,0,0,,,,,,
2026-10-06 12:58:37,7330.0,7384.5,0,7,0,1,0,0,1,0,,,,,,
2026-10-06 12:58:37,7330.0,7384.5,0,2,0,0,0,0,0,0,,,,,,
2026-10-06 12:58:37,7330.0,7384.5,0,6,0,6,0,0,6,0,,,,,,
2026-10-06 12:58:37,7330.0,7384.5,0,305,0,48,0,0,48,0,,,,,,
2026-10-06 12:58:37,7340.0,7394.5,0,29,0,0,0,0,0,0,,,,,,
2026-10-06 12:58:37,7340.0,7394.5,0,8,0,4,0,0,4,0,,,,,,
2026-10-06 12:58:37,7340.0,7394.5,0,3,0,3,0,0,3,0,,,,,,
2026-10-06 12:58:37,7340.0,7394.5,0,1,0,0,0,0,0,0,,,,,,
2026-10-06 12:58:37,7340.0,7394.5,125,122,0,55,0,0,55,0,,,,,,
2026-10-06 12:58:37,7350.0,7404.5,0,241,0,46,0,0,46,0,,,,,,
2026-10-06 12:58:37,7350.0,7404.5,18,634,0,74,0,0,74,0,,,,,,
2026-10-06 12:58:37,7350.0,7404.5,0,164,0,34,0,0,34,0,,,,,,
2026-10-06 12:58:37,7350.0,7404.5,0,176,0,16,0,0,16,0,,,,,,
2026-10-06 12:58:37,7350.0,7404.5,22,976,0,403,0,0,403,0,,,,,,
2026-10-06 12:58:37,7350.0,7404.5,0,460,0,173,0,0,173,0,,,,,,
2026-10-06 12:58:37,7360.0,7414.5,0,134,0,7,0,0,7,0,,,,,,
2026-10-06 12:58:37,7360.0,7414.5,0,18,0,14,0,0,14,0,,,,,,
2026-10-06 12:58:37,7360.0,7414.5,0,7,0,2,0,0,2,0,,,,,,
2026-10-06 12:58:37,7360.0,7414.5,0,7,0,0,0,0,0,0,,,,,,
2026-10-06 12:58:37,7360.0,7414.5,0,297,0,64,0,0,64,0,,,,,,
2026-10-06 12:58:37,7360.0,7414.5,0,12,0,4,0,0,4,0,,,,,,
2026-10-06 12:58:37,7370.0,7424.5,4,15,0,2,0,0,2,0,,,,,,
2026-10-06 12:58:37,7370.0,7424.5,0,29,0,27,0,0,27,0,,,,,,
2026-10-06 12:58:37,7370.0,7424.5,0,274,0,3,0,0,3,0,,,,,,
2026-10-06 12:58:37,7370.0,7424.5,0,138,0,0,0,0,0,0,,,,,,
2026-10-06 12:58:37,7370.0,7424.5,0,314,0,126,0,0,126,0,,,,,,
2026-10-06 12:58:37,7370.0,7424.5,1,33,0,13,0,0,13,0,,,,,,
2026-10-06 12:58:37,7375.0,7429.5,0,309,0,22,0,0,22,0,,,,,,
2026-10-06 12:58:37,7375.0,7429.5,0,110,0,26,0,0,26,0,,,,,,
2026-10-06 12:58:37,7375.0,7429.5,0,192,0,24,0,0,24,0,,,,,,
2026-10-06 12:58:37,7375.0,7429.5,0,175,0,51,0,0,51,0,,,,,,
2026-10-06 12:58:37,7375.0,7429.5,4,1302,0,508,0,0,508,0,,,,,,
2026-10-06 12:58:37,7375.0,7429.5,0,127,0,14,0,0,14,0,,,,,,
2026-10-06 12:58:37,7380.0,7434.5,0,23,0,1,0,0,1,0,,,,,,
2026-10-06 12:58:37,7380.0,7434.5,1,9,0,0,0,0,0,0,,,,,,
2026-10-06 12:58:37,7380.0,7434.5,0,1,0,0,0,0,0,0,,,,,,
2026-10-06 12:58:37,7380.0,7434.5,0,11,0,0,0,0,0,0,,,,,,
2026-10-06 12:58:37,7380.0,7434.5,2,237,0,126,0,0,126,0,,,,,,
2026-10-06 12:58:37,7380.0,7434.5,0,60,0,62,0,2,62,2,,,,,,
2026-10-06 12:58:37,7390.0,7444.5,0,43,0,4,0,0,4,0,,,,,,
2026-10-06 12:58:37,7390.0,7444.5,0,28,0,22,0,0,22,0,,,,,,
2026-10-06 12:58:37,7390.0,7444.5,0,1,0,4,0,3,4,3,,,,,,
2026-10-06 12:58:37,7390.0,7444.5,0,8,0,2,0,0,2,0,,,,,,
2026-10-06 12:58:37,7390.0,7444.5,0,784,0,25,0,0,25,0,,,,,,
2026-10-06 12:58:37,7390.0,7444.5,0,35,0,23,0,0,23,0,,,,,,
2026-10-06 12:58:37,7400.0,7454.5,2,488,1,101,0,0,102,0,,,,,,
2026-10-06 12:58:37,7400.0,7454.5,5,120,1,67,0,0,68,0,,,,,,
2026-10-06 12:58:37,7400.0,7454.5,2,169,0,18,0,0,18,0,,,,,,
2026-10-06 12:58:37,7400.0,7454.5,2,213,5,38,3,0,43,3,,,,,,
2026-10-06 12:58:37,7400.0,7454.5,85,1504,0,283,0,0,283,0,,,,,,
2026-10-06 12:58:37,7400.0,7454.5,1,155,0,51,0,0,51,0,,,,,,
2026-10-06 12:58:37,7410.0,7464.5,0,47,0,7,0,0,7,0,,,,,,
2026-10-06 12:58:37,7410.0,7464.5,1,36,0,22,0,0,22,0,,,,,,
2026-10-06 12:58:37,7410.0,7464.5,0,99,0,12,0,0,12,0,,,,,,
2026-10-06 12:58:37,7410.0,7464.5,0,1,0,2,0,1,2,1,,,,,,
2026-10-06 12:58:37,7410.0,7464.5,3,236,0,173,0,0,173,0,,,,,,
2026-10-06 12:58:37,7410.0,7464.5,0,20,0,13,0,0,13,0,,,,,,
2026-10-06 12:58:37,7415.0,7469.5,0,10,0,0,0,0,0,0,,,,,,
2026-10-06 12:58:37,7420.0,7474.5,0,68,0,26,0,0,26,0,,,,,,
2026-10-06 12:58:37,7420.0,7474.5,1,15,0,1,0,0,1,0,,,,,,
2026-10-06 12:58:37,7420.0,7474.5,1,56,0,20,0,0,20,0,,,,,,
2026-10-06 12:58:37,7420.0,7474.5,0,26,0,2,0,0,2,0,,,,,,
2026-10-06 12:58:37,7420.0,7474.5,10,386,0,186,0,0,186,0,,,,,,
2026-10-06 12:58:37,7420.0,7474.5,0,18,0,8,0,0,8,0,,,,,,
2026-10-06 12:58:37,7425.0,7479.5,1,290,0,85,0,0,85,0,,,,,,
2026-10-06 12:58:37,7425.0,7479.5,0,45,0,46,0,1,46,1,,,,,,
2026-10-06 12:58:37,7425.0,7479.5,0,83,0,28,0,0,28,0,,,,,,
2026-10-06 12:58:37,7425.0,7479.5,16,86,0,8,0,0,8,0,,,,,,
2026-10-06 12:58:37,7425.0,7479.5,2,721,0,140,0,0,140,0,,,,,,
2026-10-06 12:58:37,7425.0,7479.5,0,126,0,5,0,0,5,0,,,,,,
2026-10-06 12:58:37,7430.0,7484.5,1,101,0,10,0,0,10,0,,,,,,
2026-10-06 12:58:37,7430.0,7484.5,0,25,0,2,0,0,2,0,,,,,,
2026-10-06 12:58:37,7430.0,7484.5,0,138,0,5,0,0,5,0,,,,,,
2026-10-06 12:58:37,7430.0,7484.5,2,64,0,35,0,0,35,0,,,,,,
2026-10-06 12:58:37,7430.0,7484.5,3,214,0,48,0,0,48,0,,,,,,
2026-10-06 12:58:37,7430.0,7484.5,1,25,0,12,0,0,12,0,,,,,,
2026-10-06 12:58:37,7435.0,7489.5,0,1,0,0,0,0,0,0,,,,,,
2026-10-06 12:58:37,7440.0,7494.5,0,152,0,27,0,0,27,0,,,,,,
2026-10-06 12:58:37,7440.0,7494.5,1,23,0,16,0,0,16,0,,,,,,
2026-10-06 12:58:37,7440.0,7494.5,1,21,1,3,0,0,4,0,,,,,,
2026-10-06 12:58:37,7440.0,7494.5,0,73,0,39,0,0,39,0,,,,,,
2026-10-06 12:58:37,7440.0,7494.5,1,1114,0,76,0,0,76,0,,,,,,
2026-10-06 12:58:37,7440.0,7494.5,0,53,0,44,0,0,44,0,,,,,,
2026-10-06 12:58:37,7445.0,7499.5,0,1,0,1,0,0,1,0,,,,,,
2026-10-06 12:58:37,7450.0,7504.5,3,254,0,33,0,0,33,0,,,,,,
2026-10-06 12:58:37,7450.0,7504.5,1,117,0,849,0,732,849,732,,,,,,4
2026-10-06 12:58:37,7450.0,7504.5,1,108,0,26,0,0,26,0,,,,,,
2026-10-06 12:58:37,7450.0,7504.5,1,428,0,23,0,0,23,0,,,,,,
2026-10-06 12:58:37,7450.0,7504.5,58,1015,0,2253,0,1238,2253,1238,5,,2,4,,2
2026-10-06 12:58:37,7450.0,7504.5,0,285,1,71,1,0,72,1,,,,,,
2026-10-06 12:58:37,7455.0,7509.5,0,25,0,23,0,0,23,0,,,,,,
2026-10-06 12:58:37,7460.0,7514.5,4,106,0,20,0,0,20,0,,,,,,
2026-10-06 12:58:37,7460.0,7514.5,0,11,0,3,0,0,3,0,,,,,,
2026-10-06 12:58:37,7460.0,7514.5,0,24,0,5,0,0,5,0,,,,,,
2026-10-06 12:58:37,7460.0,7514.5,1,19,0,11,0,0,11,0,,,,,,
2026-10-06 12:58:37,7460.0,7514.5,6,232,0,34,0,0,34,0,,,,,,
2026-10-06 12:58:37,7460.0,7514.5,0,136,0,43,0,0,43,0,,,,,,
2026-10-06 12:58:37,7465.0,7519.5,0,0,0,3,0,3,3,3,,,,,,
2026-10-06 12:58:37,7465.0,7519.5,0,4,0,3,0,0,3,0,,,,,,
2026-10-06 12:58:37,7470.0,7524.5,28,101,0,20,0,0,20,0,,,,,,
2026-10-06 12:58:37,7470.0,7524.5,29,148,0,8,0,0,8,0,,,,,,
2026-10-06 12:58:37,7470.0,7524.5,1,19,0,0,0,0,0,0,,,,,,
2026-10-06 12:58:37,7470.0,7524.5,0,20,5,17,5,0,22,5,,,,,,
2026-10-06 12:58:37,7470.0,7524.5,8,275,0,43,0,0,43,0,,,,,,
2026-10-06 12:58:37,7470.0,7524.5,0,63,0,39,0,0,39,0,,,,,,
2026-10-06 12:58:37,7475.0,7529.5,4,148,0,28,0,0,28,0,,,,,,
2026-10-06 12:58:37,7475.0,7529.5,1,52,0,15,0,0,15,0,,,,,,
2026-10-06 12:58:37,7475.0,7529.5,2,78,0,22,0,0,22,0,,,,,,
2026-10-06 12:58:37,7475.0,7529.5,2,137,0,25,0,0,25,0,,,,,,
2026-10-06 12:58:37,7475.0,7529.5,12,600,0,64,0,0,64,0,,,,,,
2026-10-06 12:58:37,7475.0,7529.5,2,87,0,44,0,0,44,0,,,,,,
2026-10-06 12:58:37,7480.0,7534.5,0,75,0,13,0,0,13,0,,,,,,
2026-10-06 12:58:37,7480.0,7534.5,4,51,0,23,0,0,23,0,,,,,,
2026-10-06 12:58:37,7480.0,7534.5,0,160,0,12,0,0,12,0,,,,,,
2026-10-06 12:58:37,7480.0,7534.5,0,24,0,13,0,0,13,0,,,,,,
2026-10-06 12:58:37,7480.0,7534.5,6,207,0,26,0,0,26,0,,,,,,
2026-10-06 12:58:37,7480.0,7534.5,5,52,0,65,0,13,65,13,,,,,,
2026-10-06 12:58:37,7485.0,7539.5,0,0,0,3,0,3,3,3,,,,,,
2026-10-06 12:58:37,7485.0,7539.5,0,19,0,15,0,0,15,0,,,,,,
2026-10-06 12:58:37,7490.0,7544.5,0,147,0,64,0,0,64,0,,,,,,
2026-10-06 12:58:37,7490.0,7544.5,1,36,0,11,0,0,11,0,,,,,,
2026-10-06 12:58:37,7490.0,7544.5,3,53,2,11,0,0,13,0,,,,,,
2026-10-06 12:58:37,7490.0,7544.5,0,124,0,9,0,0,9,0,,,,,,
2026-10-06 12:58:37,7490.0,7544.5,30,307,0,38,0,0,38,0,,,,,,
2026-10-06 12:58:37,7490.0,7544.5,0,55,0,54,0,0,54,0,,,,,,
2026-10-06 12:58:37,7495.0,7549.5,0,0,0,0,0,0,0,0,,,,,,
2026-10-06 12:58:37,7495.0,7549.5,0,12,0,12,0,0,12,0,,,,,,
2026-10-06 12:58:37,7500.0,7554.5,18,715,1,173,0,0,174,0,,,,,,
2026-10-06 12:58:37,7500.0,7554.5,4,315,0,35,0,0,35,0,,,,,,
2026-10-06 12:58:37,7500.0,7554.5,31,249,0,150,0,0,150,0,,,,,,
2026-10-06 12:58:37,7500.0,7554.5,4,273,0,29,0,0,29,0,,,,,,
2026-10-06 12:58:37,7500.0,7554.5,64,1960,0,143,0,0,143,0,,,,,,
2026-10-06 12:58:37,7500.0,7554.5,49,133,0,89,0,0,89,0,,,,,,
2026-10-06 12:58:37,7505.0,7559.5,0,0,0,0,0,0,0,0,,,,,,
2026-10-06 12:58:37,7505.0,7559.5,0,1,0,32,0,31,32,31,,,,,,
2026-10-06 12:58:37,7510.0,7564.5,4,186,0,58,0,0,58,0,,,,,,
2026-10-06 12:58:37,7510.0,7564.5,1,38,0,18,0,0,18,0,,,,,,
2026-10-06 12:58:37,7510.0,7564.5,4,257,0,42,0,0,42,0,,,,,,
2026-10-06 12:58:37,7510.0,7564.5,32,134,2,15,0,0,17,0,,,,,,
2026-10-06 12:58:37,7510.0,7564.5,21,329,0,74,0,0,74,0,,,,,,
2026-10-06 12:58:37,7510.0,7564.5,0,17,0,6,0,0,6,0,,,,,,
2026-10-06 12:58:37,7515.0,7569.5,0,69,0,48,0,0,48,0,,,,,,
2026-10-06 12:58:37,7515.0,7569.5,0,11,0,1,0,0,1,0,,,,,,
2026-10-06 12:58:37,7515.0,7569.5,0,5,0,0,0,0,0,0,,,,,,
2026-10-06 12:58:37,7515.0,7569.5,0,58,0,3,0,0,3,0,,,,,,
2026-10-06 12:58:37,7520.0,7574.5,1,223,30,27,29,0,57,29,,,,,,
2026-10-06 12:58:37,7520.0,7574.5,1,53,0,36,0,0,36,0,,,,,,
2026-10-06 12:58:37,7520.0,7574.5,2,269,0,50,0,0,50,0,,,,,,
2026-10-06 12:58:37,7520.0,7574.5,17,60,2,11,0,0,13,0,,,,,,
2026-10-06 12:58:37,7520.0,7574.5,8,193,0,73,0,0,73,0,,,,,,
2026-10-06 12:58:37,7520.0,7574.5,12,30,0,7,0,0,7,0,,,,,,
2026-10-06 12:58:37,7525.0,7579.5,8,620,0,72,0,0,72,0,,,,,,
2026-10-06 12:58:37,7525.0,7579.5,2,46,0,21,0,0,21,0,,,,,,
2026-10-06 12:58:37,7525.0,7579.5,14,48,0,10,0,0,10,0,,,,,,
2026-10-06 12:58:37,7525.0,7579.5,9,119,0,215,0,96,215,96,,,,,,
2026-10-06 12:58:37,7525.0,7579.5,40,394,0,156,0,0,156,0,,,,,,
2026-10-06 12:58:37,7525.0,7579.5,8,30,0,131,0,101,131,101,,,,,,
2026-10-06 12:58:37,7530.0,7584.5,4,97,0,43,0,0,43,0,,,,,,
2026-10-06 12:58:37,7530.0,7584.5,11,24,0,16,0,0,16,0,,,,,,
2026-10-06 12:58:37,7530.0,7584.5,31,128,1,10,0,0,11,0,,,,,,
2026-10-06 12:58:37,7530.0,7584.5,1,159,0,275,0,116,275,116,,,,,,
2026-10-06 12:58:37,7530.0,7584.5,4,224,0,30,0,0,30,0,,,,,,
2026-10-06 12:58:37,7530.0,7584.5,0,53,0,7,0,0,7,0,,,,,,
2026-10-06 12:58:37,7535.0,7589.5,0,19,0,8,0,0,8,0,,,,,,
2026-10-06 12:58:37,7535.0,7589.5,0,363,0,12,0,0,12,0,,,,,,
2026-10-06 12:58:37,7535.0,7589.5,3,3,0,0,0,0,0,0,,,,,,
2026-10-06 12:58:37,7535.0,7589.5,0,1,0,0,0,0,0,0,,,,,,
2026-10-06 12:58:37,7535.0,7589.5,0,43,0,18,0,0,18,0,,,,,,
2026-10-06 12:58:37,7540.0,7594.5,1,64,0,72,0,8,72,8,,,,,,
2026-10-06 12:58:37,7540.0,7594.5,10,578,0,1,0,0,1,0,,,,,,
2026-10-06 12:58:37,7540.0,7594.5,34,41,0,12,0,0,12,0,,,,,,
2026-10-06 12:58:37,7540.0,7594.5,0,205,0,105,0,0,105,0,,,,,,
2026-10-06 12:58:37,7540.0,7594.5,15,293,0,15,0,0,15,0,,,,,,
2026-10-06 12:58:37,7540.0,7594.5,0,50,0,50,0,0,50,0,,,,,,
2026-10-06 12:58:37,7545.0,7599.5,0,34,0,13,0,0,13,0,,,,,,
2026-10-06 12:58:37,7545.0,7599.5,0,13,0,14,0,1,14,1,,,,,,
2026-10-06 12:58:37,7545.0,7599.5,0,3,0,0,0,0,0,0,,,,,,
2026-10-06 12:58:37,7545.0,7599.5,0,2,0,0,0,0,0,0,,,,,,
2026-10-06 12:58:37,7545.0,7599.5,0,92,0,102,0,10,102,10,,,,,,
2026-10-06 12:58:37,7550.0,7604.5,11,333,1,115,0,0,116,0,,,,,,
2026-10-06 12:58:37,7550.0,7604.5,7,283,0,76,0,0,76,0,,,,,,
2026-10-06 12:58:37,7550.0,7604.5,8,338,0,143,0,0,143,0,,,,,,
2026-10-06 12:58:37,7550.0,7604.5,10,295,0,36,0,0,36,0,,,,,,
2026-10-06 12:58:37,7550.0,7604.5,234,432,90,217,0,0,307,0,,,,,,
2026-10-06 12:58:37,7550.0,7604.5,7,102,0,198,0,96,198,96,,,,,,
2026-10-06 12:58:37,7555.0,7609.5,1,29,0,18,0,0,18,0,,,,,,
2026-10-06 12:58:37,7555.0,7609.5,0,9,5,11,5,2,16,7,,,,,,
2026-10-06 12:58:37,7555.0,7609.5,0,8,0,3,0,0,3,0,,,,,,
2026-10-06 12:58:37,7555.0,7609.5,0,7,0,2,0,0,2,0,,,,,,
2026-10-06 12:58:37,7555.0,7609.5,1,54,0,0,0,0,0,0,,,,,,
2026-10-06 12:58:37,7560.0,7614.5,17,537,0,165,0,0,165,0,,,,,,
2026-10-06 12:58:37,7560.0,7614.5,4,76,0,17,0,0,17,0,,,,,,
2026-10-06 12:58:37,7560.0,7614.5,0,48,0,40,0,0,40,0,,,,,,
2026-10-06 12:58:37,7560.0,7614.5,2,109,0,15,0,0,15,0,,,,,,
2026-10-06 12:58:37,7560.0,7614.5,96,232,1,28,0,0,29,0,,,,,,
2026-10-06 12:58:37,7560.0,7614.5,0,73,0,122,0,49,122,49,,,,,,
2026-10-06 12:58:37,7565.0,7619.5,0,56,0,20,0,0,20,0,,,,,,
2026-10-06 12:58:37,7565.0,7619.5,0,4,5,1,5,0,6,5,,,,,,
2026-10-06 12:58:37,7565.0,7619.5,0,12,0,2,0,0,2,0,,,,,,
2026-10-06 12:58:37,7565.0,7619.5,0,2,0,0,0,0,0,0,,,,,,
2026-10-06 12:58:37,7565.0,7619.5,3,68,0,2,0,0,2,0,,,,,,
2026-10-06 12:58:37,7570.0,7624.5,13,84,0,9,0,0,9,0,,,,,,
2026-10-06 12:58:37,7570.0,7624.5,10,35,0,70,0,35,70,35,,,,,,
2026-10-06 12:58:37,7570.0,7624.5,5,7,0,0,0,0,0,0,,,,,,
2026-10-06 12:58:37,7570.0,7624.5,14,18,1,21,0,3,22,3,,,,,,
2026-10-06 12:58:37,7570.0,7624.5,79,121,0,107,0,0,107,0,,,,,,
2026-10-06 12:58:37,7570.0,7624.5,0,14,0,50,0,36,50,36,,,,,,
2026-10-06 12:58:37,7575.0,7629.5,23,215,0,132,0,0,132,0,,,,,,
2026-10-06 12:58:37,7575.0,7629.5,21,224,0,42,0,0,42,0,,,,,,
2026-10-06 12:58:37,7575.0,7629.5,12,45,0,37,0,0,37,0,,,,,,
2026-10-06 12:58:37,7575.0,7629.5,5,98,0,51,0,0,51,0,,,,,,
2026-10-06 12:58:37,7575.0,7629.5,145,410,5,168,0,0,173,0,,,,,,
2026-10-06 12:58:37,7575.0,7629.5,7,74,0,14,0,0,14,0,,,,,,
2026-10-06 12:58:37,7580.0,7634.5,8,79,5,32,0,0,37,0,,,,,,
2026-10-06 12:58:37,7580.0,7634.5,3,47,0,41,0,0,41,0,,,,,,
2026-10-06 12:58:37,7580.0,7634.5,4,46,0,1,0,0,1,0,,,,,,
2026-10-06 12:58:37,7580.0,7634.5,2,38,0,8,0,0,8,0,,,,,,
2026-10-06 12:58:37,7580.0,7634.5,170,246,2,32,0,0,34,0,,,,,,
2026-10-06 12:58:37,7580.0,7634.5,9,82,0,22,0,0,22,0,,,,,,
2026-10-06 12:58:37,7585.0,7639.5,0,32,0,12,0,0,12,0,,,,,,
2026-10-06 12:58:37,7585.0,7639.5,5,3,0,3,0,0,3,0,,,,,,
2026-10-06 12:58:37,7585.0,7639.5,0,2,0,5,0,3,5,3,,,,,,
2026-10-06 12:58:37,7585.0,7639.5,0,1,0,0,0,0,0,0,,,,,,
2026-10-06 12:58:37,7585.0,7639.5,2,209,1,49,0,0,50,0,,,,,,
2026-10-06 12:58:37,7590.0,7644.5,29,213,5,59,0,0,64,0,,,,,,
2026-10-06 12:58:37,7590.0,7644.5,5,88,0,8,0,0,8,0,,,,,,
2026-10-06 12:58:37,7590.0,7644.5,0,41,0,4,0,0,4,0,,,,,,
2026-10-06 12:58:37,7590.0,7644.5,2,99,0,8,0,0,8,0,,,,,,
2026-10-06 12:58:37,7590.0,7644.5,10,124,5,40,0,0,45,0,,,,,,
2026-10-06 12:58:37,7590.0,7644.5,0,43,0,17,0,0,17,0,,,,,,
2026-10-06 12:58:37,7595.0,7649.5,0,62,0,5,0,0,5,0,,,,,,
2026-10-06 12:58:37,7595.0,7649.5,1,4,0,2,0,0,2,0,,,,,,
2026-10-06 12:58:37,7595.0,7649.5,0,1,0,6,0,5,6,5,,,,,,
2026-10-06 12:58:37,7595.0,7649.5,0,16,0,40,0,24,40,24,,,,,,
2026-10-06 12:58:37,7595.0,7649.5,1,321,0,62,0,0,62,0,,,,,,
2026-10-06 12:58:37,7600.0,7654.5,115,872,5,429,0,0,434,0,,,,,,
2026-10-06 12:58:37,7600.0,7654.5,61,216,1,150,0,0,151,0,,,,,,
2026-10-06 12:58:37,7600.0,7654.5,595,706,0,124,0,0,124,0,,,,,,
2026-10-06 12:58:37,7600.0,7654.5,76,381,0,86,0,0,86,0,,,,,,
2026-10-06 12:58:37,7600.0,7654.5,399,2020,17,427,0,0,444,0,,,,,,
2026-10-06 12:58:37,7600.0,7654.5,21,181,0,59,0,0,59,0,,,,,,
2026-10-06 12:58:37,7605.0,7659.5,1,134,0,14,0,0,14,0,,,,,,
2026-10-06 12:58:37,7605.0,7659.5,1,6,0,59,0,53,59,53,,,,,,
2026-10-06 12:58:37,7605.0,7659.5,9,2,0,7,0,5,7,5,,,,,,
2026-10-06 12:58:37,7605.0,7659.5,0,11,0,47,0,36,47,36,,,,,,
2026-10-06 12:58:37,7605.0,7659.5,1,40,0,34,0,0,34,0,,,,,,
2026-10-06 12:58:37,7610.0,7664.5,62,224,0,19,0,0,19,0,,,,,,
2026-10-06 12:58:37,7610.0,7664.5,18,115,1,64,0,0,65,0,,,,,,
2026-10-06 12:58:37,7610.0,7664.5,3,66,10,13,7,0,23,7,,,,,,
2026-10-06 12:58:37,7610.0,7664.5,5,55,1,52,0,0,53,0,,,,,,
2026-10-06 12:58:37,7610.0,7664.5,94,158,2,81,0,0,83,0,,,,,,
2026-10-06 12:58:37,7610.0,7664.5,1,45,0,2,0,0,2,0,,,,,,
2026-10-06 12:58:37,7615.0,7669.5,1,158,0,2,0,0,2,0,,,,,,
2026-10-06 12:58:37,7615.0,7669.5,0,5,0,46,0,41,46,41,,,,,,
2026-10-06 12:58:37,7615.0,7669.5,4,2,0,14,0,12,14,12,,,,,,
2026-10-06 12:58:37,7615.0,7669.5,0,0,0,70,0,70,70,70,,,,,,
2026-10-06 12:58:37,7615.0,7669.5,4,74,1,98,0,24,99,24,,,,,,
2026-10-06 12:58:37,7615.0,7669.5,0,0,0,0,0,0,0,0,,,,,,
2026-10-06 12:58:37,7620.0,7674.5,42,76,37,10,0,0,47,0,,,,,,
2026-10-06 12:58:37,7620.0,7674.5,11,36,0,53,0,17,53,17,,,,,,
2026-10-06 12:58:37,7620.0,7674.5,46,97,40,3,0,0,43,0,,,,,,
2026-10-06 12:58:37,7620.0,7674.5,3,33,0,64,0,31,64,31,,,,,,
2026-10-06 12:58:37,7620.0,7674.5,24,386,0,121,0,0,121,0,,,,,,
2026-10-06 12:58:37,7620.0,7674.5,4,35,0,15,0,0,15,0,,,,,,
2026-10-06 12:58:37,7625.0,7679.5,127,366,3,71,0,0,74,0,,,,,,
2026-10-06 12:58:37,7625.0,7679.5,155,365,1,48,0,0,49,0,,,,,,
2026-10-06 12:58:37,7625.0,7679.5,7,209,0,45,0,0,45,0,,,,,,
2026-10-06 12:58:37,7625.0,7679.5,29,36,0,58,0,22,58,22,,,,,,
2026-10-06 12:58:37,7625.0,7679.5,76,603,2,162,0,0,164,0,,,,,,
2026-10-06 12:58:37,7625.0,7679.5,54,101,0,15,0,0,15,0,,,,,,
2026-10-06 12:58:37,7630.0,7684.5,49,190,0,89,0,0,89,0,,,,,,
2026-10-06 12:58:37,7630.0,7684.5,176,86,4,95,0,9,99,9,,,,,,
2026-10-06 12:58:37,7630.0,7684.5,6,35,0,8,0,0,8,0,,,,,,
2026-10-06 12:58:37,7630.0,7684.5,13,16,0,53,0,37,53,37,,,,,,
2026-10-06 12:58:37,7630.0,7684.5,45,146,3,84,0,0,87,0,,,,,,
2026-10-06 12:58:37,7630.0,7684.5,5,80,0,38,0,0,38,0,,,,,,
2026-10-06 12:58:37,7635.0,7689.5,3,13,0,9,0,0,9,0,,,,,,
2026-10-06 12:58:37,7635.0,7689.5,9,6,0,86,0,80,86,80,,,,,,
2026-10-06 12:58:37,7635.0,7689.5,3,5,0,4,0,0,4,0,,,,,,
2026-10-06 12:58:37,7635.0,7689.5,0,7,0,26,0,19,26,19,,,,,,
2026-10-06 12:58:37,7635.0,7689.5,65,65,2,11,0,0,13,0,,,,,,
2026-10-06 12:58:37,7635.0,7689.5,0,0,0,2,0,2,2,2,,,,,,
2026-10-06 12:58:37,7640.0,7694.5,87,1016,2,261,0,0,263,0,,,,,,
2026-10-06 12:58:37,7640.0,7694.5,5,230,0,73,0,0,73,0,,,,,,
2026-10-06 12:58:37,7640.0,7694.5,11,45,0,5,0,0,5,0,,,,,,
2026-10-06 12:58:37,7640.0,7694.5,32,69,4,7,0,0,11,0,,,,,,
2026-10-06 12:58:37,7640.0,7694.5,77,315,0,81,0,0,81,0,,,,,,
2026-10-06 12:58:37,7640.0,7694.5,24,129,0,28,0,0,28,0,,,,,,
2026-10-06 12:58:37,7645.0,7699.5,4,35,0,17,0,0,17,0,,,,,,
2026-10-06 12:58:37,7645.0,7699.5,4,7,0,49,0,42,49,42,,,,,,
2026-10-06 12:58:37,7645.0,7699.5,3,0,0,0,0,0,0,0,,,,,,
2026-10-06 12:58:37,7645.0,7699.5,1,0,0,0,0,0,0,0,,,,,,
2026-10-06 12:58:37,7645.0,7699.5,17,33,0,15,0,0,15,0,,,,,,
2026-10-06 12:58:37,7645.0,7699.5,0,0,0,1,0,1,1,1,,,,,,
2026-10-06 12:58:37,7650.0,7704.5,236,325,0,135,0,0,135,0,,,,,,
2026-10-06 12:58:37,7650.0,7704.5,35,160,1,122,0,0,123,0,,,,,,
2026-10-06 12:58:37,7650.0,7704.5,234,380,1,32,0,0,33,0,,,,,,
2026-10-06 12:58:37,7650.0,7704.5,19,280,0,71,0,0,71,0,,,,,,
2026-10-06 12:58:37,7650.0,7704.5,567,1500,97,405,0,0,502,0,,,,,,
2026-10-06 12:58:37,7650.0,7704.5,68,265,0,34,0,0,34,0,,,,,,
2026-10-06 12:58:37,7655.0,7709.5,4,36,1,44,0,8,45,8,,,,,,
2026-10-06 12:58:37,7655.0,7709.5,1,7,0,12,0,5,12,5,,,,,,
2026-10-06 12:58:37,7655.0,7709.5,9,0,0,3,0,3,3,3,,,,,,
2026-10-06 12:58:37,7655.0,7709.5,0,0,0,0,0,0,0,0,,,,,,
2026-10-06 12:58:37,7655.0,7709.5,48,36,5,40,0,4,45,4,,,,,,
2026-10-06 12:58:37,7655.0,7709.5,0,0,0,0,0,0,0,0,,,,,,
2026-10-06 12:58:37,7660.0,7714.5,86,125,2,32,0,0,34,0,,,,,,
2026-10-06 12:58:37,7660.0,7714.5,19,50,1,19,0,0,20,0,,,,,,
2026-10-06 12:58:37,7660.0,7714.5,6,57,0,5,0,0,5,0,,,,,,
2026-10-06 12:58:37,7660.0,7714.5,15,96,0,32,0,0,32,0,,,,,,
2026-10-06 12:58:37,7660.0,7714.5,258,256,10,73,0,0,83,0,,,,,,
2026-10-06 12:58:37,7660.0,7714.5,55,102,0,56,0,0,56,0,,,,,,
2026-10-06 12:58:37,7665.0,7719.5,5,527,0,7,0,0,7,0,,,,,,
2026-10-06 12:58:37,7665.0,7719.5,8,6,0,261,0,255,261,255,,,,,,
2026-10-06 12:58:37,7665.0,7719.5,3,8,0,3,0,0,3,0,,,,,,
2026-10-06 12:58:37,7665.0,7719.5,0,5,0,1,0,0,1,0,,,,,,
2026-10-06 12:58:37,7665.0,7719.5,21,69,0,16,0,0,16,0,,,,,,
2026-10-06 12:58:37,7665.0,7719.5,0,0,0,2,0,2,2,2,,,,,,
2026-10-06 12:58:37,7670.0,7724.5,105,119,0,55,0,0,55,0,,,,,,
2026-10-06 12:58:37,7670.0,7724.5,17,54,0,50,0,0,50,0,,,,,,
2026-10-06 12:58:37,7670.0,7724.5,14,60,0,2,0,0,2,0,,,,,,
2026-10-06 12:58:37,7670.0,7724.5,19,93,0,5,0,0,5,0,,,,,,
2026-10-06 12:58:37,7670.0,7724.5,250,367,28,29,0,0,57,0,,,,,,
2026-10-06 12:58:37,7670.0,7724.5,11,49,1,2,0,0,3,0,,,,,,
2026-10-06 12:58:37,7675.0,7729.5,156,138,1,73,0,0,74,0,,,,,,
2026-10-06 12:58:37,7675.0,7729.5,41,110,8,261,0,151,269,151,,,,,,
2026-10-06 12:58:37,7675.0,7729.5,80,63,7,16,0,0,23,0,,,,,,
2026-10-06 12:58:37,7675.0,7729.5,25,57,7,14,0,0,21,0,,,,,,
2026-10-06 12:58:37,7675.0,7729.5,288,517,20,164,0,0,184,0,,,,,,
2026-10-06 12:58:37,7675.0,7729.5,126,329,0,94,0,0,94,0,,,,,,
2026-10-06 12:58:37,7680.0,7734.5,81,229,0,47,0,0,47,0,,,,,,
2026-10-06 12:58:37,7680.0,7734.5,16,57,1,59,0,2,60,2,,,,,,
2026-10-06 12:58:37,7680.0,7734.5,42,39,0,11,0,0,11,0,,,,,,
2026-10-06 12:58:37,7680.0,7734.5,28,90,3,2,0,0,5,0,,,,,,
2026-10-06 12:58:37,7680.0,7734.5,123,274,25,131,0,0,156,0,,,,,,
2026-10-06 12:58:37,7680.0,7734.5,12,67,0,9,0,0,9,0,,,,,,
2026-10-06 12:58:37,7685.0,7739.5,27,258,0,23,0,0,23,0,,,,,,
2026-10-06 12:58:37,7685.0,7739.5,3,30,7,182,4,152,189,156,,,,,,
2026-10-06 12:58:37,7685.0,7739.5,10,7,0,3,0,0,3,0,,,,,,
2026-10-06 12:58:37,7685.0,7739.5,0,8,0,0,0,0,0,0,,,,,,
2026-10-06 12:58:37,7685.0,7739.5,33,96,2,5,0,0,7,0,,,,,,
2026-10-06 12:58:37,7685.0,7739.5,0,0,0,0,0,0,0,0,,,,,,
2026-10-06 12:58:37,7690.0,7744.5,61,384,2,33,0,0,35,0,,,,,,
2026-10-06 12:58:37,7690.0,7744.5,81,309,63,39,0,0,102,0,,,,,,
2026-10-06 12:58:37,7690.0,7744.5,18,174,0,13,0,0,13,0,,,,,,
2026-10-06 12:58:37,7690.0,7744.5,17,142,1,0,0,0,1,0,,,,,,
2026-10-06 12:58:37,7690.0,7744.5,212,209,10,45,0,0,55,0,,,,,,
2026-10-06 12:58:37,7690.0,7744.5,69,59,1,10,0,0,11,0,,,,,,
2026-10-06 12:58:37,7695.0,7749.5,33,239,3,9,0,0,12,0,,,,,,
2026-10-06 12:58:37,7695.0,7749.5,7,3,0,28,0,25,28,25,,,,,,
2026-10-06 12:58:37,7695.0,7749.5,31,24,0,3,0,0,3,0,,,,,,
2026-10-06 12:58:37,7695.0,7749.5,0,13,0,4,0,0,4,0,,,,,,
2026-10-06 12:58:37,7695.0,7749.5,62,29,0,4,0,0,4,0,,,,,,
2026-10-06 12:58:37,7695.0,7749.5,0,0,1,3,1,3,4,4,,,,,,
2026-10-06 12:58:37,7700.0,7754.5,146,537,23,107,0,0,130,0,,,,,,
2026-10-06 12:58:37,7700.0,7754.5,52,108,7,192,0,84,199,84,,,,,,
2026-10-06 12:58:37,7700.0,7754.5,435,710,19,43,0,0,62,0,,,,,,
2026-10-06 12:58:37,7700.0,7754.5,819,1079,1,20,0,0,21,0,,,,,,
2026-10-06 12:58:37,7700.0,7754.5,909,1514,15,150,0,0,165,0,,,,,,
2026-10-06 12:58:37,7700.0,7754.5,414,640,4,33,0,0,37,0,,,,,,
2026-10-06 12:58:37,7705.0,7759.5,52,38,6,12,0,0,18,0,,,,,,
2026-10-06 12:58:37,7705.0,7759.5,20,14,2,14,0,0,16,0,,,,,,
2026-10-06 12:58:37,7705.0,7759.5,0,3,0,2,0,0,2,0,,,,,,
2026-10-06 12:58:37,7705.0,7759.5,2,2,0,50,0,48,50,48,,,,,,
2026-10-06 12:58:37,7705.0,7759.5,18,78,2,70,0,0,72,0,,,,,,
2026-10-06 12:58:37,7705.0,7759.5,0,0,0,5,0,5,5,5,,,,,,
2026-10-06 12:58:37,7710.0,7764.5,178,162,23,78,0,0,101,0,,,,,,
2026-10-06 12:58:37,7710.0,7764.5,42,56,1,72,0,16,73,16,,,,,,
2026-10-06 12:58:37,7710.0,7764.5,84,136,2,2,0,0,4,0,,,,,,
2026-10-06 12:58:37,7710.0,7764.5,57,49,13,10,0,0,23,0,,,,,,
2026-10-06 12:58:37,7710.0,7764.5,233,241,15,34,0,0,49,0,,,,,,
2026-10-06 12:58:37,7710.0,7764.5,134,98,0,6,0,0,6,0,,,,,,
2026-10-06 12:58:37,7715.0,7769.5,22,55,13,7,0,0,20,0,,,,,,
2026-10-06 12:58:37,7715.0,7769.5,43,20,0,10,0,0,10,0,,,,,,
2026-10-06 12:58:37,7715.0,7769.5,14,3,5,5,0,2,10,2,,,,,,
2026-10-06 12:58:37,7715.0,7769.5,1,2,0,12,0,10,12,10,,,,,,
2026-10-06 12:58:37,7715.0,7769.5,43,81,7,48,0,0,55,0,,,,,,
2026-10-06 12:58:37,7715.0,7769.5,0,0,0,4,0,4,4,4,,,,,,
2026-10-06 12:58:37,7720.0,7774.5,209,202,7,74,0,0,81,0,,,,,,
2026-10-06 12:58:37,7720.0,7774.5,37,193,2,133,0,0,135,0,,,,,,
2026-10-06 12:58:37,7720.0,7774.5,150,39,8,2,0,0,10,0,,,,,,
2026-10-06 12:58:37,7720.0,7774.5,25,24,5,4,0,0,9,0,,,,,,
2026-10-06 12:58:37,7720.0,7774.5,207,237,91,53,0,0,144,0,,,,,,
2026-10-06 12:58:37,7720.0,7774.5,95,34,0,23,0,0,23,0,,,,,,
2026-10-06 12:58:37,7725.0,7779.5,638,1254,3,49,0,0,52,0,,,,,,
2026-10-06 12:58:37,7725.0,7779.5,48,142,1,25,0,0,26,0,,,,,,
2026-10-06 12:58:37,7725.0,7779.5,210,27,42,527,0,500,569,500,,,,,,
2026-10-06 12:58:37,7725.0,7779.5,72,192,11,14,0,0,25,0,,,,,,
2026-10-06 12:58:37,7725.0,7779.5,1270,973,23,55,0,0,78,0,,,,,,
2026-10-06 12:58:37,7725.0,7779.5,169,124,3,65,0,0,68,0,,,,,,
2026-10-06 12:58:37,7730.0,7784.5,115,94,1,622,0,528,623,528,,,,,,5
2026-10-06 12:58:37,7730.0,7784.5,55,236,12,350,0,114,362,114,,,,,,
2026-10-06 12:58:37,7730.0,7784.5,82,10,6,5,0,0,11,0,,,,,,
2026-10-06 12:58:37,7730.0,7784.5,41,19,2,4,0,0,6,0,,,,,,
2026-10-06 12:58:37,7730.0,7784.5,276,132,13,43,0,0,56,0,,,,,,
2026-10-06 12:58:37,7730.0,7784.5,142,154,19,9,0,0,28,0,,,,,,
2026-10-06 12:58:37,7735.0,7789.5,117,138,2,27,0,0,29,0,,,,,,
2026-10-06 12:58:37,7735.0,7789.5,85,149,0,13,0,0,13,0,,,,,,
2026-10-06 12:58:37,7735.0,7789.5,1,1,0,4,0,3,4,3,,,,,,
2026-10-06 12:58:37,7735.0,7789.5,6,18,0,7,0,0,7,0,,,,,,
2026-10-06 12:58:37,7735.0,7789.5,102,113,15,8,0,0,23,0,,,,,,
2026-10-06 12:58:37,7735.0,7789.5,0,0,0,0,0,0,0,0,,,,,,
2026-10-06 12:58:37,7740.0,7794.5,121,232,21,34,0,0,55,0,,,,,,
2026-10-06 12:58:37,7740.0,7794.5,41,197,4,323,0,126,327,126,,,,,,
2026-10-06 12:58:37,7740.0,7794.5,118,10,2,2,0,0,4,0,,,,,,
2026-10-06 12:58:37,7740.0,7794.5,42,41,5,12,0,0,17,0,,,,,,
2026-10-06 12:58:37,7740.0,7794.5,150,926,12,66,0,0,78,0,,,,,,
2026-10-06 12:58:37,7740.0,7794.5,86,277,1,10,0,0,11,0,,,,,,
2026-10-06 12:58:37,7745.0,7799.5,78,99,2,26,0,0,28,0,,,,,,
2026-10-06 12:58:37,7745.0,7799.5,2,8,0,33,0,25,33,25,,,,,,
2026-10-06 12:58:37,7745.0,7799.5,1,25,0,0,0,0,0,0,,,,,,
2026-10-06 12:58:37,7745.0,7799.5,0,12,0,10,0,0,10,0,,,,,,
2026-10-06 12:58:37,7745.0,7799.5,87,138,2,20,0,0,22,0,,,,,,
2026-10-06 12:58:37,7745.0,7799.5,0,0,0,0,0,0,0,0,,,,,,
2026-10-06 12:58:37,7750.0,7804.5,384,326,60,211,0,0,271,0,,,,,,
2026-10-06 12:58:37,7750.0,7804.5,1157,209,48,1913,0,1704,1961,1704,,,3,3,,1
2026-10-06 12:58:37,7750.0,7804.5,90,48,31,62,0,14,93,14,,,,,,
2026-10-06 12:58:37,7750.0,7804.5,373,355,19,18,0,0,37,0,,,,,,
2026-10-06 12:58:37,7750.0,7804.5,921,959,182,169,0,0,351,0,,,,,,
2026-10-06 12:58:37,7750.0,7804.5,355,396,83,45,0,0,128,0,,,,,,
2026-10-06 12:58:37,7755.0,7809.5,68,18,10,524,0,506,534,506,,,,,,
2026-10-06 12:58:37,7755.0,7809.5,16,14,2,58,0,44,60,44,,,,,,
2026-10-06 12:58:37,7755.0,7809.5,10,2,1,44,0,42,45,42,,,,,,
2026-10-06 12:58:37,7755.0,7809.5,0,1,1,2,1,1,3,2,,,,,,
2026-10-06 12:58:37,7755.0,7809.5,21,20,0,53,0,33,53,33,,,,,,
2026-10-06 12:58:37,7755.0,7809.5,0,0,9,1,9,1,10,10,,,,,,
2026-10-06 12:58:37,7760.0,7814.5,101,77,25,5,0,0,30,0,,,,,,
2026-10-06 12:58:37,7760.0,7814.5,31,27,2,321,0,294,323,294,,,,,,
2026-10-06 12:58:37,7760.0,7814.5,39,16,4,56,0,40,60,40,,,,,,
2026-10-06 12:58:37,7760.0,7814.5,66,48,2,4,0,0,6,0,,,,,,
2026-10-06 12:58:37,7760.0,7814.5,110,238,34,42,0,0,76,0,,,,,,
2026-10-06 12:58:37,7760.0,7814.5,85,171,22,3,0,0,25,0,,,,,,
2026-10-06 12:58:37,7765.0,7819.5,91,184,19,9,0,0,28,0,,,,,,
2026-10-06 12:58:37,7765.0,7819.5,1,2,12,7,11,5,19,16,,,,,,
2026-10-06 12:58:37,7765.0,7819.5,2,4,1,69,0,65,70,65,,,,,,
2026-10-06 12:58:37,7765.0,7819.5,0,0,0,1,0,1,1,1,,,,,,
2026-10-06 12:58:37,7765.0,7819.5,34,116,4,19,0,0,23,0,,,,,,
2026-10-06 12:58:37,7765.0,7819.5,0,0,0,0,0,0,0,0,,,,,,
2026-10-06 12:58:37,7770.0,7824.5,146,237,18,16,0,0,34,0,,,,,,
2026-10-06 12:58:37,7770.0,7824.5,199,108,6,29,0,0,35,0,,,,,,
2026-10-06 12:58:37,7770.0,7824.5,91,40,9,21,0,0,30,0,,,,,,
2026-10-06 12:58:37,7770.0,7824.5,60,32,15,5,0,0,20,0,,,,,,
2026-10-06 12:58:37,7770.0,7824.5,175,179,45,34,0,0,79,0,,,,,,
2026-10-06 12:58:37,7770.0,7824.5,28,64,2,5,0,0,7,0,,,,,,
2026-10-06 12:58:37,7775.0,7829.5,171,373,36,85,0,0,121,0,,,,,,
2026-10-06 12:58:37,7775.0,7829.5,53,47,43,146,0,99,189,99,,,,,,
2026-10-06 12:58:37,7775.0,7829.5,578,550,461,468,0,0,929,0,,,,,,
2026-10-06 12:58:37,7775.0,7829.5,153,51,13,4,0,0,17,0,,,,,,
2026-10-06 12:58:37,7775.0,7829.5,1145,545,33,81,0,0,114,0,,,,,,
2026-10-06 12:58:37,7775.0,7829.5,158,84,18,12,0,0,30,0,,,,,,
2026-10-06 12:58:37,7780.0,7834.5,638,15,15,84,0,69,99,69,,,,,,
2026-10-06 12:58:37,7780.0,7834.5,50,32,15,73,0,41,88,41,,,,,,
2026-10-06 12:58:37,7780.0,7834.5,22,28,7,18,0,0,25,0,,,,,,
2026-10-06 12:58:37,7780.0,7834.5,19,138,0,10,0,0,10,0,,,,,,
2026-10-06 12:58:37,7780.0,7834.5,324,169,17,44,0,0,61,0,,,,,,
2026-10-06 12:58:37,7780.0,7834.5,166,3,21,3,0,0,24,0,,,,,,
2026-10-06 12:58:37,7785.0,7839.5,86,11,22,23,0,12,45,12,,,,,,
2026-10-06 12:58:37,7785.0,7839.5,3,23,21,150,18,127,171,145,,,,,,
2026-10-06 12:58:37,7785.0,7839.5,3,3,4,2,1,0,6,1,,,,,,
2026-10-06 12:58:37,7785.0,7839.5,3,10,2,12,0,2,14,2,,,,,,
2026-10-06 12:58:37,7785.0,7839.5,67,47,7,55,0,8,62,8,,,,,,
2026-10-06 12:58:37,7785.0,7839.5,0,0,0,1,0,1,1,1,,,,,,
2026-10-06 12:58:37,7790.0,7844.5,92,96,8,101,0,5,109,5,,,,,,
2026-10-06 12:58:37,7790.0,7844.5,29,3,10,39,0,36,49,36,,,,,,
2026-10-06 12:58:37,7790.0,7844.5,40,30,11,19,0,0,30,0,,,,,,
2026-10-06 12:58:37,7790.0,7844.5,60,63,2,0,0,0,2,0,,,,,,
2026-10-06 12:58:37,7790.0,7844.5,114,74,12,30,0,0,42,0,,,,,,
2026-10-06 12:58:37,7790.0,7844.5,34,93,10,8,0,0,18,0,,,,,,
2026-10-06 12:58:37,7795.0,7849.5,17,15,11,3,0,0,14,0,,,,,,
2026-10-06 12:58:37,7795.0,7849.5,0,4,4,45,4,41,49,45,,,,,,
2026-10-06 12:58:37,7795.0,7849.5,1,4,2,30,1,26,32,27,,,,,,
2026-10-06 12:58:37,7795.0,7849.5,0,0,0,2,0,2,2,2,,,,,,
2026-10-06 12:58:37,7795.0,7849.5,83,135,8,51,0,0,59,0,,,,,,
2026-10-06 12:58:37,7795.0,7849.5,0,0,0,8,0,8,8,8,,,,,,
2026-10-06 12:58:37,7800.0,7854.5,465,1186,316,1334,0,148,1650,148,,,5,,,
2026-10-06 12:58:37,7800.0,7854.5,378,6,46,233,0,227,279,227,,,,,,
2026-10-06 12:58:37,7800.0,7854.5,215,82,55,29,0,0,84,0,,,,,,
2026-10-06 12:58:37,7800.0,7854.5,2248,148,273,233,0,85,506,85,,,,,,
2026-10-06 12:58:37,7800.0,7854.5,2634,511,74,216,0,0,290,0,,,,,,
2026-10-06 12:58:37,7800.0,7854.5,405,41,26,14,0,0,40,0,,,,,,
2026-10-06 12:58:37,7805.0,7859.5,0,0,500,8,500,8,508,508,,,,,3,
2026-10-06 12:58:37,7805.0,7859.5,0,0,15,25,15,25,40,40,,,,,,
2026-10-06 12:58:37,7805.0,7859.5,0,0,19,5,19,5,24,24,,,,,,
2026-10-06 12:58:37,7805.0,7859.5,0,0,10,4,10,4,14,14,,,,,,
2026-10-06 12:58:37,7805.0,7859.5,68,23,4,29,0,6,33,6,,,,,,
2026-10-06 12:58:37,7805.0,7859.5,0,0,0,8,0,8,8,8,,,,,,
2026-10-06 12:58:37,7810.0,7864.5,672,110,38,52,0,0,90,0,,,,,,
2026-10-06 12:58:37,7810.0,7864.5,36,12,144,96,108,84,240,192,,,,,,
2026-10-06 12:58:37,7810.0,7864.5,21,18,28,18,7,0,46,7,,,,,,
2026-10-06 12:58:37,7810.0,7864.5,21,2,2,4,0,2,6,2,,,,,,
2026-10-06 12:58:37,7810.0,7864.5,2177,63,53,13,0,0,66,0,,,,,,
2026-10-06 12:58:37,7810.0,7864.5,578,8,15,16,0,8,31,8,,,,,,
2026-10-06 12:58:37,7815.0,7869.5,0,0,8,3,8,3,11,11,,,,,,
2026-10-06 12:58:37,7815.0,7869.5,0,0,6,157,6,157,163,163,,,,,,
2026-10-06 12:58:37,7815.0,7869.5,0,0,7,95,7,95,102,102,,,,,,
2026-10-06 12:58:37,7815.0,7869.5,0,0,8,14,8,14,22,22,,,,,,
2026-10-06 12:58:37,7815.0,7869.5,24,2,19,144,0,142,163,142,,,,,,
2026-10-06 12:58:37,7815.0,7869.5,0,0,6,0,6,0,6,6,,,,,,
2026-10-06 12:58:37,7820.0,7874.5,139,107,32,51,0,0,83,0,,,,,,
2026-10-06 12:58:37,7820.0,7874.5,40,5,54,55,14,50,109,64,,,,,,
2026-10-06 12:58:37,7820.0,7874.5,67,13,31,218,0,205,249,205,,,,,,
2026-10-06 12:58:37,7820.0,7874.5,14,2,38,12,24,10,50,34,,,,,,
2026-10-06 12:58:37,7820.0,7874.5,117,20,105,184,0,164,289,164,,,,,,
2026-10-06 12:58:37,7820.0,7874.5,15,40,18,22,3,0,40,3,,,,,,
2026-10-06 12:58:37,7825.0,7879.5,800,24,71,46,0,22,117,22,,,,,,
2026-10-06 12:58:37,7825.0,7879.5,39,0,72,383,33,383,455,416,,,,,,
2026-10-06 12:58:37,7825.0,7879.5,80,7,501,101,421,94,602,515,,,,,4,
2026-10-06 12:58:37,7825.0,7879.5,136,2,23,5,0,3,28,3,,,,,,
2026-10-06 12:58:37,7825.0,7879.5,319,14,358,53,39,39,411,78,,,,,,
2026-10-06 12:58:37,7825.0,7879.5,139,15,77,17,0,2,94,2,,,,,,
2026-10-06 12:58:37,7830.0,7884.5,126,5,543,69,417,64,612,481,,,,,5,
2026-10-06 12:58:37,7830.0,7884.5,102,7,151,225,49,218,376,267,,,,,,
2026-10-06 12:58:37,7830.0,7884.5,67,18,33,238,0,220,271,220,,,,,,
2026-10-06 12:58:37,7830.0,7884.5,53,0,34,6,0,6,40,6,,,,,,
2026-10-06 12:58:37,7830.0,7884.5,109,27,464,57,355,30,521,385,,,,,,
2026-10-06 12:58:37,7830.0,7884.5,70,9,16,43,0,34,59,34,,,,,,
2026-10-06 12:58:37,7835.0,7889.5,0,0,34,62,34,62,96,96,,,,,,
2026-10-06 12:58:37,7835.0,7889.5,0,0,42,190,42,190,232,232,,,,,,
2026-10-06 12:58:37,7835.0,7889.5,0,0,35,33,35,33,68,68,,,,,,
2026-10-06 12:58:37,7835.0,7889.5,0,0,30,0,30,0,30,30,,,,,,
2026-10-06 12:58:37,7835.0,7889.5,10,4,201,15,191,11,216,202,,,,,,
2026-10-06 12:58:37,7835.0,7889.5,0,0,8,81,8,81,89,89,,,,,,
2026-10-06 12:58:37,7840.0,7894.5,592,5,35,417,0,412,452,412,,,,,,
2026-10-06 12:58:37,7840.0,7894.5,104,9,98,54,0,45,152,45,,,,,,
2026-10-06 12:58:37,7840.0,7894.5,488,9,25,41,0,32,66,32,,,,,,
2026-10-06 12:58:37,7840.0,7894.5,12,1,12,62,0,61,74,61,,,,,,
2026-10-06 12:58:37,7840.0,7894.5,391,14,102,46,0,32,148,32,,,,,,
2026-10-06 12:58:37,7840.0,7894.5,98,16,32,44,0,28,76,28,,,,,,
2026-10-06 12:58:37,7845.0,7899.5,0,0,15,18,15,18,33,33,,,,,,
2026-10-06 12:58:37,7845.0,7899.5,0,0,18,19,18,19,37,37,,,,,,
2026-10-06 12:58:37,7845.0,7899.5,0,0,15,14,15,14,29,29,,,,,,
2026-10-06 12:58:37,7845.0,7899.5,0,0,53,3,53,3,56,56,,,,,,
2026-10-06 12:58:37,7845.0,7899.5,12,1,37,12,25,11,49,36,,,,,,
2026-10-06 12:58:37,7845.0,7899.5,0,0,3,83,3,83,86,86,,,,,,
2026-10-06 12:58:37,7850.0,7904.5,295,21,194,102,0,81,296,81,,,,,,
2026-10-06 12:58:37,7850.0,7904.5,215,11,198,75,0,64,273,64,,,,,,
2026-10-06 12:58:37,7850.0,7904.5,178,16,165,17,0,1,182,1,,,,,,
2026-10-06 12:58:37,7850.0,7904.5,510,8,24,28,0,20,52,20,,,,,,
2026-10-06 12:58:37,7850.0,7904.5,797,90,142,36,0,0,178,0,,,,,,
2026-10-06 12:58:37,7850.0,7904.5,482,35,107,5,0,0,112,0,,,,,,
2026-10-06 12:58:37,7855.0,7909.5,0,0,0,0,0,0,0,0,,,,,,
2026-10-06 12:58:37,7855.0,7909.5,5,0,11,2,6,2,13,8,,,,,,
2026-10-06 12:58:37,7860.0,7914.5,44,4,27,5,0,1,32,1,,,,,,
2026-10-06 12:58:37,7860.0,7914.5,49,2,103,10,54,8,113,62,,,,,,
2026-10-06 12:58:37,7860.0,7914.5,28,6,179,1,151,0,180,151,,,,,,
2026-10-06 12:58:37,7860.0,7914.5,65,0,26,4,0,4,30,4,,,,,,
2026-10-06 12:58:37,7860.0,7914.5,251,13,64,7,0,0,71,0,,,,,,
2026-10-06 12:58:37,7860.0,7914.5,12,0,4,2,0,2,6,2,,,,,,
2026-10-06 12:58:37,7865.0,7919.5,0,0,4,0,4,0,4,4,,,,,,
2026-10-06 12:58:37,7865.0,7919.5,9,0,5,7,0,7,12,7,,,,,,
2026-10-06 12:58:37,7870.0,7924.5,64,0,94,2,30,2,96,32,,,,,,
2026-10-06 12:58:37,7870.0,7924.5,33,3,93,4,60,1,97,61,,,,,,
2026-10-06 12:58:37,7870.0,7924.5,12,0,4,0,0,0,4,0,,,,,,
2026-10-06 12:58:37,7870.0,7924.5,14,0,3,0,0,0,3,0,,,,,,
2026-10-06 12:58:37,7870.0,7924.5,256,17,107,8,0,0,115,0,,,,,,
2026-10-06 12:58:37,7870.0,7924.5,49,0,28,0,0,0,28,0,,,,,,
2026-10-06 12:58:37,7875.0,7929.5,213,2,120,0,0,0,120,0,,,,,,
2026-10-06 12:58:37,7875.0,7929.5,150,4,22,4,0,0,26,0,,,,,,
2026-10-06 12:58:37,7875.0,7929.5,1385,0,81,44,0,44,125,44,,,,,,
2026-10-06 12:58:37,7875.0,7929.5,158,10,75,0,0,0,75,0,,,,,,
2026-10-06 12:58:37,7875.0,7929.5,840,29,80,8,0,0,88,0,,,,,,
2026-10-06 12:58:37,7875.0,7929.5,225,2,119,0,0,0,119,0,,,,,,
2026-10-06 12:58:37,7880.0,7934.5,113,0,35,0,0,0,35,0,,,,,,
2026-10-06 12:58:37,7880.0,7934.5,33,0,62,5,29,5,67,34,,,,,,
2026-10-06 12:58:37,7880.0,7934.5,20,0,2,4,0,4,6,4,,,,,,
2026-10-06 12:58:37,7880.0,7934.5,21,0,16,1,0,1,17,1,,,,,,
2026-10-06 12:58:37,7880.0,7934.5,219,69,62,12,0,0,74,0,,,,,,
2026-10-06 12:58:37,7880.0,7934.5,0,0,44,32,44,32,76,76,,,,,,
2026-10-06 12:58:37,7885.0,7939.5,0,0,17,0,17,0,17,17,,,,,,
2026-10-06 12:58:37,7885.0,7939.5,0,0,12,6,12,6,18,18,,,,,,
2026-10-06 12:58:37,7890.0,7944.5,127,0,52,0,0,0,52,0,,,,,,
2026-10-06 12:58:37,7890.0,7944.5,14,0,12,0,0,0,12,0,,,,,,
2026-10-06 12:58:37,7890.0,7944.5,23,0,10,0,0,0,10,0,,,,,,
2026-10-06 12:58:37,7890.0,7944.5,38,0,1,0,0,0,1,0,,,,,,
2026-10-06 12:58:37,7890.0,7944.5,739,25,9,2,0,0,11,0,,,,,,
2026-10-06 12:58:37,7890.0,7944.5,0,0,19,0,19,0,19,19,,,,,,
2026-10-06 12:58:37,7895.0,7949.5,0,0,1,0,1,0,1,1,,,,,,
2026-10-06 12:58:37,7895.0,7949.5,0,0,7,0,7,0,7,7,,,,,,
2026-10-06 12:58:37,7900.0,7954.5,426,0,220,7,0,7,227,7,,,,,,
2026-10-06 12:58:37,7900.0,7954.5,124,1,62,10,0,9,72,9,,,,,,
2026-10-06 12:58:37,7900.0,7954.5,186,5,3584,2,3398,0,3586,3398,1,1,,1,1,
2026-10-06 12:58:37,7900.0,7954.5,203,0,49,1,0,1,50,1,,,,,,
2026-10-06 12:58:37,7900.0,7954.5,3674,258,2078,10,0,0,2088,0,,4,,,,
2026-10-06 12:58:37,7900.0,7954.5,225,5,112,31,0,26,143,26,,,,,,
2026-10-06 12:58:37,7905.0,7959.5,0,0,13,0,13,0,13,13,,,,,,
2026-10-06 12:58:37,7905.0,7959.5,0,0,12,0,12,0,12,12,,,,,,
2026-10-06 12:58:37,7910.0,7964.5,203,0,132,0,0,0,132,0,,,,,,
2026-10-06 12:58:37,7910.0,7964.5,94,0,94,0,0,0,94,0,,,,,,
2026-10-06 12:58:37,7910.0,7964.5,16,0,21,0,5,0,21,5,,,,,,
2026-10-06 12:58:37,7910.0,7964.5,32,0,30,0,0,0,30,0,,,,,,
2026-10-06 12:58:37,7910.0,7964.5,91,0,46,0,0,0,46,0,,,,,,
2026-10-06 12:58:37,7910.0,7964.5,0,0,2,0,2,0,2,2,,,,,,
2026-10-06 12:58:37,7915.0,7969.5,0,0,5,0,5,0,5,5,,,,,,
2026-10-06 12:58:37,7915.0,7969.5,0,0,1,0,1,0,1,1,,,,,,
2026-10-06 12:58:37,7920.0,7974.5,196,1,50,0,0,0,50,0,,,,,,
2026-10-06 12:58:37,7920.0,7974.5,68,0,8,0,0,0,8,0,,,,,,
2026-10-06 12:58:37,7920.0,7974.5,0,0,26,1,26,1,27,27,,,,,,
2026-10-06 12:58:37,7920.0,7974.5,0,0,6,0,6,0,6,6,,,,,,
2026-10-06 12:58:37,7920.0,7974.5,241,1,36,0,0,0,36,0,,,,,,
2026-10-06 12:58:37,7920.0,7974.5,0,0,51,0,51,0,51,51,,,,,,
2026-10-06 12:58:37,7925.0,7979.5,337,0,248,0,0,0,248,0,,,,,,
2026-10-06 12:58:37,7925.0,7979.5,109,0,92,0,0,0,92,0,,,,,,
2026-10-06 12:58:37,7925.0,7979.5,117,1,13,1,0,0,14,0,,,,,,
2026-10-06 12:58:37,7925.0,7979.5,230,0,24,0,0,0,24,0,,,,,,
2026-10-06 12:58:37,7925.0,7979.5,692,1,152,1,0,0,153,0,,,,,,
2026-10-06 12:58:37,7925.0,7979.5,101,10,20,0,0,0,20,0,,,,,,
2026-10-06 12:58:37,7930.0,7984.5,0,0,104,0,104,0,104,104,,,,,,
2026-10-06 12:58:37,7930.0,7984.5,0,0,59,0,59,0,59,59,,,,,,
2026-10-06 12:58:37,7930.0,7984.5,0,0,37,0,37,0,37,37,,,,,,
2026-10-06 12:58:37,7930.0,7984.5,0,0,9,0,9,0,9,9,,,,,,
2026-10-06 12:58:37,7930.0,7984.5,132,1,94,1,0,0,95,0,,,,,,
2026-10-06 12:58:37,7930.0,7984.5,0,0,7,1,7,1,8,8,,,,,,
2026-10-06 12:58:37,7940.0,7994.5,0,0,87,0,87,0,87,87,,,,,,
2026-10-06 12:58:37,7940.0,7994.5,0,0,60,0,60,0,60,60,,,,,,
2026-10-06 12:58:37,7940.0,7994.5,0,0,20,0,20,0,20,20,,,,,,
2026-10-06 12:58:37,7940.0,7994.5,0,0,11,0,11,0,11,11,,,,,,
2026-10-06 12:58:37,7940.0,7994.5,391,0,366,2,0,2,368,2,,,,,,
2026-10-06 12:58:37,7940.0,7994.5,0,0,7,1,7,1,8,8,,,,,,
2026-10-06 12:58:37,7950.0,8004.5,632,0,662,0,30,0,662,30,,5,,,,
2026-10-06 12:58:37,7950.0,8004.5,137,1,320,0,183,0,320,183,,,,,,
2026-10-06 12:58:37,7950.0,8004.5,235,0,84,3,0,3,87,3,,,,,,
2026-10-06 12:58:37,7950.0,8004.5,53,0,42,50,0,50,92,50,,,,,,
2026-10-06 12:58:37,7950.0,8004.5,2034,5,229,4,0,0,233,0,,,,,,
2026-10-06 12:58:37,7950.0,8004.5,139,2,36,0,0,0,36,0,,,,,,
2026-10-06 12:58:37,7960.0,8014.5,0,0,59,0,59,0,59,59,,,,,,
2026-10-06 12:58:37,7960.0,8014.5,0,0,99,0,99,0,99,99,,,,,,
2026-10-06 12:58:37,7960.0,8014.5,0,0,38,0,38,0,38,38,,,,,,
2026-10-06 12:58:37,7960.0,8014.5,0,0,0,0,0,0,0,0,,,,,,
2026-10-06 12:58:37,7960.0,8014.5,224,2,108,3,0,1,111,1,,,,,,
2026-10-06 12:58:37,7960.0,8014.5,0,0,13,0,13,0,13,13,,,,,,
2026-10-06 12:58:37,7970.0,8024.5,0,0,26,7,26,7,33,33,,,,,,
2026-10-06 12:58:37,7970.0,8024.5,650,0,58,0,0,0,58,0,,,,,,
2026-10-06 12:58:37,7975.0,8029.5,698,1,34,0,0,0,34,0,,,,,,
2026-10-06 12:58:37,7975.0,8029.5,165,1,360,1,195,0,361,195,,,,,,
2026-10-06 12:58:37,7975.0,8029.5,113,0,81,0,0,0,81,0,,,,,,
2026-10-06 12:58:37,7975.0,8029.5,219,0,46,0,0,0,46,0,,,,,,
2026-10-06 12:58:37,7975.0,8029.5,698,1,155,0,0,0,155,0,,,,,,
2026-10-06 12:58:37,7975.0,8029.5,165,0,21,0,0,0,21,0,,,,,,
2026-10-06 12:58:37,7980.0,8034.5,0,0,8,0,8,0,8,8,,,,,,
2026-10-06 12:58:37,7980.0,8034.5,227,0,138,0,0,0,138,0,,,,,,
2026-10-06 12:58:37,7990.0,8044.5,0,0,8,0,8,0,8,8,,,,,,
2026-10-06 12:58:37,7990.0,8044.5,137,3,15,0,0,0,15,0,,,,,,
2026-10-06 12:58:37,8000.0,8054.5,656,1,151,1,0,0,152,0,,,,,,
2026-10-06 12:58:37,8000.0,8054.5,478,0,323,0,0,0,323,0,,,,,,
2026-10-06 12:58:37,8000.0,8054.5,1559,0,143,0,0,0,143,0,,,,,,
2026-10-06 12:58:37,8000.0,8054.5,272,0,49,0,0,0,49,0,,,,,,
2026-10-06 12:58:37,8000.0,8054.5,2006,6,2301,4,295,0,2305,295,4,3,,,,
2026-10-06 12:58:37,8000.0,8054.5,234,3,14,0,0,0,14,0,,,,,,
2026-10-06 12:58:37,8010.0,8064.5,164,0,164,1,0,1,165,1,,,,,,
2026-10-06 12:58:37,8020.0,8074.5,134,0,65,3,0,3,68,3,,,,,,
2026-10-06 12:58:37,8025.0,8079.5,658,0,198,0,0,0,198,0,,,,,,
2026-10-06 12:58:37,8025.0,8079.5,306,0,111,0,0,0,111,0,,,,,,
2026-10-06 12:58:37,8025.0,8079.5,371,0,76,0,0,0,76,0,,,,,,
2026-10-06 12:58:37,8025.0,8079.5,94,0,11,0,0,0,11,0,,,,,,
2026-10-06 12:58:37,8025.0,8079.5,719,1,133,1,0,0,134,0,,,,,,
2026-10-06 12:58:37,8025.0,8079.5,159,0,24,0,0,0,24,0,,,,,,
2026-10-06 12:58:37,8030.0,8084.5,181,0,67,1,0,1,68,1,,,,,,
2026-10-06 12:58:37,8040.0,8094.5,193,0,59,0,0,0,59,0,,,,,,
2026-10-06 12:58:37,8050.0,8104.5,814,0,180,0,0,0,180,0,,,,,,
2026-10-06 12:58:37,8050.0,8104.5,235,0,2315,0,2080,0,2315,2080,3,2,,2,2,
2026-10-06 12:58:37,8050.0,8104.5,444,0,169,0,0,0,169,0,,,,,,
2026-10-06 12:58:37,8050.0,8104.5,296,0,16,0,0,0,16,0,,,,,,
2026-10-06 12:58:37,8050.0,8104.5,750,1,94,0,0,0,94,0,,,,,,
2026-10-06 12:58:37,8050.0,8104.5,60,5,6,0,0,0,6,0,,,,,,
2026-10-06 12:58:37,8060.0,8114.5,51,0,20,0,0,0,20,0,,,,,,
2026-10-06 12:58:37,8070.0,8124.5,6,0,41,0,35,0,41,35,,,,,,
2026-10-06 12:58:37,8075.0,8129.5,175,2,68,0,0,0,68,0,,,,,,
2026-10-06 12:58:37,8075.0,8129.5,178,0,69,0,0,0,69,0,,,,,,
2026-10-06 12:58:37,8075.0,8129.5,250,0,19,0,0,0,19,0,,,,,,
2026-10-06 12:58:37,8075.0,8129.5,67,0,14,0,0,0,14,0,,,,,,
2026-10-06 12:58:37,8075.0,8129.5,339,2,134,0,0,0,134,0,,,,,,
2026-10-06 12:58:37,8075.0,8129.5,586,0,3,0,0,0,3,0,,,,,,
2026-10-06 12:58:37,8080.0,8134.5,32,0,28,1,0,1,29,1,,,,,,
2026-10-06 12:58:37,8090.0,8144.5,44,0,2,0,0,0,2,0,,,,,,
2026-10-06 12:58:37,8100.0,8154.5,144,2,13,0,0,0,13,0,,,,,,
2026-10-06 12:58:37,8100.0,8154.5,48,1,137,0,89,0,137,89,,,,,,
2026-10-06 12:58:37,8100.0,8154.5,122,0,41,0,0,0,41,0,,,,,,
2026-10-06 12:58:37,8100.0,8154.5,362,0,3,0,0,0,3,0,,,,,,
2026-10-06 12:58:37,8100.0,8154.5,697,6,105,1,0,0,106,0,,,,,,
2026-10-06 12:58:37,8100.0,8154.5,1592,0,9,0,0,0,9,0,,,,,,
2026-10-06 12:58:37,8110.0,8164.5,0,0,4,0,4,0,4,4,,,,,,
2026-10-06 12:58:37,8120.0,8174.5,0,0,0,0,0,0,0,0,,,,,,
2026-10-06 12:58:37,8125.0,8179.5,52,0,60,0,8,0,60,8,,,,,,
2026-10-06 12:58:37,8125.0,8179.5,12,0,386,0,374,0,386,374,,,,,,
2026-10-06 12:58:37,8125.0,8179.5,104,0,60,0,0,0,60,0,,,,,,
2026-10-06 12:58:37,8125.0,8179.5,37,0,0,0,0,0,0,0,,,,,,
2026-10-06 12:58:37,8125.0,8179.5,914,6,47,0,0,0,47,0,,,,,,
2026-10-06 12:58:37,8125.0,8179.5,103,0,11,0,0,0,11,0,,,,,,
2026-10-06 12:58:37,8130.0,8184.5,0,0,30,0,30,0,30,30,,,,,,
2026-10-06 12:58:37,8140.0,8194.5,0,0,70,0,70,0,70,70,,,,,,
2026-10-06 12:58:37,8150.0,8204.5,140,0,85,0,0,0,85,0,,,,,,
2026-10-06 12:58:37,8150.0,8204.5,17,0,12,0,0,0,12,0,,,,,,
2026-10-06 12:58:37,8150.0,8204.5,67,0,68,0,1,0,68,1,,,,,,
2026-10-06 12:58:37,8150.0,8204.5,38,0,3,0,0,0,3,0,,,,,,
2026-10-06 12:58:37,8150.0,8204.5,426,1,127,1,0,0,128,0,,,,,,
2026-10-06 12:58:37,8150.0,8204.5,158,0,68,0,0,0,68,0,,,,,,
2026-10-06 12:58:37,8175.0,8229.5,5,1,9,0,4,0,9,4,,,,,,
2026-10-06 12:58:37,8175.0,8229.5,7,0,9,0,2,0,9,2,,,,,,
2026-10-06 12:58:37,8175.0,8229.5,129,0,0,0,0,0,0,0,,,,,,
2026-10-06 12:58:37,8175.0,8229.5,44,0,5,0,0,0,5,0,,,,,,
2026-10-06 12:58:37,8175.0,8229.5,177,1,120,0,0,0,120,0,,,,,,
2026-10-06 12:58:37,8175.0,8229.5,8,0,65,0,57,0,65,57,,,,,,
2026-10-06 12:58:37,8200.0,8254.5,59,0,29,0,0,0,29,0,,,,,,
2026-10-06 12:58:37,8200.0,8254.5,76,0,1,0,0,0,1,0,,,,,,
2026-10-06 12:58:37,8200.0,8254.5,40,0,69,0,29,0,69,29,,,,,,
2026-10-06 12:58:37,8200.0,8254.5,33,0,21,0,0,0,21,0,,,,,,
2026-10-06 12:58:37,8200.0,8254.5,232,0,6,0,0,0,6,0,,,,,,
2026-10-06 12:58:37,8200.0,8254.5,99,0,7,0,0,0,7,0,,,,,,
2026-10-06 12:58:37,8225.0,8279.5,0,0,3,0,3,0,3,3,,,,,,
2026-10-06 12:58:37,8225.0,8279.5,4,0,2,0,0,0,2,0,,,,,,
2026-10-06 12:58:37,8225.0,8279.5,0,0,0,0,0,0,0,0,,,,,,
2026-10-06 12:58:37,8225.0,8279.5,9,0,1,0,0,0,1,0,,,,,,
2026-10-06 12:58:37,8225.0,8279.5,121,0,0,0,0,0,0,0,,,,,,
2026-10-06 12:58:37,8225.0,8279.5,12,0,0,0,0,0,0,0,,,,,,
2026-10-06 12:58:37,8250.0,8304.5,16,0,3,0,0,0,3,0,,,,,,
2026-10-06 12:58:37,8250.0,8304.5,59,0,5,0,0,0,5,0,,,,,,
2026-10-06 12:58:37,8250.0,8304.5,52,0,1,0,0,0,1,0,,,,,,
2026-10-06 12:58:37,8250.0,8304.5,11,0,0,0,0,0,0,0,,,,,,
2026-10-06 12:58:37,8250.0,8304.5,936,1,11,0,0,0,11,0,,,,,,
2026-10-06 12:58:37,8250.0,8304.5,9,0,0,0,0,0,0,0,,,,,,
2026-10-06 12:58:37,8275.0,8329.5,0,0,0,0,0,0,0,0,,,,,,
2026-10-06 12:58:37,8275.0,8329.5,101,0,9,0,0,0,9,0,,,,,,
2026-10-06 12:58:37,8275.0,8329.5,0,0,0,0,0,0,0,0,,,,,,
2026-10-06 12:58:37,8275.0,8329.5,20,0,2,0,0,0,2,0,,,,,,
2026-10-06 12:58:37,8275.0,8329.5,13,0,0,0,0,0,0,0,,,,,,
2026-10-06 12:58:37,8275.0,8329.5,3,0,0,0,0,0,0,0,,,,,,
2026-10-06 12:58:37,8300.0,8354.5,36,0,10,0,0,0,10,0,,,,,,
2026-10-06 12:58:37,8300.0,8354.5,26,0,0,0,0,0,0,0,,,,,,
2026-10-06 12:58:37,8300.0,8354.5,83,0,0,0,0,0,0,0,,,,,,
2026-10-06 12:58:37,8300.0,8354.5,45,0,4,0,0,0,4,0,,,,,,
2026-10-06 12:58:37,8300.0,8354.5,171,1,15,0,0,0,15,0,,,,,,
2026-10-06 12:58:37,8300.0,8354.5,56,0,0,0,0,0,0,0,,,,,,
2026-10-06 12:58:37,8325.0,8379.5,2,0,0,0,0,0,0,0,,,,,,
2026-10-06 12:58:37,8350.0,8404.5,192,0,17,0,0,0,17,0,,,,,,
2026-10-06 12:58:37,8375.0,8429.5,0,0,0,0,0,0,0,0,,,,,,
2026-10-06 12:58:37,8400.0,8454.5,67,0,64,0,0,0,64,0,,,,,,
2026-10-06 12:58:37,8400.0,8454.5,33,0,0,0,0,0,0,0,,,,,,
2026-10-06 12:58:37,8400.0,8454.5,55,0,3,0,0,0,3,0,,,,,,
2026-10-06 12:58:37,8400.0,8454.5,12,0,0,0,0,0,0,0,,,,,,
2026-10-06 12:58:37,8400.0,8454.5,125,0,2,0,0,0,2,0,,,,,,
2026-10-06 12:58:37,8400.0,8454.5,5,0,1,0,0,0,1,0,,,,,,
2026-10-06 12:58:37,8425.0,8479.5,0,0,0,0,0,0,0,0,,,,,,
2026-10-06 12:58:37,8450.0,8504.5,2,0,0,0,0,0,0,0,,,,,,
2026-10-06 12:58:37,8500.0,8554.5,0,0,0,0,0,0,0,0,,,,,,
2026-10-06 12:58:37,8500.0,8554.5,0,0,0,0,0,0,0,0,,,,,,
2026-10-06 12:58:37,8500.0,8554.5,5,0,0,0,0,0,0,0,,,,,,
2026-10-06 12:58:37,8500.0,8554.5,9,0,0,0,0,0,0,0,,,,,,
2026-10-06 12:58:37,8500.0,8554.5,1205,0,5,0,0,0,5,0,,,,,,
2026-10-06 12:58:37,8500.0,8554.5,261,0,0,0,0,0,0,0,,,,,,
2026-10-06 12:58:37,8600.0,8654.5,41,0,0,0,0,0,0,0,,,,,,
2026-10-06 12:58:37,8600.0,8654.5,8,0,0,0,0,0,0,0,,,,,,
2026-10-06 12:58:37,8600.0,8654.5,35,0,0,0,0,0,0,0,,,,,,
2026-10-06 12:58:37,8600.0,8654.5,0,0,0,0,0,0,0,0,,,,,,
2026-10-06 12:58:37,8600.0,8654.5,919,0,0,0,0,0,0,0,,,,,,
2026-10-06 12:58:37,8600.0,8654.5,21,0,0,0,0,0,0,0,,,,,,
2026-10-06 12:58:37,8700.0,8754.5,21,0,0,0,0,0,0,0,,,,,,
2026-10-06 12:58:37,8800.0,8854.5,34,0,2,0,0,0,2,0,,,,,,
2026-10-06 12:58:37,8800.0,8854.5,1,0,0,0,0,0,0,0,,,,,,
2026-10-06 12:58:37,8800.0,8854.5,1,0,0,0,0,0,0,0,,,,,,
2026-10-06 12:58:37,8800.0,8854.5,10,0,0,0,0,0,0,0,,,,,,
2026-10-06 12:58:37,8800.0,8854.5,55,0,1,0,0,0,1,0,,,,,,
2026-10-06 12:58:37,8800.0,8854.5,2,0,0,0,0,0,0,0,,,,,,
2026-10-06 12:58:37,9000.0,9054.5,22,0,0,0,0,0,0,0,,,,,,
2026-10-06 12:58:37,9000.0,9054.5,0,0,0,0,0,0,0,0,,,,,,
2026-10-06 12:58:37,9000.0,9054.5,5,0,0,0,0,0,0,0,,,,,,
2026-10-06 12:58:37,9000.0,9054.5,3,0,0,0,0,0,0,0,,,,,,
2026-10-06 12:58:37,9000.0,9054.5,2023,0,0,0,0,0,0,0,,,,,,
2026-10-06 12:58:37,9000.0,9054.5,1,0,0,0,0,0,0,0,,,,,,
2026-10-06 12:58:37,9200.0,9254.5,11,0,0,0,0,0,0,0,,,,,,
2026-10-06 12:58:37,9200.0,9254.5,0,0,0,0,0,0,0,0,,,,,,
2026-10-06 12:58:37,9200.0,9254.5,1,0,0,0,0,0,0,0,,,,,,
2026-10-06 12:58:37,9200.0,9254.5,2,0,0,0,0,0,0,0,,,,,,
2026-10-06 12:58:37,9200.0,9254.5,0,0,0,0,0,0,0,0,,,,,,
2026-10-06 12:58:37,9200.0,9254.5,1,0,0,0,0,0,0,0,,,,,,
2026-10-06 12:58:40,6320.0,6374.5,0,47,0,0,0,0,0,0,,,,,,
2026-10-06 12:58:40,6325.0,6379.5,0,221,0,90,0,0,90,0,,,,,,
2026-10-06 12:58:40,6330.0,6384.5,0,13,0,0,0,0,0,0,,,,,,
2026-10-06 12:58:40,6340.0,6394.5,0,85,0,1,0,0,1,0,,,,,,
2026-10-06 12:58:40,6350.0,6404.5,108,543,0,1,0,0,1,0,,,,,,
2026-10-06 12:58:40,6360.0,6414.5,5,104,0,1,0,0,1,0,,,,,,
2026-10-06 12:58:40,6370.0,6424.5,0,38,0,0,0,0,0,0,,,,,,
2026-10-06 12:58:40,6375.0,6429.5,3,45,0,0,0,0,0,0,,,,,,
2026-10-06 12:58:40,6380.0,6434.5,1,42,0,21,0,0,21,0,,,,,,
2026-10-06 12:58:40,6390.0,6444.5,0,12,0,51,0,39,51,39,,,,,,
2026-10-06 12:58:40,6400.0,6454.5,0,170,0,46,0,0,46,0,,,,,,
2026-10-06 12:58:40,6400.0,6454.5,1,235,0,13,0,0,13,0,,,,,,
2026-10-06 12:58:40,6400.0,6454.5,0,113,0,62,0,0,62,0,,,,,,
2026-10-06 12:58:40,6400.0,6454.5,1,3720,0,7,0,0,7,0,,,,,,
2026-10-06 12:58:40,6410.0,6464.5,0,31,0,2,0,0,2,0,,,,,,
2026-10-06 12:58:40,6420.0,6474.5,0,31,0,2,0,0,2,0,,,,,,
2026-10-06 12:58:40,6425.0,6479.5,0,59,0,2,0,0,2,0,,,,,,
2026-10-06 12:58:40,6430.0,6484.5,0,159,0,3,0,0,3,0,,,,,,
2026-10-06 12:58:40,6440.0,6494.5,1,30,0,0,0,0,0,0,,,,,,
2026-10-06 12:58:40,6450.0,6504.5,0,237,0,3,0,0,3,0,,,,,,
2026-10-06 12:58:40,6460.0,6514.5,0,63,0,0,0,0,0,0,,,,,,
2026-10-06 12:58:40,6470.0,6524.5,0,62,0,2,0,0,2,0,,,,,,
2026-10-06 12:58:40,6475.0,6529.5,108,144,0,0,0,0,0,0,,,,,,
2026-10-06 12:58:40,6480.0,6534.5,0,194,0,1,0,0,1,0,,,,,,
2026-10-06 12:58:40,6490.0,6544.5,1,515,0,0,0,0,0,0,,,,,,
2026-10-06 12:58:40,6500.0,6554.5,0,63,0,24,0,0,24,0,,,,,,
2026-10-06 12:58:40,6500.0,6554.5,0,115,0,6,0,0,6,0,,,,,,
2026-10-06 12:58:40,6500.0,6554.5,0,188,0,0,0,0,0,0,,,,,,
2026-10-06 12:58:40,6500.0,6554.5,15,3106,0,18,0,0,18,0,,,,,,
2026-10-06 12:58:40,6510.0,6564.5,0,45,0,0,0,0,0,0,,,,,,
2026-10-06 12:58:40,6520.0,6574.5,0,118,0,1,0,0,1,0,,,,,,
2026-10-06 12:58:40,6525.0,6579.5,1,159,0,16,0,0,16,0,,,,,,
2026-10-06 12:58:40,6530.0,6584.5,0,96,0,1,0,0,1,0,,,,,,
2026-10-06 12:58:40,6540.0,6594.5,0,102,0,0,0,0,0,0,,,,,,
2026-10-06 12:58:40,6550.0,6604.5,0,1547,0,0,0,0,0,0,,,,,,
2026-10-06 12:58:40,6560.0,6614.5,0,254,0,0,0,0,0,0,,,,,,
2026-10-06 12:58:40,6570.0,6624.5,0,58,0,12,0,0,12,0,,,,,,
2026-10-06 12:58:40,6575.0,6629.5,0,143,0,0,0,0,0,0,,,,,,
2026-10-06 12:58:40,6580.0,6634.5,0,13,0,1,0,0,1,0,,,,,,
2026-10-06 12:58:40,6590.0,6644.5,0,33,0,0,0,0,0,0,,,,,,
2026-10-06 12:58:40,6600.0,6654.5,0,39,0,133,0,94,133,94,,,,,,
2026-10-06 12:58:40,6600.0,6654.5,0,47,0,0,0,0,0,0,,,,,,
2026-10-06 12:58:40,6600.0,6654.5,0,19,0,4,0,0,4,0,,,,,,
2026-10-06 12:58:40,6600.0,6654.5,3,3093,0,94,0,0,94,0,,,,,,
2026-10-06 12:58:40,6610.0,6664.5,0,49,0,1,0,0,1,0,,,,,,
2026-10-06 12:58:40,6620.0,6674.5,0,28,0,0,0,0,0,0,,,,,,
2026-10-06 12:58:40,6625.0,6679.5,0,850,0,10,0,0,10,0,,,,,,
2026-10-06 12:58:40,6625.0,6679.5,0,0,0,300,0,300,300,300,,,,,,3
2026-10-06 12:58:40,6625.0,6679.5,0,4,0,0,0,0,0,0,,,,,,
2026-10-06 12:58:40,6625.0,6679.5,0,110,0,0,0,0,0,0,,,,,,
2026-10-06 12:58:40,6630.0,6684.5,0,23,0,0,0,0,0,0,,,,,,
2026-10-06 12:58:40,6640.0,6694.5,0,8,0,0,0,0,0,0,,,,,,
2026-10-06 12:58:40,6650.0,6704.5,0,0,0,25,0,25,25,25,,,,,,
2026-10-06 12:58:40,6650.0,6704.5,0,0,0,0,0,0,0,0,,,,,,
2026-10-06 12:58:40,6650.0,6704.5,0,0,0,0,0,0,0,0,,,,,,
2026-10-06 12:58:40,6650.0,6704.5,0,1012,0,0,0,0,0,0,,,,,,
2026-10-06 12:58:40,6660.0,6714.5,0,501,0,2,0,0,2,0,,,,,,
2026-10-06 12:58:40,6670.0,6724.5,0,41,0,0,0,0,0,0,,,,,,
2026-10-06 12:58:40,6675.0,6729.5,0,0,0,0,0,0,0,0,,,,,,
2026-10-06 12:58:40,6675.0,6729.5,0,0,0,0,0,0,0,0,,,,,,
2026-10-06 12:58:40,6675.0,6729.5,0,1,0,0,0,0,0,0,,,,,,
2026-10-06 12:58:40,6675.0,6729.5,14,695,0,0,0,0,0,0,,,,,,
2026-10-06 12:58:40,6680.0,6734.5,0,199,0,0,0,0,0,0,,,,,,
2026-10-06 12:58:40,6690.0,6744.5,0,36,0,1,0,0,1,0,,,,,,
2026-10-06 12:58:40,6700.0,6754.5,0,55,0,51,0,0,51,0,,,,,,
2026-10-06 12:58:40,6700.0,6754.5,0,33,0,28,0,0,28,0,,,,,,
2026-10-06 12:58:40,6700.0,6754.5,0,3006,0,20,0,0,20,0,,,,,,
2026-10-06 12:58:40,6700.0,6754.5,5,3217,0,106,0,0,106,0,,,,,,
2026-10-06 12:58:40,6710.0,6764.5,0,169,0,1,0,0,1,0,,,,,,
2026-10-06 12:58:40,6720.0,6774.5,0,86,0,22,0,0,22,0,,,,,,
2026-10-06 12:58:40,6725.0,6779.5,0,1,0,0,0,0,0,0,,,,,,
2026-10-06 12:58:40,6725.0,6779.5,0,1,0,0,0,0,0,0,,,,,,
2026-10-06 12:58:40,6725.0,6779.5,0,1,0,0,0,0,0,0,,,,,,
2026-10-06 12:58:40,6725.0,6779.5,5,842,0,3,0,0,3,0,,,,,,
2026-10-06 12:58:40,6730.0,6784.5,0,47,0,0,0,0,0,0,,,,,,
2026-10-06 12:58:40,6740.0,6794.5,0,62,0,1,0,0,1,0,,,,,,
2026-10-06 12:58:40,6750.0,6804.5,0,7,0,13,0,6,13,6,,,,,,
2026-10-06 12:58:40,6750.0,6804.5,0,8,0,0,0,0,0,0,,,,,,
2026-10-06 12:58:40,6750.0,6804.5,0,102,0,0,0,0,0,0,,,,,,
2026-10-06 12:58:40,6750.0,6804.5,8,1138,0,14,0,0,14,0,,,,,,
2026-10-06 12:58:40,6760.0,6814.5,4,86,0,6,0,0,6,0,,,,,,
2026-10-06 12:58:40,6770.0,6824.5,2,30,0,0,0,0,0,0,,,,,,
2026-10-06 12:58:40,6775.0,6829.5,0,235,0,0,0,0,0,0,,,,,,
2026-10-06 12:58:40,6775.0,6829.5,0,1,0,0,0,0,0,0,,,,,,
2026-10-06 12:58:40,6775.0,6829.5,0,1,0,0,0,0,0,0,,,,,,
2026-10-06 12:58:40,6775.0,6829.5,0,197,0,9,0,0,9,0,,,,,,
2026-10-06 12:58:40,6780.0,6834.5,4,149,0,0,0,0,0,0,,,,,,
2026-10-06 12:58:40,6790.0,6844.5,0,122,0,6,0,0,6,0,,,,,,
2026-10-06 12:58:40,6800.0,6854.5,0,5,0,72,0,67,72,67,,,,,,
2026-10-06 12:58:40,6800.0,6854.5,0,11,0,8,0,0,8,0,,,,,,
2026-10-06 12:58:40,6800.0,6854.5,0,7,0,7,0,0,7,0,,,,,,
2026-10-06 12:58:40,6800.0,6854.5,15,8643,0,201,0,0,201,0,,,,,,
2026-10-06 12:58:40,6810.0,6864.5,10,197,2,3,0,0,5,0,,,,,,
2026-10-06 12:58:40,6820.0,6874.5,275,53,0,12,0,0,12,0,,,,,,
2026-10-06 12:58:40,6825.0,6879.5,0,95,0,1,0,0,1,0,,,,,,
2026-10-06 12:58:40,6825.0,6879.5,0,169,0,3,0,0,3,0,,,,,,
2026-10-06 12:58:40,6825.0,6879.5,0,41,0,0,0,0,0,0,,,,,,
2026-10-06 12:58:40,6825.0,6879.5,11,287,0,4,0,0,4,0,,,,,,
2026-10-06 12:58:40,6830.0,6884.5,0,152,2,0,2,0,2,2,,,,,,
2026-10-06 12:58:40,6840.0,6894.5,94,282,0,0,0,0,0,0,,,,,,
2026-10-06 12:58:40,6850.0,6904.5,0,79,0,4,0,0,4,0,,,,,,
2026-10-06 12:58:40,6850.0,6904.5,0,25,0,1,0,0,1,0,,,,,,
2026-10-06 12:58:40,6850.0,6904.5,15,73,0,1,0,0,1,0,,,,,,
2026-10-06 12:58:40,6850.0,6904.5,4,994,0,53,0,0,53,0,,,,,,
2026-10-06 12:58:40,6860.0,6914.5,4,108,0,0,0,0,0,0,,,,,,
2026-10-06 12:58:40,6865.0,6919.5,2,64,0,0,0,0,0,0,,,,,,
2026-10-06 12:58:40,6870.0,6924.5,0,222,0,0,0,0,0,0,,,,,,
2026-10-06 12:58:40,6875.0,6929.5,88,1,0,0,0,0,0,0,,,,,,
2026-10-06 12:58:40,6875.0,6929.5,0,230,0,0,0,0,0,0,,,,,,
2026-10-06 12:58:40,6875.0,6929.5,0,23,0,0,0,0,0,0,,,,,,
2026-10-06 12:58:40,6875.0,6929.5,0,5605,0,1058,0,0,1058,0,,,,,,
2026-10-06 12:58:40,6880.0,6934.5,20,573,0,0,0,0,0,0,,,,,,
2026-10-06 12:58:40,6885.0,6939.5,0,103,0,0,0,0,0,0,,,,,,
2026-10-06 12:58:40,6890.0,6944.5,375,99,0,22,0,0,22,0,,,,,,
2026-10-06 12:58:40,6895.0,6949.5,1,43,0,0,0,0,0,0,,,,,,
2026-10-06 12:58:40,6900.0,6954.5,0,36,0,0,0,0,0,0,,,,,,
2026-10-06 12:58:40,6900.0,6954.5,0,160,0,9,0,0,9,0,,,,,,
2026-10-06 12:58:40,6900.0,6954.5,0,40,10,10,10,0,20,10,,,,,,
2026-10-06 12:58:40,6900.0,6954.5,18,7266,0,1252,0,0,1252,0,,,,,,
2026-10-06 12:58:40,6905.0,6959.5,0,815,0,0,0,0,0,0,,,,,,
2026-10-06 12:58:40,6910.0,6964.5,0,253,0,0,0,0,0,0,,,,,,
2026-10-06 12:58:40,6915.0,6969.5,1,122,0,0,0,0,0,0,,,,,,
2026-10-06 12:58:40,6920.0,6974.5,0,69,0,3,0,0,3,0,,,,,,
2026-10-06 12:58:40,6925.0,6979.5,0,7,0,0,0,0,0,0,,,,,,
2026-10-06 12:58:40,6925.0,6979.5,0,35,0,0,0,0,0,0,,,,,,
2026-10-06 12:58:40,6925.0,6979.5,0,23,0,0,0,0,0,0,,,,,,
2026-10-06 12:58:40,6925.0,6979.5,13,3565,0,5,0,0,5,0,,,,,,
2026-10-06 12:58:40,6930.0,6984.5,3,154,0,0,0,0,0,0,,,,,,
2026-10-06 12:58:40,6935.0,6989.5,1,35,0,0,0,0,0,0,,,,,,
2026-10-06 12:58:40,6940.0,6994.5,1,142,0,0,0,0,0,0,,,,,,
2026-10-06 12:58:40,6945.0,6999.5,1,201,0,0,0,0,0,0,,,,,,
2026-10-06 12:58:40,6950.0,7004.5,0,3,0,1,0,0,1,0,,,,,,
2026-10-06 12:58:40,6950.0,7004.5,0,31,0,1,0,0,1,0,,,,,,
2026-10-06 12:58:40,6950.0,7004.5,0,39,0,1,0,0,1,0,,,,,,
2026-10-06 12:58:40,6950.0,7004.5,4,2083,0,93,0,0,93,0,,,,,,
2026-10-06 12:58:40,6955.0,7009.5,0,28,0,2,0,0,2,0,,,,,,
2026-10-06 12:58:40,6960.0,7014.5,0,450,0,1,0,0,1,0,,,,,,
2026-10-06 12:58:40,6965.0,7019.5,0,106,0,6,0,0,6,0,,,,,,
2026-10-06 12:58:40,6970.0,7024.5,1,194,0,5,0,0,5,0,,,,,,
2026-10-06 12:58:40,6975.0,7029.5,0,7,0,0,0,0,0,0,,,,,,
2026-10-06 12:58:40,6975.0,7029.5,0,26,0,0,0,0,0,0,,,,,,
2026-10-06 12:58:40,6975.0,7029.5,0,23,0,0,0,0,0,0,,,,,,
2026-10-06 12:58:40,6975.0,7029.5,4,721,0,110,0,0,110,0,,,,,,
2026-10-06 12:58:40,6980.0,7034.5,2,309,0,7,0,0,7,0,,,,,,
2026-10-06 12:58:40,6985.0,7039.5,0,79,0,1,0,0,1,0,,,,,,
2026-10-06 12:58:40,6990.0,7044.5,9,603,0,23,0,0,23,0,,,,,,
2026-10-06 12:58:40,6995.0,7049.5,0,41,0,2,0,0,2,0,,,,,,
2026-10-06 12:58:40,7000.0,7054.5,0,90,0,4,0,0,4,0,,,,,,
2026-10-06 12:58:40,7000.0,7054.5,0,656,0,3,0,0,3,0,,,,,,
2026-10-06 12:58:40,7000.0,7054.5,0,145,10,5,10,0,15,10,,,,,,
2026-10-06 12:58:40,7000.0,7054.5,2763,14734,2,99,0,0,101,0,,,,,,
2026-10-06 12:58:40,7005.0,7059.5,0,98,0,2,0,0,2,0,,,,,,
2026-10-06 12:58:40,7010.0,7064.5,2,106,0,3,0,0,3,0,,,,,,
2026-10-06 12:58:40,7015.0,7069.5,1,201,0,2,0,0,2,0,,,,,,
2026-10-06 12:58:40,7020.0,7074.5,4,328,0,10,0,0,10,0,,,,,,
2026-10-06 12:58:40,7025.0,7079.5,0,3,0,0,0,0,0,0,,,,,,
2026-10-06 12:58:40,7025.0,7079.5,0,86,0,4,0,0,4,0,,,,,,
2026-10-06 12:58:40,7025.0,7079.5,0,25,0,0,0,0,0,0,,,,,,
2026-10-06 12:58:40,7025.0,7079.5,2,1004,10,46,8,0,56,8,,,,,,
2026-10-06 12:58:40,7030.0,7084.5,0,191,0,7,0,0,7,0,,,,,,
2026-10-06 12:58:40,7035.0,7089.5,0,300,10,11,10,0,21,10,,,,,,
2026-10-06 12:58:40,7040.0,7094.5,15,214,0,3,0,0,3,0,,,,,,
2026-10-06 12:58:40,7045.0,7099.5,0,153,0,1,0,0,1,0,,,,,,
2026-10-06 12:58:40,7050.0,7104.5,13,62,0,39,0,0,39,0,,,,,,
2026-10-06 12:58:40,7050.0,7104.5,0,84,0,12,0,0,12,0,,,,,,
2026-10-06 12:58:40,7050.0,7104.5,0,635,0,0,0,0,0,0,,,,,,
2026-10-06 12:58:40,7050.0,7104.5,36,5301,0,387,0,0,387,0,,,,,,
2026-10-06 12:58:40,7055.0,7109.5,0,33,0,2,0,0,2,0,,,,,,
2026-10-06 12:58:40,7060.0,7114.5,15,162,0,2,0,0,2,0,,,,,,
2026-10-06 12:58:40,7065.0,7119.5,3,150,0,8,0,0,8,0,,,,,,
2026-10-06 12:58:40,7070.0,7124.5,7,259,0,17,0,0,17,0,,,,,,
2026-10-06 12:58:40,7075.0,7129.5,0,32,0,33,0,1,33,1,,,,,,
2026-10-06 12:58:40,7075.0,7129.5,0,72,0,31,0,0,31,0,,,,,,
2026-10-06 12:58:40,7075.0,7129.5,0,37,0,0,0,0,0,0,,,,,,
2026-10-06 12:58:40,7075.0,7129.5,80,427,0,35,0,0,35,0,,,,,,
2026-10-06 12:58:40,7080.0,7134.5,5,287,0,10,0,0,10,0,,,,,,
2026-10-06 12:58:40,7085.0,7139.5,0,65,0,3,0,0,3,0,,,,,,
2026-10-06 12:58:40,7090.0,7144.5,3,148,0,3,0,0,3,0,,,,,,
2026-10-06 12:58:40,7095.0,7149.5,0,446,0,0,0,0,0,0,,,,,,
2026-10-06 12:58:40,7100.0,7154.5,13,57,0,274,0,217,274,217,,,,,,
2026-10-06 12:58:40,7100.0,7154.5,0,134,0,25,0,0,25,0,,,,,,
2026-10-06 12:58:40,7100.0,7154.5,0,105,0,27,0,0,27,0,,,,,,
2026-10-06 12:58:40,7100.0,7154.5,383,5520,15,530,0,0,545,0,,,,,,
2026-10-06 12:58:40,7105.0,7159.5,0,205,0,0,0,0,0,0,,,,,,
2026-10-06 12:58:40,7110.0,7164.5,10,661,0,1,0,0,1,0,,,,,,
2026-10-06 12:58:40,7115.0,7169.5,0,220,0,10,0,0,10,0,,,,,,
2026-10-06 12:58:40,7120.0,7174.5,2,274,0,42,0,0,42,0,,,,,,
2026-10-06 12:58:40,7125.0,7179.5,0,20,0,0,0,0,0,0,,,,,,
2026-10-06 12:58:40,7125.0,7179.5,0,60,0,31,0,0,31,0,,,,,,
2026-10-06 12:58:40,7125.0,7179.5,0,69,0,1,0,0,1,0,,,,,,
2026-10-06 12:58:40,7125.0,7179.5,7,1070,0,27,0,0,27,0,,,,,,
2026-10-06 12:58:40,7130.0,7184.5,0,674,0,2,0,0,2,0,,,,,,
2026-10-06 12:58:40,7135.0,7189.5,0,59,0,2,0,0,2,0,,,,,,
2026-10-06 12:58:40,7140.0,7194.5,103,1725,0,41,0,0,41,0,,,,,,
2026-10-06 12:58:40,7145.0,7199.5,1,81,0,0,0,0,0,0,,,,,,
2026-10-06 12:58:40,7150.0,7204.5,21,120,0,36,0,0,36,0,,,,,,
2026-10-06 12:58:40,7150.0,7204.5,0,84,0,25,0,0,25,0,,,,,,
2026-10-06 12:58:40,7150.0,7204.5,0,111,0,41,0,0,41,0,,,,,,
2026-10-06 12:58:40,7150.0,7204.5,38,1554,0,86,0,0,86,0,,,,,,
2026-10-06 12:58:40,7155.0,7209.5,0,267,0,15,0,0,15,0,,,,,,
2026-10-06 12:58:40,7160.0,7214.5,9,92,0,15,0,0,15,0,,,,,,
2026-10-06 12:58:40,7165.0,7219.5,1,48,0,4,0,0,4,0,,,,,,
2026-10-06 12:58:40,7170.0,7224.5,33,916,0,16,0,0,16,0,,,,,,
2026-10-06 12:58:40,7175.0,7229.5,181,19,0,1,0,0,1,0,,,,,,
2026-10-06 12:58:40,7175.0,7229.5,0,54,0,0,0,0,0,0,,,,,,
2026-10-06 12:58:40,7175.0,7229.5,0,48,0,13,0,0,13,0,,,,,,
2026-10-06 12:58:40,7175.0,7229.5,1,804,0,53,0,0,53,0,,,,,,
2026-10-06 12:58:40,7180.0,7234.5,12,700,0,9,0,0,9,0,,,,,,
2026-10-06 12:58:40,7185.0,7239.5,7,171,0,1,0,0,1,0,,,,,,
2026-10-06 12:58:40,7190.0,7244.5,6,500,0,102,0,0,102,0,,,,,,
2026-10-06 12:58:40,7195.0,7249.5,2,54,0,1,0,0,1,0,,,,,,
2026-10-06 12:58:40,7200.0,7254.5,181,101,0,28,0,0,28,0,,,,,,
2026-10-06 12:58:40,7200.0,7254.5,0,72,0,5,0,0,5,0,,,,,,
2026-10-06 12:58:40,7200.0,7254.5,0,413,0,51,0,0,51,0,,,,,,
2026-10-06 12:58:40,7200.0,7254.5,345,4344,0,696,0,0,696,0,,,,,,
2026-10-06 12:58:40,7205.0,7259.5,2,58,0,14,0,0,14,0,,,,,,
2026-10-06 12:58:40,7210.0,7264.5,9,257,0,3,0,0,3,0,,,,,,
2026-10-06 12:58:40,7215.0,7269.5,1,152,0,77,0,0,77,0,,,,,,
2026-10-06 12:58:40,7220.0,7274.5,18,315,0,23,0,0,23,0,,,,,,
2026-10-06 12:58:40,7225.0,7279.5,0,97,0,18,0,0,18,0,,,,,,
2026-10-06 12:58:40,7225.0,7279.5,0,31,0,14,0,0,14,0,,,,,,
2026-10-06 12:58:40,7225.0,7279.5,0,31,0,3,0,0,3,0,,,,,,
2026-10-06 12:58:40,7225.0,7279.5,4,491,0,33,0,0,33,0,,,,,,
2026-10-06 12:58:40,7230.0,7284.5,10,375,0,12,0,0,12,0,,,,,,
2026-10-06 12:58:40,7235.0,7289.5,2,184,0,3,0,0,3,0,,,,,,
2026-10-06 12:58:40,7240.0,7294.5,8,196,0,18,0,0,18,0,,,,,,
2026-10-06 12:58:40,7245.0,7299.5,32,121,0,43,0,0,43,0,,,,,,
2026-10-06 12:58:40,7250.0,7304.5,4,67,0,38,0,0,38,0,,,,,,
2026-10-06 12:58:40,7250.0,7304.5,0,142,0,22,0,0,22,0,,,,,,
2026-10-06 12:58:40,7250.0,7304.5,0,81,0,23,0,0,23,0,,,,,,
2026-10-06 12:58:40,7250.0,7304.5,13,6765,0,1875,0,0,1875,0,,,3,,,
2026-10-06 12:58:40,7255.0,7309.5,0,119,0,40,0,0,40,0,,,,,,
2026-10-06 12:58:40,7260.0,7314.5,29,568,0,57,0,0,57,0,,,,,,
2026-10-06 12:58:40,7265.0,7319.5,1,98,0,4,0,0,4,0,,,,,,
2026-10-06 12:58:40,7270.0,7324.5,24,570,0,67,0,0,67,0,,,,,,
2026-10-06 12:58:40,7275.0,7329.5,38,166,0,16,0,0,16,0,,,,,,
2026-10-06 12:58:40,7275.0,7329.5,0,61,0,11,0,0,11,0,,,,,,
2026-10-06 12:58:40,7275.0,7329.5,0,74,0,70,0,0,70,0,,,,,,
2026-10-06 12:58:40,7275.0,7329.5,46,500,0,20,0,0,20,0,,,,,,
2026-10-06 12:58:40,7280.0,7334.5,306,607,0,4,0,0,4,0,,,,,,
2026-10-06 12:58:40,7285.0,7339.5,0,70,0,30,0,0,30,0,,,,,,
2026-10-06 12:58:40,7290.0,7344.5,1,296,0,5,0,0,5,0,,,,,,
2026-10-06 12:58:40,7295.0,7349.5,0,136,0,38,0,0,38,0,,,,,,
2026-10-06 12:58:40,7300.0,7354.5,0,217,0,38,0,0,38,0,,,,,,
2026-10-06 12:58:40,7300.0,7354.5,0,130,0,47,0,0,47,0,,,,,,
2026-10-06 12:58:40,7300.0,7354.5,0,167,0,14,0,0,14,0,,,,,,
2026-10-06 12:58:40,7300.0,7354.5,235,6495,0,1452,0,0,1452,0,,,5,,,
2026-10-06 12:58:40,7305.0,7359.5,1,121,0,19,0,0,19,0,,,,,,
2026-10-06 12:58:40,7310.0,7364.5,9,229,0,2,0,0,2,0,,,,,,
2026-10-06 12:58:40,7315.0,7369.5,11,53,0,8,0,0,8,0,,,,,,
2026-10-06 12:58:40,7320.0,7374.5,22,774,0,202,0,0,202,0,,,,,,
2026-10-06 12:58:40,7325.0,7379.5,0,153,0,91,0,0,91,0,,,,,,
2026-10-06 12:58:40,7325.0,7379.5,0,81,0,4,0,0,4,0,,,,,,
2026-10-06 12:58:40,7325.0,7379.5,0,54,0,13,0,0,13,0,,,,,,
2026-10-06 12:58:40,7325.0,7379.5,22,494,0,59,0,0,59,0,,,,,,
2026-10-06 12:58:40,7330.0,7384.5,6,965,0,24,0,0,24,0,,,,,,
2026-10-06 12:58:40,7335.0,7389.5,9,124,0,6,0,0,6,0,,,,,,
2026-10-06 12:58:40,7340.0,7394.5,23,333,0,59,0,0,59,0,,,,,,
2026-10-06 12:58:40,7345.0,7399.5,21,537,0,189,0,0,189,0,,,,,,
2026-10-06 12:58:40,7350.0,7404.5,19,150,0,144,0,0,144,0,,,,,,
2026-10-06 12:58:40,7350.0,7404.5,0,190,0,105,0,0,105,0,,,,,,
2026-10-06 12:58:40,7350.0,7404.5,0,110,0,57,0,0,57,0,,,,,,
2026-10-06 12:58:40,7350.0,7404.5,66,5518,0,1289,0,0,1289,0,,,,,,
2026-10-06 12:58:40,7355.0,7409.5,21,158,0,67,0,0,67,0,,,,,,
2026-10-06 12:58:40,7360.0,7414.5,0,11,0,0,0,0,0,0,,,,,,
2026-10-06 12:58:40,7360.0,7414.5,0,20,0,3,0,0,3,0,,,,,,
2026-10-06 12:58:40,7360.0,7414.5,28,163,1,27,0,0,28,0,,,,,,
2026-10-06 12:58:40,7365.0,7419.5,32,101,1,14,0,0,15,0,,,,,,
2026-10-06 12:58:40,7370.0,7424.5,0,0,0,0,0,0,0,0,,,,,,
2026-10-06 12:58:40,7370.0,7424.5,0,6,0,0,0,0,0,0,,,,,,
2026-10-06 12:58:40,7370.0,7424.5,0,30,0,39,0,9,39,9,,,,,,
2026-10-06 12:58:40,7370.0,7424.5,24,487,0,17,0,0,17,0,,,,,,
2026-10-06 12:58:40,7375.0,7429.5,1,417,0,173,0,0,173,0,,,,,,
2026-10-06 12:58:40,7375.0,7429.5,0,305,0,11,0,0,11,0,,,,,,
2026-10-06 12:58:40,7375.0,7429.5,0,62,0,30,0,0,30,0,,,,,,
2026-10-06 12:58:40,7375.0,7429.5,35,773,0,91,0,0,91,0,,,,,,
2026-10-06 12:58:40,7380.0,7434.5,0,36,0,33,0,0,33,0,,,,,,
2026-10-06 12:58:40,7380.0,7434.5,0,2,0,2,0,0,2,0,,,,,,
2026-10-06 12:58:40,7380.0,7434.5,0,11,0,16,0,5,16,5,,,,,,
2026-10-06 12:58:40,7380.0,7434.5,29,308,2,27,0,0,29,0,,,,,,
2026-10-06 12:58:40,7385.0,7439.5,22,121,0,16,0,0,16,0,,,,,,
2026-10-06 12:58:40,7390.0,7444.5,0,34,0,37,0,3,37,3,,,,,,
2026-10-06 12:58:40,7390.0,7444.5,0,2,0,2,0,0,2,0,,,,,,
2026-10-06 12:58:40,7390.0,7444.5,0,17,0,7,0,0,7,0,,,,,,
2026-10-06 12:58:40,7390.0,7444.5,16,349,0,56,0,0,56,0,,,,,,
2026-10-06 12:58:40,7395.0,7449.5,2,162,0,45,0,0,45,0,,,,,,
2026-10-06 12:58:40,7400.0,7454.5,1,452,0,204,0,0,204,0,,,,,,
2026-10-06 12:58:40,7400.0,7454.5,0,180,0,10,0,0,10,0,,,,,,
2026-10-06 12:58:40,7400.0,7454.5,0,139,0,237,0,98,237,98,,,,,,
2026-10-06 12:58:40,7400.0,7454.5,825,4480,2,1478,0,0,1480,0,,,4,,,
2026-10-06 12:58:40,7405.0,7459.5,54,295,0,19,0,0,19,0,,,,,,
2026-10-06 12:58:40,7410.0,7464.5,0,24,0,8,0,0,8,0,,,,,,
2026-10-06 12:58:40,7410.0,7464.5,0,0,0,0,0,0,0,0,,,,,,
2026-10-06 12:58:40,7410.0,7464.5,0,0,0,1,0,1,1,1,,,,,,
2026-10-06 12:58:40,7410.0,7464.5,55,240,0,69,0,0,69,0,,,,,,
2026-10-06 12:58:40,7415.0,7469.5,59,198,1,46,0,0,47,0,,,,,,
2026-10-06 12:58:40,7420.0,7474.5,0,27,0,14,0,0,14,0,,,,,,
2026-10-06 12:58:40,7420.0,7474.5,0,6,0,0,0,0,0,0,,,,,,
2026-10-06 12:58:40,7420.0,7474.5,0,3,0,8,0,5,8,5,,,,,,
2026-10-06 12:58:40,7420.0,7474.5,123,1171,0,70,0,0,70,0,,,,,,
2026-10-06 12:58:40,7425.0,7479.5,1,80,0,24,0,0,24,0,,,,,,
2026-10-06 12:58:40,7425.0,7479.5,0,44,0,3,0,0,3,0,,,,,,
2026-10-06 12:58:40,7425.0,7479.5,0,90,0,13,0,0,13,0,,,,,,
2026-10-06 12:58:40,7425.0,7479.5,156,970,0,191,0,0,191,0,,,,,,
2026-10-06 12:58:40,7430.0,7484.5,1,27,0,39,0,12,39,12,,,,,,
2026-10-06 12:58:40,7430.0,7484.5,0,1,0,1,0,0,1,0,,,,,,
2026-10-06 12:58:40,7430.0,7484.5,9,5,0,2,0,0,2,0,,,,,,
2026-10-06 12:58:40,7430.0,7484.5,53,212,1,44,0,0,45,0,,,,,,
2026-10-06 12:58:40,7435.0,7489.5,46,336,1,67,0,0,68,0,,,,,,
2026-10-06 12:58:40,7440.0,7494.5,0,41,0,22,0,0,22,0,,,,,,
2026-10-06 12:58:40,7440.0,7494.5,0,5,0,1,0,0,1,0,,,,,,
2026-10-06 12:58:40,7440.0,7494.5,0,6,0,4,0,0,4,0,,,,,,
2026-10-06 12:58:40,7440.0,7494.5,70,775,0,107,0,0,107,0,,,,,,
2026-10-06 12:58:40,7445.0,7499.5,29,119,0,385,0,266,385,266,,,,,,4
2026-10-06 12:58:40,7450.0,7504.5,0,77,0,72,0,0,72,0,,,,,,
2026-10-06 12:58:40,7450.0,7504.5,2,708,0,68,0,0,68,0,,,,,,
2026-10-06 12:58:40,7450.0,7504.5,0,72,1,32,1,0,33,1,,,,,,
2026-10-06 12:58:40,7450.0,7504.5,272,10257,0,615,0,0,615,0,,,,,,
2026-10-06 12:58:40,7455.0,7509.5,39,53,0,4,0,0,4,0,,,,,,
2026-10-06 12:58:40,7460.0,7514.5,0,74,0,58,0,0,58,0,,,,,,
2026-10-06 12:58:40,7460.0,7514.5,0,2,0,1,0,0,1,0,,,,,,
2026-10-06 12:58:40,7460.0,7514.5,0,13,0,1,0,0,1,0,,,,,,
2026-10-06 12:58:40,7460.0,7514.5,247,336,0,41,0,0,41,0,,,,,,
2026-10-06 12:58:40,7465.0,7519.5,15,167,0,9,0,0,9,0,,,,,,
2026-10-06 12:58:40,7470.0,7524.5,0,10,0,71,0,61,71,61,,,,,,
2026-10-06 12:58:40,7470.0,7524.5,0,61,0,2,0,0,2,0,,,,,,
2026-10-06 12:58:40,7470.0,7524.5,0,10,0,1,0,0,1,0,,,,,,
2026-10-06 12:58:40,7470.0,7524.5,35,423,0,12,0,0,12,0,,,,,,
2026-10-06 12:58:40,7475.0,7529.5,0,109,0,123,0,14,123,14,,,,,,
2026-10-06 12:58:40,7475.0,7529.5,0,108,0,72,0,0,72,0,,,,,,
2026-10-06 12:58:40,7475.0,7529.5,1,79,0,129,0,50,129,50,,,,,,
2026-10-06 12:58:40,7475.0,7529.5,532,1311,1,606,0,0,607,0,,,,,,
2026-10-06 12:58:40,7480.0,7534.5,0,15,0,22,0,7,22,7,,,,,,
2026-10-06 12:58:40,7480.0,7534.5,0,23,0,0,0,0,0,0,,,,,,
2026-10-06 12:58:40,7480.0,7534.5,0,0,0,11,0,11,11,11,,,,,,
2026-10-06 12:58:40,7480.0,7534.5,38,143,0,36,0,0,36,0,,,,,,
2026-10-06 12:58:40,7485.0,7539.5,94,75,0,35,0,0,35,0,,,,,,
2026-10-06 12:58:40,7490.0,7544.5,0,20,0,26,0,6,26,6,,,,,,
2026-10-06 12:58:40,7490.0,7544.5,0,57,0,1,0,0,1,0,,,,,,
2026-10-06 12:58:40,7490.0,7544.5,0,0,0,2,0,2,2,2,,,,,,
2026-10-06 12:58:40,7490.0,7544.5,85,270,0,31,0,0,31,0,,,,,,
2026-10-06 12:58:40,7495.0,7549.5,13,107,0,1,0,0,1,0,,,,,,
2026-10-06 12:58:40,7500.0,7554.5,31,76,0,181,0,105,181,105,,,,,,
2026-10-06 12:58:40,7500.0,7554.5,2,335,2,118,0,0,120,0,,,,,,
2026-10-06 12:58:40,7500.0,7554.5,13,69,1,11,0,0,12,0,,,,,,
2026-10-06 12:58:40,7500.0,7554.5,352,4906,19,1446,0,0,1465,0,,,,,,
2026-10-06 12:58:40,7505.0,7559.5,59,151,0,25,0,0,25,0,,,,,,
2026-10-06 12:58:40,7510.0,7564.5,0,6,0,5,0,0,5,0,,,,,,
2026-10-06 12:58:40,7510.0,7564.5,0,101,0,0,0,0,0,0,,,,,,
2026-10-06 12:58:40,7510.0,7564.5,0,2,0,0,0,0,0,0,,,,,,
2026-10-06 12:58:40,7510.0,7564.5,86,374,0,106,0,0,106,0,,,,,,
2026-10-06 12:58:40,7515.0,7569.5,18,212,0,25,0,0,25,0,,,,,,
2026-10-06 12:58:40,7520.0,7574.5,0,22,0,0,0,0,0,0,,,,,,
2026-10-06 12:58:40,7520.0,7574.5,1,23,0,31,0,8,31,8,,,,,,
2026-10-06 12:58:40,7520.0,7574.5,0,24,0,1,0,0,1,0,,,,,,
2026-10-06 12:58:40,7520.0,7574.5,41,211,0,37,0,0,37,0,,,,,,
2026-10-06 12:58:40,7525.0,7579.5,1,82,0,23,0,0,23,0,,,,,,
2026-10-06 12:58:40,7525.0,7579.5,31,12,31,1,0,0,32,0,,,,,,
2026-10-06 12:58:40,7525.0,7579.5,0,45,0,1,0,0,1,0,,,,,,
2026-10-06 12:58:40,7525.0,7579.5,106,869,0,195,0,0,195,0,,,,,,
2026-10-06 12:58:40,7530.0,7584.5,1,53,0,4,0,0,4,0,,,,,,
2026-10-06 12:58:40,7530.0,7584.5,0,4,2,60,2,56,62,58,,,,,,
2026-10-06 12:58:40,7530.0,7584.5,31,40,0,6,0,0,6,0,,,,,,
2026-10-06 12:58:40,7530.0,7584.5,46,556,0,192,0,0,192,0,,,,,,
2026-10-06 12:58:40,7535.0,7589.5,104,232,0,14,0,0,14,0,,,,,,
2026-10-06 12:58:40,7540.0,7594.5,0,50,0,7,0,0,7,0,,,,,,
2026-10-06 12:58:40,7540.0,7594.5,1,12,0,8,0,0,8,0,,,,,,
2026-10-06 12:58:40,7540.0,7594.5,0,102,0,13,0,0,13,0,,,,,,
2026-10-06 12:58:40,7540.0,7594.5,95,638,0,255,0,0,255,0,,,,,,
2026-10-06 12:58:40,7545.0,7599.5,35,378,0,51,0,0,51,0,,,,,,
2026-10-06 12:58:40,7550.0,7604.5,8,52,0,99,0,47,99,47,,,,,,
2026-10-06 12:58:40,7550.0,7604.5,4,66,0,58,0,0,58,0,,,,,,
2026-10-06 12:58:40,7550.0,7604.5,15,44,0,2,0,0,2,0,,,,,,
2026-10-06 12:58:40,7550.0,7604.5,664,4583,76,2516,0,0,2592,0,5,,2,,,
2026-10-06 12:58:40,7555.0,7609.5,37,172,2,43,0,0,45,0,,,,,,
2026-10-06 12:58:40,7560.0,7614.5,4,1,0,3,0,2,3,2,,,,,,
2026-10-06 12:58:40,7560.0,7614.5,8,27,0,1,0,0,1,0,,,,,,
2026-10-06 12:58:40,7560.0,7614.5,0,6,0,6,0,0,6,0,,,,,,
2026-10-06 12:58:40,7560.0,7614.5,60,490,4,42,0,0,46,0,,,,,,
2026-10-06 12:58:40,7565.0,7619.5,88,167,0,20,0,0,20,0,,,,,,
2026-10-06 12:58:40,7570.0,7624.5,2,42,0,4,0,0,4,0,,,,,,
2026-10-06 12:58:40,7570.0,7624.5,40,70,0,15,0,0,15,0,,,,,,
2026-10-06 12:58:40,7570.0,7624.5,0,54,0,1,0,0,1,0,,,,,,
2026-10-06 12:58:40,7570.0,7624.5,39,234,0,22,0,0,22,0,,,,,,
2026-10-06 12:58:40,7575.0,7629.5,0,49,0,2,0,0,2,0,,,,,,
2026-10-06 12:58:40,7575.0,7629.5,19,43,0,2,0,0,2,0,,,,,,
2026-10-06 12:58:40,7575.0,7629.5,3,53,0,0,0,0,0,0,,,,,,
2026-10-06 12:58:40,7575.0,7629.5,270,1292,0,189,0,0,189,0,,,,,,
2026-10-06 12:58:40,7580.0,7634.5,0,267,0,13,0,0,13,0,,,,,,
2026-10-06 12:58:40,7580.0,7634.5,29,33,0,4,0,0,4,0,,,,,,
2026-10-06 12:58:40,7580.0,7634.5,0,99,0,1,0,0,1,0,,,,,,
2026-10-06 12:58:40,7580.0,7634.5,160,364,4,88,0,0,92,0,,,,,,
2026-10-06 12:58:40,7585.0,7639.5,102,1376,0,16,0,0,16,0,,,,,,
2026-10-06 12:58:40,7590.0,7644.5,0,7,0,7,0,0,7,0,,,,,,
2026-10-06 12:58:40,7590.0,7644.5,27,49,0,1,0,0,1,0,,,,,,
2026-10-06 12:58:40,7590.0,7644.5,40,22,0,1,0,0,1,0,,,,,,
2026-10-06 12:58:40,7590.0,7644.5,114,274,7,44,0,0,51,0,,,,,,
2026-10-06 12:58:40,7595.0,7649.5,77,153,1,12,0,0,13,0,,,,,,
2026-10-06 12:58:40,7600.0,7654.5,20,58,50,20,30,0,70,30,,,,,,
2026-10-06 12:58:40,7600.0,7654.5,26,156,0,2,0,0,2,0,,,,,,
2026-10-06 12:58:40,7600.0,7654.5,19,37,0,122,0,85,122,85,,,,,,
2026-10-06 12:58:40,7600.0,7654.5,1234,5777,40,3686,0,0,3726,0,3,,1,,,
2026-10-06 12:58:40,7605.0,7659.5,105,397,1,14,0,0,15,0,,,,,,
2026-10-06 12:58:40,7610.0,7664.5,148,106,0,5,0,0,5,0,,,,,,
2026-10-06 12:58:40,7610.0,7664.5,35,86,0,37,0,0,37,0,,,,,,
2026-10-06 12:58:40,7610.0,7664.5,21,28,0,20,0,0,20,0,,,,,,
2026-10-06 12:58:40,7610.0,7664.5,237,180,26,84,0,0,110,0,,,,,,
2026-10-06 12:58:40,7615.0,7669.5,33,189,0,14,0,0,14,0,,,,,,
2026-10-06 12:58:40,7620.0,7674.5,1,16,0,17,0,1,17,1,,,,,,
2026-10-06 12:58:40,7620.0,7674.5,21,70,0,0,0,0,0,0,,,,,,
2026-10-06 12:58:40,7620.0,7674.5,0,101,0,12,0,0,12,0,,,,,,
2026-10-06 12:58:40,7620.0,7674.5,88,544,1,81,0,0,82,0,,,,,,
2026-10-06 12:58:40,7625.0,7679.5,24,214,50,26,26,0,76,26,,,,,,
2026-10-06 12:58:40,7625.0,7679.5,32,27,0,0,0,0,0,0,,,,,,
2026-10-06 12:58:40,7625.0,7679.5,4,20,2,20,0,0,22,0,,,,,,
2026-10-06 12:58:40,7625.0,7679.5,484,1360,0,94,0,0,94,0,,,,,,
2026-10-06 12:58:40,7630.0,7684.5,3,35,0,11,0,0,11,0,,,,,,
2026-10-06 12:58:40,7630.0,7684.5,87,3,0,0,0,0,0,0,,,,,,
2026-10-06 12:58:40,7630.0,7684.5,4,17,0,1,0,0,1,0,,,,,,
2026-10-06 12:58:40,7630.0,7684.5,158,420,8,40,0,0,48,0,,,,,,
2026-10-06 12:58:40,7635.0,7689.5,101,1735,0,9,0,0,9,0,,,,,,
2026-10-06 12:58:40,7640.0,7694.5,13,57,1,36,0,0,37,0,,,,,,
2026-10-06 12:58:40,7640.0,7694.5,39,99,0,16,0,0,16,0,,,,,,
2026-10-06 12:58:40,7640.0,7694.5,4,6,0,1,0,0,1,0,,,,,,
2026-10-06 12:58:40,7640.0,7694.5,101,212,12,25,0,0,37,0,,,,,,
2026-10-06 12:58:40,7645.0,7699.5,87,163,1,15,0,0,16,0,,,,,,
2026-10-06 12:58:40,7650.0,7704.5,672,1562,1,33,0,0,34,0,,,,,,
2026-10-06 12:58:40,7650.0,7704.5,34,48,5,0,0,0,5,0,,,,,,
2026-10-06 12:58:40,7650.0,7704.5,82,77,5,16,0,0,21,0,,,,,,
2026-10-06 12:58:40,7650.0,7704.5,1504,13533,13,1161,0,0,1174,0,,,,,,
2026-10-06 12:58:40,7655.0,7709.5,113,154,1,7,0,0,8,0,,,,,,
2026-10-06 12:58:40,7660.0,7714.5,141,37,0,46,0,9,46,9,,,,,,
2026-10-06 12:58:40,7660.0,7714.5,39,77,1,0,0,0,1,0,,,,,,
2026-10-06 12:58:40,7660.0,7714.5,59,14,0,0,0,0,0,0,,,,,,
2026-10-06 12:58:40,7660.0,7714.5,206,178,22,26,0,0,48,0,,,,,,
2026-10-06 12:58:40,7665.0,7719.5,96,343,0,202,0,0,202,0,,,,,,
2026-10-06 12:58:40,7670.0,7724.5,7,61,0,11,0,0,11,0,,,,,,
2026-10-06 12:58:40,7670.0,7724.5,34,61,0,3,0,0,3,0,,,,,,
2026-10-06 12:58:40,7670.0,7724.5,19,38,0,6,0,0,6,0,,,,,,
2026-10-06 12:58:40,7670.0,7724.5,197,555,5,193,0,0,198,0,,,,,,
2026-10-06 12:58:40,7675.0,7729.5,24,258,3,247,0,0,250,0,,,,,,
2026-10-06 12:58:40,7675.0,7729.5,43,283,4,3,0,0,7,0,,,,,,
2026-10-06 12:58:40,7675.0,7729.5,60,296,0,11,0,0,11,0,,,,,,
2026-10-06 12:58:40,7675.0,7729.5,1044,935,2,142,0,0,144,0,,,,,,
2026-10-06 12:58:40,7680.0,7734.5,7,20,0,38,0,18,38,18,,,,,,
2026-10-06 12:58:40,7680.0,7734.5,74,62,0,8,0,0,8,0,,,,,,
2026-10-06 12:58:40,7680.0,7734.5,87,12,0,0,0,0,0,0,,,,,,
2026-10-06 12:58:40,7680.0,7734.5,393,204,11,281,0,77,292,77,,,,,,
2026-10-06 12:58:40,7685.0,7739.5,351,348,15,22,0,0,37,0,,,,,,
2026-10-06 12:58:40,7690.0,7744.5,17,41,1,52,0,11,53,11,,,,,,
2026-10-06 12:58:40,7690.0,7744.5,35,29,0,5,0,0,5,0,,,,,,
2026-10-06 12:58:40,7690.0,7744.5,28,35,0,0,0,0,0,0,,,,,,
2026-10-06 12:58:40,7690.0,7744.5,559,387,63,166,0,0,229,0,,,,,,
2026-10-06 12:58:40,7695.0,7749.5,473,200,15,24,0,0,39,0,,,,,,
2026-10-06 12:58:40,7700.0,7754.5,273,436,185,204,0,0,389,0,,,,,,
2026-10-06 12:58:40,7700.0,7754.5,106,165,0,18,0,0,18,0,,,,,,
2026-10-06 12:58:40,7700.0,7754.5,28,99,5,6,0,0,11,0,,,,,,
2026-10-06 12:58:40,7700.0,7754.5,2618,9333,8,1040,0,0,1048,0,,,,,,
2026-10-06 12:58:40,7705.0,7759.5,174,100,0,19,0,0,19,0,,,,,,
2026-10-06 12:58:40,7710.0,7764.5,132,67,7,25,0,0,32,0,,,,,,
2026-10-06 12:58:40,7710.0,7764.5,19,35,0,14,0,0,14,0,,,,,,
2026-10-06 12:58:40,7710.0,7764.5,60,31,1,0,0,0,1,0,,,,,,
2026-10-06 12:58:40,7710.0,7764.5,374,279,11,138,0,0,149,0,,,,,,
2026-10-06 12:58:40,7715.0,7769.5,263,108,22,8,0,0,30,0,,,,,,
2026-10-06 12:58:40,7720.0,7774.5,47,30,49,25,2,0,74,2,,,,,,
2026-10-06 12:58:40,7720.0,7774.5,22,21,0,5,0,0,5,0,,,,,,
2026-10-06 12:58:40,7720.0,7774.5,28,18,1,0,0,0,1,0,,,,,,
2026-10-06 12:58:40,7720.0,7774.5,203,1855,43,131,0,0,174,0,,,,,,
2026-10-06 12:58:40,7725.0,7779.5,531,372,126,128,0,0,254,0,,,,,,
2026-10-06 12:58:40,7725.0,7779.5,58,137,0,4,0,0,4,0,,,,,,
2026-10-06 12:58:40,7725.0,7779.5,34,71,0,5,0,0,5,0,,,,,,
2026-10-06 12:58:40,7725.0,7779.5,1158,1261,7,37,0,0,44,0,,,,,,
2026-10-06 12:58:40,7730.0,7784.5,20,9,1,6,0,0,7,0,,,,,,
2026-10-06 12:58:40,7730.0,7784.5,30,23,1,57,0,34,58,34,,,,,,
2026-10-06 12:58:40,7730.0,7784.5,46,18,0,0,0,0,0,0,,,,,,
2026-10-06 12:58:40,7730.0,7784.5,161,502,124,59,0,0,183,0,,,,,,
2026-10-06 12:58:40,7735.0,7789.5,801,136,6,18,0,0,24,0,,,,,,
2026-10-06 12:58:40,7740.0,7794.5,115,29,5,51,0,22,56,22,,,,,,
2026-10-06 12:58:40,7740.0,7794.5,40,24,1,4,0,0,5,0,,,,,,
2026-10-06 12:58:40,7740.0,7794.5,21,20,0,4,0,0,4,0,,,,,,
2026-10-06 12:58:40,7740.0,7794.5,151,622,9,307,0,0,316,0,,,,,,
2026-10-06 12:58:40,7745.0,7799.5,121,162,7,31,0,0,38,0,,,,,,
2026-10-06 12:58:40,7750.0,7804.5,65,233,60,123,0,0,183,0,,,,,,
2026-10-06 12:58:40,7750.0,7804.5,62,55,2,0,0,0,2,0,,,,,,
2026-10-06 12:58:40,7750.0,7804.5,67,119,7,9,0,0,16,0,,,,,,
2026-10-06 12:58:40,7750.0,7804.5,2275,1928,93,497,0,0,590,0,,,,,,
2026-10-06 12:58:40,7755.0,7809.5,288,44,129,38,0,0,167,0,,,,,,
2026-10-06 12:58:40,7760.0,7814.5,37,45,9,36,0,0,45,0,,,,,,
2026-10-06 12:58:40,7760.0,7814.5,75,4,1,1,0,0,2,0,,,,,,
2026-10-06 12:58:40,7760.0,7814.5,21,30,0,2,0,0,2,0,,,,,,
2026-10-06 12:58:40,7760.0,7814.5,254,1960,17,85,0,0,102,0,,,,,,
2026-10-06 12:58:40,7765.0,7819.5,170,38,0,8,0,0,8,0,,,,,,
2026-10-06 12:58:40,7770.0,7824.5,118,7,3,9,0,2,12,2,,,,,,
2026-10-06 12:58:40,7770.0,7824.5,40,15,4,6,0,0,10,0,,,,,,
2026-10-06 12:58:40,7770.0,7824.5,3,4,0,2,0,0,2,0,,,,,,
2026-10-06 12:58:40,7770.0,7824.5,195,182,27,81,0,0,108,0,,,,,,
2026-10-06 12:58:40,7775.0,7829.5,125,133,1,312,0,179,313,179,,,,,,
2026-10-06 12:58:40,7775.0,7829.5,40,8,0,14,0,6,14,6,,,,,,
2026-10-06 12:58:40,7775.0,7829.5,226,167,7,1,0,0,8,0,,,,,,
2026-10-06 12:58:40,7775.0,7829.5,902,1077,68,97,0,0,165,0,,,,,,
2026-10-06 12:58:40,7780.0,7834.5,126,11,2,61,0,50,63,50,,,,,,
2026-10-06 12:58:40,7780.0,7834.5,67,6,0,11,0,5,11,5,,,,,,
2026-10-06 12:58:40,7780.0,7834.5,279,6,70,8,0,2,78,2,,,,,,
2026-10-06 12:58:40,7780.0,7834.5,252,81,65,22,0,0,87,0,,,,,,
2026-10-06 12:58:40,7785.0,7839.5,164,26,16,61,0,35,77,35,,,,,,
2026-10-06 12:58:40,7790.0,7844.5,116,1,3,23,0,22,26,22,,,,,,
2026-10-06 12:58:40,7790.0,7844.5,22,9,0,13,0,4,13,4,,,,,,
2026-10-06 12:58:40,7790.0,7844.5,6,2,1,0,0,0,1,0,,,,,,
2026-10-06 12:58:40,7790.0,7844.5,5231,120,12,74,0,0,86,0,,,,,,
2026-10-06 12:58:40,7795.0,7849.5,95,40,15,14,0,0,29,0,,,,,,
2026-10-06 12:58:40,7800.0,7854.5,37,16,23,147,0,131,170,131,,,,,,
2026-10-06 12:58:40,7800.0,7854.5,73,9,24,39,0,30,63,30,,,,,,
2026-10-06 12:58:40,7800.0,7854.5,278,20,76,56,0,36,132,36,,,,,,
2026-10-06 12:58:40,7800.0,7854.5,6869,2103,354,1369,0,0,1723,0,,,,,,
2026-10-06 12:58:40,7805.0,7859.5,194,133,28,27,0,0,55,0,,,,,,
2026-10-06 12:58:40,7810.0,7864.5,93,8,13,9,0,1,22,1,,,,,,
2026-10-06 12:58:40,7810.0,7864.5,62,5,5,0,0,0,5,0,,,,,,
2026-10-06 12:58:40,7810.0,7864.5,27,2,0,4,0,2,4,2,,,,,,
2026-10-06 12:58:40,7810.0,7864.5,5197,203,19,5,0,0,24,0,,,,,,
2026-10-06 12:58:40,7815.0,7869.5,294,47,13,292,0,245,305,245,,,,,,5
2026-10-06 12:58:40,7820.0,7874.5,76,1,28,5,0,4,33,4,,,,,,
2026-10-06 12:58:40,7820.0,7874.5,515,9,26,0,0,0,26,0,,,,,,
2026-10-06 12:58:40,7820.0,7874.5,2,0,12,1,10,1,13,11,,,,,,
2026-10-06 12:58:40,7820.0,7874.5,5432,528,17,89,0,0,106,0,,,,,,
2026-10-06 12:58:40,7825.0,7879.5,1458,0,218,15,0,15,233,15,,,,,,
2026-10-06 12:58:40,7825.0,7879.5,30,19,1,22,0,3,23,3,,,,,,
2026-10-06 12:58:40,7825.0,7879.5,65,7,1,0,0,0,1,0,,,,,,
2026-10-06 12:58:40,7825.0,7879.5,1554,873,183,264,0,0,447,0,,,,,,
2026-10-06 12:58:40,7830.0,7884.5,14,12,51,13,37,1,64,38,,,,,,
2026-10-06 12:58:40,7830.0,7884.5,3,0,7,42,4,42,49,46,,,,,,
2026-10-06 12:58:40,7830.0,7884.5,1,0,5,0,4,0,5,4,,,,,,
2026-10-06 12:58:40,7830.0,7884.5,328,67,307,454,0,387,761,387,,,,5,,1
2026-10-06 12:58:40,7835.0,7889.5,111,22,312,12,201,0,324,201,,,,,,
2026-10-06 12:58:40,7840.0,7894.5,14,7,47,11,33,4,58,37,,,,,,
2026-10-06 12:58:40,7840.0,7894.5,0,0,5,2,5,2,7,7,,,,,,
2026-10-06 12:58:40,7840.0,7894.5,2,0,7,9,5,9,16,14,,,,,,
2026-10-06 12:58:40,7840.0,7894.5,895,11,54,69,0,58,123,58,,,,,,
2026-10-06 12:58:40,7845.0,7899.5,308,33,15,8,0,0,23,0,,,,,,
2026-10-06 12:58:40,7850.0,7904.5,52,1,50,24,0,23,74,23,,,,,,
2026-10-06 12:58:40,7850.0,7904.5,188,12,28,2,0,0,30,0,,,,,,
2026-10-06 12:58:40,7850.0,7904.5,178,16,14,1,0,0,15,0,,,,,,
2026-10-06 12:58:40,7850.0,7904.5,2747,839,538,977,0,138,1515,138,,,,,,
2026-10-06 12:58:40,7855.0,7909.5,137,24,24,4,0,0,28,0,,,,,,
2026-10-06 12:58:40,7860.0,7914.5,0,0,33,2,33,2,35,35,,,,,,
2026-10-06 12:58:40,7860.0,7914.5,1,1,61,0,60,0,61,60,,,,,,
2026-10-06 12:58:40,7860.0,7914.5,2,0,10,0,8,0,10,8,,,,,,
2026-10-06 12:58:40,7860.0,7914.5,718,26,341,2,0,0,343,0,,,,,,
2026-10-06 12:58:40,7865.0,7919.5,380,26,17,8,0,0,25,0,,,,,,
2026-10-06 12:58:40,7870.0,7924.5,2,1,87,1,85,0,88,85,,,,,,
2026-10-06 12:58:40,7870.0,7924.5,1,0,44,0,43,0,44,43,,,,,,
2026-10-06 12:58:40,7870.0,7924.5,28,0,5,0,0,0,5,0,,,,,,
2026-10-06 12:58:40,7870.0,7924.5,2695,53,29,12,0,0,41,0,,,,,,
2026-10-06 12:58:40,7875.0,7929.5,86,8,19,2,0,0,21,0,,,,,,
2026-10-06 12:58:40,7875.0,7929.5,129,0,16,0,0,0,16,0,,,,,,
2026-10-06 12:58:40,7875.0,7929.5,146,1,10,0,0,0,10,0,,,,,,
2026-10-06 12:58:40,7875.0,7929.5,1073,78,275,381,0,303,656,303,,,,,,2
2026-10-06 12:58:40,7880.0,7934.5,0,0,3,0,3,0,3,3,,,,,,
2026-10-06 12:58:40,7880.0,7934.5,0,0,0,0,0,0,0,0,,,,,,
2026-10-06 12:58:40,7880.0,7934.5,0,0,6,0,6,0,6,6,,,,,,
2026-10-06 12:58:40,7880.0,7934.5,468,131,5039,10,4571,0,5049,4571,2,2,,1,1,
2026-10-06 12:58:40,7885.0,7939.5,263,25,23,0,0,0,23,0,,,,,,
2026-10-06 12:58:40,7890.0,7944.5,0,0,26,20,26,20,46,46,,,,,,
2026-10-06 12:58:40,7890.0,7944.5,0,0,1,0,1,0,1,1,,,,,,
2026-10-06 12:58:40,7890.0,7944.5,0,0,2,0,2,0,2,2,,,,,,
2026-10-06 12:58:40,7890.0,7944.5,924,55,238,0,0,0,238,0,,,,,,
2026-10-06 12:58:40,7895.0,7949.5,131,27,11,4,0,0,15,0,,,,,,
2026-10-06 12:58:40,7900.0,7954.5,40,1,36,2,0,1,38,1,,,,,,
2026-10-06 12:58:40,7900.0,7954.5,173,1,1550,0,1377,0,1550,1377,,4,,4,4,
2026-10-06 12:58:40,7900.0,7954.5,128,6,1525,0,1397,0,1525,1397,,5,,3,3,
2026-10-06 12:58:40,7900.0,7954.5,3079,55,6988,114,3909,59,7102,3968,1,1,,2,2,
2026-10-06 12:58:40,7905.0,7959.5,535,18,56,0,0,0,56,0,,,,,,
2026-10-06 12:58:40,7910.0,7964.5,0,0,8,2,8,2,10,10,,,,,,
2026-10-06 12:58:40,7910.0,7964.5,0,0,0,0,0,0,0,0,,,,,,
2026-10-06 12:58:40,7910.0,7964.5,0,0,8,6,8,6,14,14,,,,,,
2026-10-06 12:58:40,7910.0,7964.5,477,22,77,3,0,0,80,0,,,,,,
2026-10-06 12:58:40,7915.0,7969.5,3667,20,59,0,0,0,59,0,,,,,,
2026-10-06 12:58:40,7920.0,7974.5,0,0,10,2,10,2,12,12,,,,,,
2026-10-06 12:58:40,7920.0,7974.5,0,0,0,0,0,0,0,0,,,,,,
2026-10-06 12:58:40,7920.0,7974.5,0,0,0,0,0,0,0,0,,,,,,
2026-10-06 12:58:40,7920.0,7974.5,554,1,362,1,0,0,363,0,,,,,,
2026-10-06 12:58:40,7925.0,7979.5,2018,7,42,0,0,0,42,0,,,,,,
2026-10-06 12:58:40,7925.0,7979.5,581,1,13,1,0,0,14,0,,,,,,
2026-10-06 12:58:40,7925.0,7979.5,87,0,129,0,42,0,129,42,,,,,,
2026-10-06 12:58:40,7925.0,7979.5,1380,71,216,4,0,0,220,0,,,,,,
2026-10-06 12:58:40,7930.0,7984.5,1177,39,19,1,0,0,20,0,,,,,,
2026-10-06 12:58:40,7935.0,7989.5,3433,45,108,4,0,0,112,0,,,,,,
2026-10-06 12:58:40,7940.0,7994.5,926,34,424,9,0,0,433,0,,,,,,
2026-10-06 12:58:40,7945.0,7999.5,455,32,78,0,0,0,78,0,,,,,,
2026-10-06 12:58:40,7950.0,8004.5,292,0,47,0,0,0,47,0,,,,,,
2026-10-06 12:58:40,7950.0,8004.5,1402,0,31,0,0,0,31,0,,,,,,
2026-10-06 12:58:40,7950.0,8004.5,217,2,32,0,0,0,32,0,,,,,,
2026-10-06 12:58:40,7950.0,8004.5,4671,693,219,5,0,0,224,0,,,,,,
2026-10-06 12:58:40,7955.0,8009.5,3326,30,44,6,0,0,50,0,,,,,,
2026-10-06 12:58:40,7960.0,8014.5,861,32,531,0,0,0,531,0,,,,,,
2026-10-06 12:58:40,7965.0,8019.5,214,16,74,0,0,0,74,0,,,,,,
2026-10-06 12:58:40,7970.0,8024.5,3258,17,75,0,0,0,75,0,,,,,,
2026-10-06 12:58:40,7975.0,8029.5,37,2,73,0,36,0,73,36,,,,,,
2026-10-06 12:58:40,7975.0,8029.5,574,2,41,0,0,0,41,0,,,,,,
2026-10-06 12:58:40,7975.0,8029.5,211,0,49,0,0,0,49,0,,,,,,
2026-10-06 12:58:40,7975.0,8029.5,1512,21,302,0,0,0,302,0,,,,,,
2026-10-06 12:58:40,7980.0,8034.5,164,19,63,0,0,0,63,0,,,,,,
2026-10-06 12:58:40,7985.0,8039.5,153,16,4,0,0,0,4,0,,,,,,
2026-10-06 12:58:40,7990.0,8044.5,675,12,41,0,0,0,41,0,,,,,,
2026-10-06 12:58:40,7995.0,8049.5,179,16,63,0,0,0,63,0,,,,,,
2026-10-06 12:58:40,8000.0,8054.5,118,0,48,1,0,1,49,1,,,,,,
2026-10-06 12:58:40,8000.0,8054.5,784,0,106,0,0,0,106,0,,,,,,
2026-10-06 12:58:40,8000.0,8054.5,84,0,28,0,0,0,28,0,,,,,,
2026-10-06 12:58:40,8000.0,8054.5,25096,1477,2116,702,0,0,2818,0,4,3,,,,
2026-10-06 12:58:40,8005.0,8059.5,694,19,25,0,0,0,25,0,,,,,,
2026-10-06 12:58:40,8010.0,8064.5,275,4,58,0,0,0,58,0,,,,,,
2026-10-06 12:58:40,8015.0,8069.5,474,10,39,0,0,0,39,0,,,,,,
2026-10-06 12:58:40,8020.0,8074.5,898,1,61,10,0,9,71,9,,,,,,
2026-10-06 12:58:40,8025.0,8079.5,100,0,9,0,0,0,9,0,,,,,,
2026-10-06 12:58:40,8025.0,8079.5,316,0,22,0,0,0,22,0,,,,,,
2026-10-06 12:58:40,8025.0,8079.5,35,0,61,0,26,0,61,26,,,,,,
2026-10-06 12:58:40,8025.0,8079.5,1485,8,124,2,0,0,126,0,,,,,,
2026-10-06 12:58:40,8030.0,8084.5,298,13,43,1,0,0,44,0,,,,,,
2026-10-06 12:58:40,8035.0,8089.5,349,315,60,0,0,0,60,0,,,,,,
2026-10-06 12:58:40,8040.0,8094.5,538,6,99,0,0,0,99,0,,,,,,
2026-10-06 12:58:40,8045.0,8099.5,207,11,10,0,0,0,10,0,,,,,,
2026-10-06 12:58:40,8050.0,8104.5,64,0,47,0,0,0,47,0,,,,,,
2026-10-06 12:58:40,8050.0,8104.5,106,0,4,0,0,0,4,0,,,,,,
2026-10-06 12:58:40,8050.0,8104.5,116,0,22,0,0,0,22,0,,,,,,
2026-10-06 12:58:40,8050.0,8104.5,22506,24,1231,0,0,0,1231,0,,,,,,
2026-10-06 12:58:40,8055.0,8109.5,146,3,26,0,0,0,26,0,,,,,,
2026-10-06 12:58:40,8060.0,8114.5,187,5,415,0,228,0,415,228,,,,,5,
2026-10-06 12:58:40,8065.0,8119.5,94,20,67,0,0,0,67,0,,,,,,
2026-10-06 12:58:40,8070.0,8124.5,231,2,53,0,0,0,53,0,,,,,,
2026-10-06 12:58:40,8075.0,8129.5,48,0,28,0,0,0,28,0,,,,,,
2026-10-06 12:58:40,8075.0,8129.5,125,0,11,0,0,0,11,0,,,,,,
2026-10-06 12:58:40,8075.0,8129.5,30,0,5,0,0,0,5,0,,,,,,
2026-10-06 12:58:40,8075.0,8129.5,1467,6,55,0,0,0,55,0,,,,,,
2026-10-06 12:58:40,8080.0,8134.5,139,0,54,0,0,0,54,0,,,,,,
2026-10-06 12:58:40,8085.0,8139.5,111,3,39,0,0,0,39,0,,,,,,
2026-10-06 12:58:40,8090.0,8144.5,261,3,26,0,0,0,26,0,,,,,,
2026-10-06 12:58:40,8095.0,8149.5,116,10,4,0,0,0,4,0,,,,,,
2026-10-06 12:58:40,8100.0,8154.5,121,0,23,0,0,0,23,0,,,,,,
2026-10-06 12:58:40,8100.0,8154.5,174,0,43,0,0,0,43,0,,,,,,
2026-10-06 12:58:40,8100.0,8154.5,58,0,3,0,0,0,3,0,,,,,,
2026-10-06 12:58:40,8100.0,8154.5,4477,14,874,0,0,0,874,0,,,,,,
2026-10-06 12:58:40,8105.0,8159.5,124,0,48,0,0,0,48,0,,,,,,
2026-10-06 12:58:40,8110.0,8164.5,158,7,43,0,0,0,43,0,,,,,,
2026-10-06 12:58:40,8115.0,8169.5,112,3,54,0,0,0,54,0,,,,,,
2026-10-06 12:58:40,8120.0,8174.5,570,0,213,0,0,0,213,0,,,,,,
2026-10-06 12:58:40,8125.0,8179.5,18,0,54,0,36,0,54,36,,,,,,
2026-10-06 12:58:40,8125.0,8179.5,24,0,30,0,6,0,30,6,,,,,,
2026-10-06 12:58:40,8125.0,8179.5,21,0,3,0,0,0,3,0,,,,,,
2026-10-06 12:58:40,8125.0,8179.5,857,11,138,0,0,0,138,0,,,,,,
2026-10-06 12:58:40,8130.0,8184.5,283,3,49,0,0,0,49,0,,,,,,
2026-10-06 12:58:40,8135.0,8189.5,103,0,8,0,0,0,8,0,,,,,,
2026-10-06 12:58:40,8140.0,8194.5,95,0,54,0,0,0,54,0,,,,,,
2026-10-06 12:58:40,8145.0,8199.5,76,0,3,0,0,0,3,0,,,,,,
2026-10-06 12:58:40,8150.0,8204.5,24,0,60,0,36,0,60,36,,,,,,
2026-10-06 12:58:40,8150.0,8204.5,12,0,19,0,7,0,19,7,,,,,,
2026-10-06 12:58:40,8150.0,8204.5,12,0,3,0,0,0,3,0,,,,,,
2026-10-06 12:58:40,8150.0,8204.5,2709,8,94,0,0,0,94,0,,,,,,
2026-10-06 12:58:40,8155.0,8209.5,109,0,11,0,0,0,11,0,,,,,,
2026-10-06 12:58:40,8160.0,8214.5,119,1,21,0,0,0,21,0,,,,,,
2026-10-06 12:58:40,8165.0,8219.5,64,0,14,0,0,0,14,0,,,,,,
2026-10-06 12:58:40,8170.0,8224.5,278,0,13,0,0,0,13,0,,,,,,
2026-10-06 12:58:40,8175.0,8229.5,1152,0,7,0,0,0,7,0,,,,,,
2026-10-06 12:58:40,8175.0,8229.5,808,0,0,0,0,0,0,0,,,,,,
2026-10-06 12:58:40,8175.0,8229.5,19,0,0,0,0,0,0,0,,,,,,
2026-10-06 12:58:40,8175.0,8229.5,231,0,29,0,0,0,29,0,,,,,,
2026-10-06 12:58:40,8180.0,8234.5,93,0,17,0,0,0,17,0,,,,,,
2026-10-06 12:58:40,8185.0,8239.5,163,0,14,0,0,0,14,0,,,,,,
2026-10-06 12:58:40,8190.0,8244.5,113,0,19,0,0,0,19,0,,,,,,
2026-10-06 12:58:40,8195.0,8249.5,112,0,10,0,0,0,10,0,,,,,,
2026-10-06 12:58:40,8200.0,8254.5,930,0,1,0,0,0,1,0,,,,,,
2026-10-06 12:58:40,8200.0,8254.5,27,1,7,0,0,0,7,0,,,,,,
2026-10-06 12:58:40,8200.0,8254.5,18,0,1,0,0,0,1,0,,,,,,
2026-10-06 12:58:40,8200.0,8254.5,3232,5,115,0,0,0,115,0,,,,,,
2026-10-06 12:58:40,8205.0,8259.5,41,0,8,0,0,0,8,0,,,,,,
2026-10-06 12:58:40,8210.0,8264.5,110,3,160,0,50,0,160,50,,,,,,
2026-10-06 12:58:40,8220.0,8274.5,53,0,150,0,97,0,150,97,,,,,,
2026-10-06 12:58:40,8225.0,8279.5,96,0,2,0,0,0,2,0,,,,,,
2026-10-06 12:58:40,8225.0,8279.5,2,0,0,0,0,0,0,0,,,,,,
2026-10-06 12:58:40,8225.0,8279.5,3,0,3,0,0,0,3,0,,,,,,
2026-10-06 12:58:40,8225.0,8279.5,146,0,18,0,0,0,18,0,,,,,,
2026-10-06 12:58:40,8230.0,8284.5,114,0,52,0,0,0,52,0,,,,,,
2026-10-06 12:58:40,8240.0,8294.5,51,0,54,0,3,0,54,3,,,,,,
2026-10-06 12:58:40,8250.0,8304.5,2,0,1,0,0,0,1,0,,,,,,
2026-10-06 12:58:40,8250.0,8304.5,2,1,0,0,0,0,0,0,,,,,,
2026-10-06 12:58:40,8250.0,8304.5,75,0,1,0,0,0,1,0,,,,,,
2026-10-06 12:58:40,8250.0,8304.5,1740,1,24,0,0,0,24,0,,,,,,
2026-10-06 12:58:40,8260.0,8314.5,53,0,3,0,0,0,3,0,,,,,,
2026-10-06 12:58:40,8270.0,8324.5,115,0,2,0,0,0,2,0,,,,,,
2026-10-06 12:58:40,8275.0,8329.5,0,0,0,0,0,0,0,0,,,,,,
2026-10-06 12:58:40,8275.0,8329.5,0,1,1,0,1,0,1,1,,,,,,
2026-10-06 12:58:40,8275.0,8329.5,3,0,1,0,0,0,1,0,,,,,,
2026-10-06 12:58:40,8275.0,8329.5,104,0,0,0,0,0,0,0,,,,,,
2026-10-06 12:58:40,8280.0,8334.5,198,0,221,1,23,1,222,24,,,,,,
2026-10-06 12:58:40,8290.0,8344.5,111,0,4,1,0,1,5,1,,,,,,
2026-10-06 12:58:40,8300.0,8354.5,15,0,18,0,3,0,18,3,,,,,,
2026-10-06 12:58:40,8300.0,8354.5,2005,1,3,0,0,0,3,0,,,,,,
2026-10-06 12:58:40,8300.0,8354.5,29,0,0,0,0,0,0,0,,,,,,
2026-10-06 12:58:40,8300.0,8354.5,4532,7,100,0,0,0,100,0,,,,,,
2026-10-06 12:58:40,8310.0,8364.5,122,2,1,0,0,0,1,0,,,,,,
2026-10-06 12:58:40,8320.0,8374.5,96,0,0,0,0,0,0,0,,,,,,
2026-10-06 12:58:40,8325.0,8379.5,158,0,10,0,0,0,10,0,,,,,,
2026-10-06 12:58:40,8330.0,8384.5,71,0,1,0,0,0,1,0,,,,,,
2026-10-06 12:58:40,8340.0,8394.5,278,1,1,0,0,0,1,0,,,,,,
2026-10-06 12:58:40,8350.0,8404.5,527,34,10,0,0,0,10,0,,,,,,
2026-10-06 12:58:40,8360.0,8414.5,154,1,6,0,0,0,6,0,,,,,,
2026-10-06 12:58:40,8370.0,8424.5,17,0,1,0,0,0,1,0,,,,,,
2026-10-06 12:58:40,8375.0,8429.5,202,0,1,0,0,0,1,0,,,,,,
2026-10-06 12:58:40,8380.0,8434.5,330,0,0,0,0,0,0,0,,,,,,
2026-10-06 12:58:40,8390.0,8444.5,158,0,7,0,0,0,7,0,,,,,,
2026-10-06 12:58:40,8400.0,8454.5,9,0,3,0,0,0,3,0,,,,,,
2026-10-06 12:58:40,8400.0,8454.5,2005,0,0,0,0,0,0,0,,,,,,
2026-10-06 12:58:40,8400.0,8454.5,21,0,0,0,0,0,0,0,,,,,,
2026-10-06 12:58:40,8400.0,8454.5,654,0,68,0,0,0,68,0,,,,,,
2026-10-06 12:58:40,8410.0,8464.5,4837,0,1,0,0,0,1,0,,,,,,
2026-10-06 12:58:40,8420.0,8474.5,306,0,4,0,0,0,4,0,,,,,,
2026-10-06 12:58:40,8425.0,8479.5,421,0,0,0,0,0,0,0,,,,,,
2026-10-06 12:58:40,8430.0,8484.5,25,0,0,0,0,0,0,0,,,,,,
2026-10-06 12:58:40,8440.0,8494.5,20,0,7,0,0,0,7,0,,,,,,
2026-10-06 12:58:40,8450.0,8504.5,291,0,11,0,0,0,11,0,,,,,,
2026-10-06 12:58:40,8460.0,8514.5,22,0,0,0,0,0,0,0,,,,,,
2026-10-06 12:58:40,8470.0,8524.5,29,0,0,0,0,0,0,0,,,,,,
2026-10-06 12:58:40,8475.0,8529.5,96,1,2,0,0,0,2,0,,,,,,
2026-10-06 12:58:40,8480.0,8534.5,94,0,0,0,0,0,0,0,,,,,,
2026-10-06 12:58:40,8490.0,8544.5,5038,0,0,0,0,0,0,0,,,,,,
2026-10-06 12:58:40,8500.0,8554.5,1,0,0,0,0,0,0,0,,,,,,
2026-10-06 12:58:40,8500.0,8554.5,2,0,1,0,0,0,1,0,,,,,,
2026-10-06 12:58:40,8500.0,8554.5,2,1,0,0,0,0,0,0,,,,,,
2026-10-06 12:58:40,8500.0,8554.5,1263,4,251,0,0,0,251,0,,,,,,
2026-10-06 12:58:40,8510.0,8564.5,130,0,0,0,0,0,0,0,,,,,,
2026-10-06 12:58:40,8520.0,8574.5,10,0,0,0,0,0,0,0,,,,,,
2026-10-06 12:58:40,8525.0,8579.5,272,3,2,0,0,0,2,0,,,,,,
2026-10-06 12:58:40,8530.0,8584.5,14,3,0,0,0,0,0,0,,,,,,
2026-10-06 12:58:40,8540.0,8594.5,4704,0,0,0,0,0,0,0,,,,,,
2026-10-06 12:58:40,8550.0,8604.5,8446,0,0,0,0,0,0,0,,,,,,
2026-10-06 12:58:40,8560.0,8614.5,4825,0,0,0,0,0,0,0,,,,,,
2026-10-06 12:58:40,8570.0,8624.5,4811,0,0,0,0,0,0,0,,,,,,
2026-10-06 12:58:40,8575.0,8629.5,6022,1,0,0,0,0,0,0,,,,,,
2026-10-06 12:58:40,8580.0,8634.5,959,0,1,0,0,0,1,0,,,,,,
2026-10-06 12:58:40,8600.0,8654.5,11,0,0,0,0,0,0,0,,,,,,
2026-10-06 12:58:40,8600.0,8654.5,34,0,1,0,0,0,1,0,,,,,,
2026-10-06 12:58:40,8600.0,8654.5,10,0,7,0,0,0,7,0,,,,,,
2026-10-06 12:58:40,8600.0,8654.5,10427,1,7,0,0,0,7,0,,,,,,
2026-10-06 12:58:40,8625.0,8679.5,86,0,0,0,0,0,0,0,,,,,,
2026-10-06 12:58:40,8650.0,8704.5,189,1,6,0,0,0,6,0,,,,,,
2026-10-06 12:58:40,8700.0,8754.5,1073,2,1,0,0,0,1,0,,,,,,
2026-10-06 12:58:40,8800.0,8854.5,5,0,0,0,0,0,0,0,,,,,,
2026-10-06 12:58:40,8800.0,8854.5,2,0,0,0,0,0,0,0,,,,,,
2026-10-06 12:58:40,8800.0,8854.5,101,0,0,0,0,0,0,0,,,,,,
2026-10-06 12:58:40,8800.0,8854.5,4954,2,7,0,0,0,7,0,,,,,,
2026-10-06 12:58:40,8900.0,8954.5,9716,0,0,0,0,0,0,0,,,,,,
2026-10-06 12:58:40,9000.0,9054.5,1,0,0,0,0,0,0,0,,,,,,
2026-10-06 12:58:40,9000.0,9054.5,5,0,0,0,0,0,0,0,,,,,,
2026-10-06 12:58:40,9000.0,9054.5,3,0,0,0,0,0,0,0,,,,,,
2026-10-06 12:58:40,9000.0,9054.5,33621,6,0,0,0,0,0,0,,,,,,
2026-10-06 12:58:40,9100.0,9154.5,6,0,0,0,0,0,0,0,,,,,,
2026-10-06 12:58:40,9200.0,9254.5,0,0,0,0,0,0,0,0,,,,,,
2026-10-06 12:58:40,9200.0,9254.5,0,0,0,0,0,0,0,0,,,,,,
2026-10-06 12:58:40,9200.0,9254.5,2,0,0,0,0,0,0,0,,,,,,
2026-10-06 12:58:40,9200.0,9254.5,395,0,0,0,0,0,0,0,,,,,,
