timestamp,strikePrice,Theo ES,call_oi_sum,put_oi_sum,call_vol_sum,put_vol_sum,adj_call_vol,adj_put_vol,total_vol_sum,adj_sum,TV_Rank,Call_TV_Rank,Put_TV_Rank,Adj_Rank,Call_Adj_Rank,Put_Adj_Rank
2026-10-09 06:44:22,6300.0,6347.5,0,173,0,0,0,0,0,0,,,,,,
2026-10-09 06:44:22,6300.0,6347.5,0,1031,0,0,0,0,0,0,,,,,,
2026-10-09 06:44:22,6300.0,6347.5,0,153,0,0,0,0,0,0,,,,,,
2026-10-09 06:44:22,6300.0,6347.5,0,357,0,0,0,0,0,0,,,,,,
2026-10-09 06:44:22,6300.0,6347.5,0,851,0,0,0,0,0,0,,,,,,
2026-10-09 06:44:22,6300.0,6347.5,0,4,0,0,0,0,0,0,,,,,,
2026-10-09 06:44:22,6300.0,6347.5,0,3,0,0,0,0,0,0,,,,,,
2026-10-09 06:44:22,6300.0,6347.5,0,99,0,0,0,0,0,0,,,,,,
2026-10-09 06:44:22,6300.0,6347.5,0,5,0,0,0,0,0,0,,,,,,
2026-10-09 06:44:22,6300.0,6347.5,0,59668,0,0,0,0,0,0,,,,,,
2026-10-09 06:44:22,6300.0,6347.5,0,0,0,0,0,0,0,0,,,,,,
2026-10-09 06:44:22,6300.0,6347.5,0,0,0,0,0,0,0,0,,,,,,
2026-10-09 06:44:22,6350.0,6397.5,0,59645,0,0,0,0,0,0,,,,,,
2026-10-09 06:44:22,6350.0,6397.5,0,2634,0,0,0,0,0,0,,,,,,
2026-10-09 06:44:22,6400.0,6447.5,0,115,0,0,0,0,0,0,,,,,,
2026-10-09 06:44:22,6400.0,6447.5,0,222,0,0,0,0,0,0,,,,,,
2026-10-09 06:44:22,6400.0,6447.5,0,486,0,0,0,0,0,0,,,,,,
2026-10-09 06:44:22,6400.0,6447.5,0,261,0,0,0,0,0,0,,,,,,
2026-10-09 06:44:22,6400.0,6447.5,0,3271,0,0,0,0,0,0,,,,,,
2026-10-09 06:44:22,6400.0,6447.5,0,109,0,0,0,0,0,0,,,,,,
2026-10-09 06:44:22,6400.0,6447.5,0,85,0,0,0,0,0,0,,,,,,
2026-10-09 06:44:22,6400.0,6447.5,0,1,0,0,0,0,0,0,,,,,,
2026-10-09 06:44:22,6400.0,6447.5,0,24,0,0,0,0,0,0,,,,,,
2026-10-09 06:44:22,6400.0,6447.5,1,65057,0,0,0,0,0,0,,,,,,
2026-10-09 06:44:22,6400.0,6447.5,0,20,0,0,0,0,0,0,,,,,,
2026-10-09 06:44:22,6400.0,6447.5,0,0,0,0,0,0,0,0,,,,,,
2026-10-09 06:44:22,6450.0,6497.5,0,62319,0,0,0,0,0,0,,,,,,
2026-10-09 06:44:22,6450.0,6497.5,0,214,0,0,0,0,0,0,,,,,,
2026-10-09 06:44:22,6500.0,6547.5,0,352,0,0,0,0,0,0,,,,,,
2026-10-09 06:44:22,6500.0,6547.5,0,614,0,0,0,0,0,0,,,,,,
2026-10-09 06:44:22,6500.0,6547.5,0,249,0,0,0,0,0,0,,,,,,
2026-10-09 06:44:22,6500.0,6547.5,0,47,0,0,0,0,0,0,,,,,,
2026-10-09 06:44:22,6500.0,6547.5,0,5203,0,0,0,0,0,0,,,,,,
2026-10-09 06:44:22,6500.0,6547.5,0,32,0,0,0,0,0,0,,,,,,
2026-10-09 06:44:22,6500.0,6547.5,0,21,0,0,0,0,0,0,,,,,,
2026-10-09 06:44:22,6500.0,6547.5,0,4041,0,0,0,0,0,0,,,,,,
2026-10-09 06:44:22,6500.0,6547.5,0,10,0,0,0,0,0,0,,,,,,
2026-10-09 06:44:22,6500.0,6547.5,0,155,0,0,0,0,0,0,,,,,,
2026-10-09 06:44:22,6500.0,6547.5,0,0,0,0,0,0,0,0,,,,,,
2026-10-09 06:44:22,6500.0,6547.5,0,0,0,0,0,0,0,0,,,,,,
2026-10-09 06:44:22,6525.0,6572.5,0,2,0,0,0,0,0,0,,,,,,
2026-10-09 06:44:22,6550.0,6597.5,0,258,0,0,0,0,0,0,,,,,,
2026-10-09 06:44:22,6550.0,6597.5,0,269,0,0,0,0,0,0,,,,,,
2026-10-09 06:44:22,6575.0,6622.5,0,7,0,0,0,0,0,0,,,,,,
2026-10-09 06:44:22,6600.0,6647.5,0,346,0,0,0,0,0,0,,,,,,
2026-10-09 06:44:22,6600.0,6647.5,0,3168,0,0,0,0,0,0,,,,,,
2026-10-09 06:44:22,6600.0,6647.5,0,107,0,0,0,0,0,0,,,,,,
2026-10-09 06:44:22,6600.0,6647.5,0,536,0,0,0,0,0,0,,,,,,
2026-10-09 06:44:22,6600.0,6647.5,0,716,0,0,0,0,0,0,,,,,,
2026-10-09 06:44:22,6600.0,6647.5,0,7,0,0,0,0,0,0,,,,,,
2026-10-09 06:44:22,6600.0,6647.5,0,36,0,0,0,0,0,0,,,,,,
2026-10-09 06:44:22,6600.0,6647.5,0,2,0,0,0,0,0,0,,,,,,
2026-10-09 06:44:22,6600.0,6647.5,0,39,0,0,0,0,0,0,,,,,,
2026-10-09 06:44:22,6600.0,6647.5,1,343,0,0,0,0,0,0,,,,,,
2026-10-09 06:44:22,6600.0,6647.5,0,1,0,0,0,0,0,0,,,,,,
2026-10-09 06:44:22,6600.0,6647.5,0,0,0,0,0,0,0,0,,,,,,
2026-10-09 06:44:22,6625.0,6672.5,0,3,0,0,0,0,0,0,,,,,,
2026-10-09 06:44:22,6625.0,6672.5,0,1,0,0,0,0,0,0,,,,,,
2026-10-09 06:44:22,6625.0,6672.5,0,42,0,0,0,0,0,0,,,,,,
2026-10-09 06:44:22,6625.0,6672.5,0,32,0,0,0,0,0,0,,,,,,
2026-10-09 06:44:22,6625.0,6672.5,0,5,0,0,0,0,0,0,,,,,,
2026-10-09 06:44:22,6650.0,6697.5,0,105,0,0,0,0,0,0,,,,,,
2026-10-09 06:44:22,6650.0,6697.5,0,1,0,0,0,0,0,0,,,,,,
2026-10-09 06:44:22,6650.0,6697.5,0,21,0,0,0,0,0,0,,,,,,
2026-10-09 06:44:22,6650.0,6697.5,0,1,0,0,0,0,0,0,,,,,,
2026-10-09 06:44:22,6650.0,6697.5,0,818,0,0,0,0,0,0,,,,,,
2026-10-09 06:44:22,6650.0,6697.5,1,568,0,0,0,0,0,0,,,,,,
2026-10-09 06:44:22,6675.0,6722.5,0,36,0,0,0,0,0,0,,,,,,
2026-10-09 06:44:22,6675.0,6722.5,0,2,0,0,0,0,0,0,,,,,,
2026-10-09 06:44:22,6675.0,6722.5,0,16,0,0,0,0,0,0,,,,,,
2026-10-09 06:44:22,6675.0,6722.5,0,0,0,0,0,0,0,0,,,,,,
2026-10-09 06:44:22,6675.0,6722.5,1,20,0,0,0,0,0,0,,,,,,
2026-10-09 06:44:22,6675.0,6722.5,0,0,0,0,0,0,0,0,,,,,,
2026-10-09 06:44:22,6675.0,6722.5,0,0,0,0,0,0,0,0,,,,,,
2026-10-09 06:44:22,6675.0,6722.5,0,0,0,0,0,0,0,0,,,,,,
2026-10-09 06:44:22,6675.0,6722.5,0,0,0,0,0,0,0,0,,,,,,
2026-10-09 06:44:22,6675.0,6722.5,0,2,0,0,0,0,0,0,,,,,,
2026-10-09 06:44:22,6700.0,6747.5,0,33,0,20,0,0,20,0,,,,,,
2026-10-09 06:44:22,6700.0,6747.5,0,85,0,20,0,0,20,0,,,,,,
2026-10-09 06:44:22,6700.0,6747.5,0,50,0,0,0,0,0,0,,,,,,
2026-10-09 06:44:22,6700.0,6747.5,0,19,0,0,0,0,0,0,,,,,,
2026-10-09 06:44:22,6700.0,6747.5,3,638,0,0,0,0,0,0,,,,,,
2026-10-09 06:44:22,6700.0,6747.5,0,17,0,0,0,0,0,0,,,,,,
2026-10-09 06:44:22,6700.0,6747.5,0,16,0,1,0,0,1,0,,,,,,
2026-10-09 06:44:22,6700.0,6747.5,0,9,0,0,0,0,0,0,,,,,,
2026-10-09 06:44:22,6700.0,6747.5,0,3,0,0,0,0,0,0,,,,,,
2026-10-09 06:44:22,6700.0,6747.5,16,434,0,0,0,0,0,0,,,,,,
2026-10-09 06:44:22,6700.0,6747.5,0,0,0,0,0,0,0,0,,,,,,
2026-10-09 06:44:22,6700.0,6747.5,0,0,0,0,0,0,0,0,,,,,,
2026-10-09 06:44:22,6725.0,6772.5,0,3,0,0,0,0,0,0,,,,,,
2026-10-09 06:44:22,6725.0,6772.5,0,100,0,0,0,0,0,0,,,,,,
2026-10-09 06:44:22,6725.0,6772.5,0,28,0,0,0,0,0,0,,,,,,
2026-10-09 06:44:22,6725.0,6772.5,0,14,0,0,0,0,0,0,,,,,,
2026-10-09 06:44:22,6725.0,6772.5,50,18,0,0,0,0,0,0,,,,,,
2026-10-09 06:44:22,6725.0,6772.5,0,0,0,1,0,1,1,1,,,,,,
2026-10-09 06:44:22,6725.0,6772.5,0,0,0,0,0,0,0,0,,,,,,
2026-10-09 06:44:22,6725.0,6772.5,0,0,0,0,0,0,0,0,,,,,,
2026-10-09 06:44:22,6725.0,6772.5,0,0,0,0,0,0,0,0,,,,,,
2026-10-09 06:44:22,6725.0,6772.5,0,74,0,0,0,0,0,0,,,,,,
2026-10-09 06:44:22,6750.0,6797.5,0,2,0,0,0,0,0,0,,,,,,
2026-10-09 06:44:22,6750.0,6797.5,0,14,0,0,0,0,0,0,,,,,,
2026-10-09 06:44:22,6750.0,6797.5,1,268,0,0,0,0,0,0,,,,,,
2026-10-09 06:44:22,6750.0,6797.5,0,1,0,0,0,0,0,0,,,,,,
2026-10-09 06:44:22,6750.0,6797.5,0,296,0,0,0,0,0,0,,,,,,
2026-10-09 06:44:22,6750.0,6797.5,0,8,0,5,0,0,5,0,,,,,,
2026-10-09 06:44:22,6750.0,6797.5,0,0,0,0,0,0,0,0,,,,,,
2026-10-09 06:44:22,6750.0,6797.5,0,3,0,0,0,0,0,0,,,,,,
2026-10-09 06:44:22,6750.0,6797.5,0,0,0,0,0,0,0,0,,,,,,
2026-10-09 06:44:22,6750.0,6797.5,135,177,0,0,0,0,0,0,,,,,,
2026-10-09 06:44:22,6775.0,6822.5,0,9,0,0,0,0,0,0,,,,,,
2026-10-09 06:44:22,6775.0,6822.5,0,49,0,0,0,0,0,0,,,,,,
2026-10-09 06:44:22,6775.0,6822.5,1,48,0,0,0,0,0,0,,,,,,
2026-10-09 06:44:22,6775.0,6822.5,0,14,0,0,0,0,0,0,,,,,,
2026-10-09 06:44:22,6775.0,6822.5,0,26,0,0,0,0,0,0,,,,,,
2026-10-09 06:44:22,6775.0,6822.5,0,6,0,0,0,0,0,0,,,,,,
2026-10-09 06:44:22,6775.0,6822.5,0,3,0,0,0,0,0,0,,,,,,
2026-10-09 06:44:22,6775.0,6822.5,0,0,0,0,0,0,0,0,,,,,,
2026-10-09 06:44:22,6775.0,6822.5,0,0,0,0,0,0,0,0,,,,,,
2026-10-09 06:44:22,6775.0,6822.5,0,67,0,0,0,0,0,0,,,,,,
2026-10-09 06:44:22,6800.0,6847.5,0,31,0,0,0,0,0,0,,,,,,
2026-10-09 06:44:22,6800.0,6847.5,0,73,0,0,0,0,0,0,,,,,,
2026-10-09 06:44:22,6800.0,6847.5,0,128,0,0,0,0,0,0,,,,,,
2026-10-09 06:44:22,6800.0,6847.5,0,10,0,0,0,0,0,0,,,,,,
2026-10-09 06:44:22,6800.0,6847.5,0,4255,0,1,0,0,1,0,,,,,,
2026-10-09 06:44:22,6800.0,6847.5,0,193,0,8,0,0,8,0,,,,,,
2026-10-09 06:44:22,6800.0,6847.5,0,13,0,0,0,0,0,0,,,,,,
2026-10-09 06:44:22,6800.0,6847.5,0,8,0,0,0,0,0,0,,,,,,
2026-10-09 06:44:22,6800.0,6847.5,0,10,0,0,0,0,0,0,,,,,,
2026-10-09 06:44:22,6800.0,6847.5,3,1153,0,0,0,0,0,0,,,,,,
2026-10-09 06:44:22,6800.0,6847.5,0,0,0,0,0,0,0,0,,,,,,
2026-10-09 06:44:22,6800.0,6847.5,0,0,0,0,0,0,0,0,,,,,,
2026-10-09 06:44:22,6825.0,6872.5,0,11,0,0,0,0,0,0,,,,,,
2026-10-09 06:44:22,6825.0,6872.5,0,104,0,0,0,0,0,0,,,,,,
2026-10-09 06:44:22,6825.0,6872.5,0,106,0,0,0,0,0,0,,,,,,
2026-10-09 06:44:22,6825.0,6872.5,0,34,0,0,0,0,0,0,,,,,,
2026-10-09 06:44:22,6825.0,6872.5,0,4049,0,0,0,0,0,0,,,,,,
2026-10-09 06:44:22,6825.0,6872.5,0,3,0,0,0,0,0,0,,,,,,
2026-10-09 06:44:22,6825.0,6872.5,0,0,0,0,0,0,0,0,,,,,,
2026-10-09 06:44:22,6825.0,6872.5,0,0,0,0,0,0,0,0,,,,,,
2026-10-09 06:44:22,6825.0,6872.5,0,0,0,0,0,0,0,0,,,,,,
2026-10-09 06:44:22,6825.0,6872.5,0,7,0,0,0,0,0,0,,,,,,
2026-10-09 06:44:22,6850.0,6897.5,0,34,0,0,0,0,0,0,,,,,,
2026-10-09 06:44:22,6850.0,6897.5,0,99,0,0,0,0,0,0,,,,,,
2026-10-09 06:44:22,6850.0,6897.5,0,275,0,0,0,0,0,0,,,,,,
2026-10-09 06:44:22,6850.0,6897.5,0,19,0,0,0,0,0,0,,,,,,
2026-10-09 06:44:22,6850.0,6897.5,0,474,0,0,0,0,0,0,,,,,,
2026-10-09 06:44:22,6850.0,6897.5,0,10,0,3,0,0,3,0,,,,,,
2026-10-09 06:44:22,6850.0,6897.5,0,3,0,0,0,0,0,0,,,,,,
2026-10-09 06:44:22,6850.0,6897.5,0,0,0,0,0,0,0,0,,,,,,
2026-10-09 06:44:22,6850.0,6897.5,0,0,0,0,0,0,0,0,,,,,,
2026-10-09 06:44:22,6850.0,6897.5,0,238,0,0,0,0,0,0,,,,,,
2026-10-09 06:44:22,6875.0,6922.5,0,128,0,0,0,0,0,0,,,,,,
2026-10-09 06:44:22,6875.0,6922.5,0,29,0,0,0,0,0,0,,,,,,
2026-10-09 06:44:22,6875.0,6922.5,0,36,0,0,0,0,0,0,,,,,,
2026-10-09 06:44:22,6875.0,6922.5,0,4,0,0,0,0,0,0,,,,,,
2026-10-09 06:44:22,6875.0,6922.5,0,512,0,0,0,0,0,0,,,,,,
2026-10-09 06:44:22,6875.0,6922.5,0,1,0,0,0,0,0,0,,,,,,
2026-10-09 06:44:22,6875.0,6922.5,0,2,0,0,0,0,0,0,,,,,,
2026-10-09 06:44:22,6875.0,6922.5,0,3,0,0,0,0,0,0,,,,,,
2026-10-09 06:44:22,6875.0,6922.5,0,0,0,0,0,0,0,0,,,,,,
2026-10-09 06:44:22,6875.0,6922.5,0,8,0,0,0,0,0,0,,,,,,
2026-10-09 06:44:22,6900.0,6947.5,0,123,0,0,0,0,0,0,,,,,,
2026-10-09 06:44:22,6900.0,6947.5,0,192,0,0,0,0,0,0,,,,,,
2026-10-09 06:44:22,6900.0,6947.5,0,91,0,0,0,0,0,0,,,,,,
2026-10-09 06:44:22,6900.0,6947.5,0,26,0,0,0,0,0,0,,,,,,
2026-10-09 06:44:22,6900.0,6947.5,0,3015,0,3,0,0,3,0,,,,,,
2026-10-09 06:44:22,6900.0,6947.5,0,32,0,0,0,0,0,0,,,,,,
2026-10-09 06:44:22,6900.0,6947.5,0,11,0,0,0,0,0,0,,,,,,
2026-10-09 06:44:22,6900.0,6947.5,0,721,0,0,0,0,0,0,,,,,,
2026-10-09 06:44:22,6900.0,6947.5,0,0,0,0,0,0,0,0,,,,,,
2026-10-09 06:44:22,6900.0,6947.5,0,593,0,0,0,0,0,0,,,,,,
2026-10-09 06:44:22,6900.0,6947.5,0,6,0,5,0,0,5,0,,,,,,
2026-10-09 06:44:22,6900.0,6947.5,0,0,0,0,0,0,0,0,,,,,,
2026-10-09 06:44:22,6925.0,6972.5,0,28,0,0,0,0,0,0,,,,,,
2026-10-09 06:44:22,6925.0,6972.5,1,81,0,0,0,0,0,0,,,,,,
2026-10-09 06:44:22,6925.0,6972.5,1,35,0,0,0,0,0,0,,,,,,
2026-10-09 06:44:22,6925.0,6972.5,0,90,0,0,0,0,0,0,,,,,,
2026-10-09 06:44:22,6925.0,6972.5,0,572,0,0,0,0,0,0,,,,,,
2026-10-09 06:44:22,6925.0,6972.5,0,0,0,0,0,0,0,0,,,,,,
2026-10-09 06:44:22,6925.0,6972.5,0,1,0,0,0,0,0,0,,,,,,
2026-10-09 06:44:22,6925.0,6972.5,0,2,0,0,0,0,0,0,,,,,,
2026-10-09 06:44:22,6925.0,6972.5,0,0,0,0,0,0,0,0,,,,,,
2026-10-09 06:44:22,6925.0,6972.5,0,21,0,0,0,0,0,0,,,,,,
2026-10-09 06:44:22,6950.0,6997.5,0,42,0,0,0,0,0,0,,,,,,
2026-10-09 06:44:22,6950.0,6997.5,0,65,0,0,0,0,0,0,,,,,,
2026-10-09 06:44:22,6950.0,6997.5,0,239,0,0,0,0,0,0,,,,,,
2026-10-09 06:44:22,6950.0,6997.5,0,106,0,0,0,0,0,0,,,,,,
2026-10-09 06:44:22,6950.0,6997.5,0,491,0,0,0,0,0,0,,,,,,
2026-10-09 06:44:22,6950.0,6997.5,0,2,0,0,0,0,0,0,,,,,,
2026-10-09 06:44:22,6950.0,6997.5,0,17,0,0,0,0,0,0,,,,,,
2026-10-09 06:44:22,6950.0,6997.5,0,15,0,0,0,0,0,0,,,,,,
2026-10-09 06:44:22,6950.0,6997.5,0,0,0,0,0,0,0,0,,,,,,
2026-10-09 06:44:22,6950.0,6997.5,3,825,0,0,0,0,0,0,,,,,,
2026-10-09 06:44:22,6975.0,7022.5,0,31,0,0,0,0,0,0,,,,,,
2026-10-09 06:44:22,6975.0,7022.5,0,104,0,0,0,0,0,0,,,,,,
2026-10-09 06:44:22,6975.0,7022.5,0,166,0,0,0,0,0,0,,,,,,
2026-10-09 06:44:22,6975.0,7022.5,0,39,0,0,0,0,0,0,,,,,,
2026-10-09 06:44:22,6975.0,7022.5,0,8057,0,0,0,0,0,0,,,,,,
2026-10-09 06:44:22,6975.0,7022.5,0,20,0,0,0,0,0,0,,,,,,
2026-10-09 06:44:22,6975.0,7022.5,0,0,0,0,0,0,0,0,,,,,,
2026-10-09 06:44:22,6975.0,7022.5,0,1,0,0,0,0,0,0,,,,,,
2026-10-09 06:44:22,6975.0,7022.5,0,0,0,0,0,0,0,0,,,,,,
2026-10-09 06:44:22,6975.0,7022.5,0,44,0,0,0,0,0,0,,,,,,
2026-10-09 06:44:22,7000.0,7047.5,6,90,0,0,0,0,0,0,,,,,,
2026-10-09 06:44:22,7000.0,7047.5,6,276,0,0,0,0,0,0,,,,,,
2026-10-09 06:44:22,7000.0,7047.5,3,202,0,0,0,0,0,0,,,,,,
2026-10-09 06:44:22,7000.0,7047.5,0,561,0,0,0,0,0,0,,,,,,
2026-10-09 06:44:22,7000.0,7047.5,820,10155,0,2,0,0,2,0,,,,,,
2026-10-09 06:44:22,7000.0,7047.5,0,89,0,0,0,0,0,0,,,,,,
2026-10-09 06:44:22,7000.0,7047.5,0,29,0,0,0,0,0,0,,,,,,
2026-10-09 06:44:22,7000.0,7047.5,0,774,0,0,0,0,0,0,,,,,,
2026-10-09 06:44:22,7000.0,7047.5,0,13,0,0,0,0,0,0,,,,,,
2026-10-09 06:44:22,7000.0,7047.5,911,1408,0,0,0,0,0,0,,,,,,
2026-10-09 06:44:22,7000.0,7047.5,0,0,0,5,0,5,5,5,,,,,,
2026-10-09 06:44:22,7000.0,7047.5,0,0,0,0,0,0,0,0,,,,,,
2026-10-09 06:44:22,7025.0,7072.5,1,709,0,0,0,0,0,0,,,,,,
2026-10-09 06:44:22,7025.0,7072.5,0,76,0,0,0,0,0,0,,,,,,
2026-10-09 06:44:22,7025.0,7072.5,1,150,0,0,0,0,0,0,,,,,,
2026-10-09 06:44:22,7025.0,7072.5,0,29,0,0,0,0,0,0,,,,,,
2026-10-09 06:44:22,7025.0,7072.5,0,710,0,0,0,0,0,0,,,,,,
2026-10-09 06:44:22,7025.0,7072.5,0,20,0,0,0,0,0,0,,,,,,
2026-10-09 06:44:22,7025.0,7072.5,0,0,0,0,0,0,0,0,,,,,,
2026-10-09 06:44:22,7025.0,7072.5,0,6,0,0,0,0,0,0,,,,,,
2026-10-09 06:44:22,7025.0,7072.5,0,0,0,0,0,0,0,0,,,,,,
2026-10-09 06:44:22,7025.0,7072.5,0,131,0,25,0,0,25,0,,,,,,
2026-10-09 06:44:22,7050.0,7097.5,1,42,0,0,0,0,0,0,,,,,,
2026-10-09 06:44:22,7050.0,7097.5,6,312,0,0,0,0,0,0,,,,,,
2026-10-09 06:44:22,7050.0,7097.5,0,654,0,0,0,0,0,0,,,,,,
2026-10-09 06:44:22,7050.0,7097.5,0,34,0,0,0,0,0,0,,,,,,
2026-10-09 06:44:22,7050.0,7097.5,0,1342,0,0,0,0,0,0,,,,,,
2026-10-09 06:44:22,7050.0,7097.5,0,7,0,1,0,0,1,0,,,,,,
2026-10-09 06:44:22,7050.0,7097.5,0,1,0,0,0,0,0,0,,,,,,
2026-10-09 06:44:22,7050.0,7097.5,0,0,0,0,0,0,0,0,,,,,,
2026-10-09 06:44:22,7050.0,7097.5,0,0,0,0,0,0,0,0,,,,,,
2026-10-09 06:44:22,7050.0,7097.5,0,937,0,25,0,0,25,0,,,,,,
2026-10-09 06:44:22,7075.0,7122.5,0,106,0,0,0,0,0,0,,,,,,
2026-10-09 06:44:22,7075.0,7122.5,77,54,0,0,0,0,0,0,,,,,,
2026-10-09 06:44:22,7075.0,7122.5,0,113,0,0,0,0,0,0,,,,,,
2026-10-09 06:44:22,7075.0,7122.5,0,55,0,0,0,0,0,0,,,,,,
2026-10-09 06:44:22,7075.0,7122.5,0,253,0,0,0,0,0,0,,,,,,
2026-10-09 06:44:22,7075.0,7122.5,0,17,0,0,0,0,0,0,,,,,,
2026-10-09 06:44:22,7075.0,7122.5,0,27,0,0,0,0,0,0,,,,,,
2026-10-09 06:44:22,7075.0,7122.5,0,0,0,0,0,0,0,0,,,,,,
2026-10-09 06:44:22,7075.0,7122.5,0,0,0,0,0,0,0,0,,,,,,
2026-10-09 06:44:22,7075.0,7122.5,5,42,0,0,0,0,0,0,,,,,,
2026-10-09 06:44:22,7100.0,7147.5,0,197,0,0,0,0,0,0,,,,,,
2026-10-09 06:44:22,7100.0,7147.5,29,158,0,0,0,0,0,0,,,,,,
2026-10-09 06:44:22,7100.0,7147.5,0,148,0,0,0,0,0,0,,,,,,
2026-10-09 06:44:22,7100.0,7147.5,0,102,0,0,0,0,0,0,,,,,,
2026-10-09 06:44:22,7100.0,7147.5,0,1060,0,0,0,0,0,0,,,,,,
2026-10-09 06:44:22,7100.0,7147.5,0,58,0,0,0,0,0,0,,,,,,
2026-10-09 06:44:22,7100.0,7147.5,0,35,0,0,0,0,0,0,,,,,,
2026-10-09 06:44:22,7100.0,7147.5,0,11,0,0,0,0,0,0,,,,,,
2026-10-09 06:44:22,7100.0,7147.5,0,11,0,0,0,0,0,0,,,,,,
2026-10-09 06:44:22,7100.0,7147.5,13,792,0,1,0,0,1,0,,,,,,
2026-10-09 06:44:22,7100.0,7147.5,0,22,0,0,0,0,0,0,,,,,,
2026-10-09 06:44:22,7100.0,7147.5,0,0,0,1,0,1,1,1,,,,,,
2026-10-09 06:44:22,7110.0,7157.5,0,41,0,0,0,0,0,0,,,,,,
2026-10-09 06:44:22,7120.0,7167.5,0,134,0,0,0,0,0,0,,,,,,
2026-10-09 06:44:22,7125.0,7172.5,0,65,0,0,0,0,0,0,,,,,,
2026-10-09 06:44:22,7125.0,7172.5,4,52,0,0,0,0,0,0,,,,,,
2026-10-09 06:44:22,7125.0,7172.5,0,244,0,0,0,0,0,0,,,,,,
2026-10-09 06:44:22,7125.0,7172.5,0,74,0,0,0,0,0,0,,,,,,
2026-10-09 06:44:22,7125.0,7172.5,0,252,0,1,0,0,1,0,,,,,,
2026-10-09 06:44:22,7125.0,7172.5,0,41,0,0,0,0,0,0,,,,,,
2026-10-09 06:44:22,7125.0,7172.5,0,14,0,0,0,0,0,0,,,,,,
2026-10-09 06:44:22,7125.0,7172.5,0,2,0,0,0,0,0,0,,,,,,
2026-10-09 06:44:22,7125.0,7172.5,0,0,0,0,0,0,0,0,,,,,,
2026-10-09 06:44:22,7125.0,7172.5,0,133,0,0,0,0,0,0,,,,,,
2026-10-09 06:44:22,7130.0,7177.5,0,93,0,0,0,0,0,0,,,,,,
2026-10-09 06:44:22,7140.0,7187.5,0,56,0,0,0,0,0,0,,,,,,
2026-10-09 06:44:22,7150.0,7197.5,0,117,0,0,0,0,0,0,,,,,,
2026-10-09 06:44:22,7150.0,7197.5,19,100,0,0,0,0,0,0,,,,,,
2026-10-09 06:44:22,7150.0,7197.5,0,152,0,0,0,0,0,0,,,,,,
2026-10-09 06:44:22,7150.0,7197.5,0,90,0,0,0,0,0,0,,,,,,
2026-10-09 06:44:22,7150.0,7197.5,71,364,0,10,0,0,10,0,,,,,,
2026-10-09 06:44:22,7150.0,7197.5,0,39,0,0,0,0,0,0,,,,,,
2026-10-09 06:44:22,7150.0,7197.5,0,134,0,0,0,0,0,0,,,,,,
2026-10-09 06:44:22,7150.0,7197.5,0,56,0,0,0,0,0,0,,,,,,
2026-10-09 06:44:22,7150.0,7197.5,0,27,0,0,0,0,0,0,,,,,,
2026-10-09 06:44:22,7150.0,7197.5,0,339,0,0,0,0,0,0,,,,,,
2026-10-09 06:44:22,7150.0,7197.5,0,0,0,0,0,0,0,0,,,,,,
2026-10-09 06:44:22,7160.0,7207.5,0,28,0,1,0,0,1,0,,,,,,
2026-10-09 06:44:22,7170.0,7217.5,0,6,0,0,0,0,0,0,,,,,,
2026-10-09 06:44:22,7175.0,7222.5,0,60,0,0,0,0,0,0,,,,,,
2026-10-09 06:44:22,7175.0,7222.5,0,177,0,0,0,0,0,0,,,,,,
2026-10-09 06:44:22,7175.0,7222.5,0,132,0,0,0,0,0,0,,,,,,
2026-10-09 06:44:22,7175.0,7222.5,0,62,0,0,0,0,0,0,,,,,,
2026-10-09 06:44:22,7175.0,7222.5,0,171,0,1,0,0,1,0,,,,,,
2026-10-09 06:44:22,7175.0,7222.5,0,71,0,0,0,0,0,0,,,,,,
2026-10-09 06:44:22,7175.0,7222.5,0,17,0,0,0,0,0,0,,,,,,
2026-10-09 06:44:22,7175.0,7222.5,0,7,0,0,0,0,0,0,,,,,,
2026-10-09 06:44:22,7175.0,7222.5,0,10,0,0,0,0,0,0,,,,,,
2026-10-09 06:44:22,7175.0,7222.5,0,149,0,0,0,0,0,0,,,,,,
2026-10-09 06:44:22,7175.0,7222.5,0,0,0,0,0,0,0,0,,,,,,
2026-10-09 06:44:22,7180.0,7227.5,0,170,0,0,0,0,0,0,,,,,,
2026-10-09 06:44:22,7190.0,7237.5,0,131,0,0,0,0,0,0,,,,,,
2026-10-09 06:44:22,7200.0,7247.5,0,67,0,0,0,0,0,0,,,,,,
2026-10-09 06:44:22,7200.0,7247.5,7,284,0,0,0,0,0,0,,,,,,
2026-10-09 06:44:22,7200.0,7247.5,0,93,0,0,0,0,0,0,,,,,,
2026-10-09 06:44:22,7200.0,7247.5,2,568,0,0,0,0,0,0,,,,,,
2026-10-09 06:44:22,7200.0,7247.5,4,698,0,10,0,0,10,0,,,,,,
2026-10-09 06:44:22,7200.0,7247.5,0,78,0,1,0,0,1,0,,,,,,
2026-10-09 06:44:22,7200.0,7247.5,0,20,0,2,0,0,2,0,,,,,,
2026-10-09 06:44:22,7200.0,7247.5,0,21,0,0,0,0,0,0,,,,,,
2026-10-09 06:44:22,7200.0,7247.5,0,54,0,0,0,0,0,0,,,,,,
2026-10-09 06:44:22,7200.0,7247.5,5,473,0,2,0,0,2,0,,,,,,
2026-10-09 06:44:22,7200.0,7247.5,0,22,0,0,0,0,0,0,,,,,,
2026-10-09 06:44:22,7200.0,7247.5,0,0,0,0,0,0,0,0,,,,,,
2026-10-09 06:44:22,7210.0,7257.5,0,31,0,1,0,0,1,0,,,,,,
2026-10-09 06:44:22,7220.0,7267.5,200,28,0,0,0,0,0,0,,,,,,
2026-10-09 06:44:22,7225.0,7272.5,1,126,0,0,0,0,0,0,,,,,,
2026-10-09 06:44:22,7225.0,7272.5,1,47,0,0,0,0,0,0,,,,,,
2026-10-09 06:44:22,7225.0,7272.5,10,65,0,1,0,0,1,0,,,,,,
2026-10-09 06:44:22,7225.0,7272.5,0,42,0,0,0,0,0,0,,,,,,
2026-10-09 06:44:22,7225.0,7272.5,0,627,0,0,0,0,0,0,,,,,,
2026-10-09 06:44:22,7225.0,7272.5,0,20,0,0,0,0,0,0,,,,,,
2026-10-09 06:44:22,7225.0,7272.5,0,15,0,0,0,0,0,0,,,,,,
2026-10-09 06:44:22,7225.0,7272.5,0,18,0,0,0,0,0,0,,,,,,
2026-10-09 06:44:22,7225.0,7272.5,0,5,0,0,0,0,0,0,,,,,,
2026-10-09 06:44:22,7225.0,7272.5,98,224,0,0,0,0,0,0,,,,,,
2026-10-09 06:44:22,7225.0,7272.5,0,8,0,1,0,0,1,0,,,,,,
2026-10-09 06:44:22,7225.0,7272.5,0,0,0,0,0,0,0,0,,,,,,
2026-10-09 06:44:22,7230.0,7277.5,3,16,0,0,0,0,0,0,,,,,,
2026-10-09 06:44:22,7240.0,7287.5,0,52,0,0,0,0,0,0,,,,,,
2026-10-09 06:44:22,7250.0,7297.5,1,365,0,0,0,0,0,0,,,,,,
2026-10-09 06:44:22,7250.0,7297.5,2,197,0,0,0,0,0,0,,,,,,
2026-10-09 06:44:22,7250.0,7297.5,1,164,0,2,0,0,2,0,,,,,,
2026-10-09 06:44:22,7250.0,7297.5,0,113,0,0,0,0,0,0,,,,,,
2026-10-09 06:44:22,7250.0,7297.5,1,1370,0,12,0,0,12,0,,,,,,
2026-10-09 06:44:22,7250.0,7297.5,0,222,0,2,0,0,2,0,,,,,,
2026-10-09 06:44:22,7250.0,7297.5,9,40,0,2,0,0,2,0,,,,,,
2026-10-09 06:44:22,7250.0,7297.5,0,101,0,0,0,0,0,0,,,,,,
2026-10-09 06:44:22,7250.0,7297.5,0,29,0,0,0,0,0,0,,,,,,
2026-10-09 06:44:22,7250.0,7297.5,0,511,0,15,0,0,15,0,,,,,,
2026-10-09 06:44:22,7250.0,7297.5,0,36,0,0,0,0,0,0,,,,,,
2026-10-09 06:44:22,7250.0,7297.5,0,0,0,0,0,0,0,0,,,,,,
2026-10-09 06:44:22,7260.0,7307.5,0,109,0,0,0,0,0,0,,,,,,
2026-10-09 06:44:22,7260.0,7307.5,3,3,0,0,0,0,0,0,,,,,,
2026-10-09 06:44:22,7270.0,7317.5,0,47,0,0,0,0,0,0,,,,,,
2026-10-09 06:44:22,7270.0,7317.5,0,8,0,0,0,0,0,0,,,,,,
2026-10-09 06:44:22,7275.0,7322.5,0,254,0,0,0,0,0,0,,,,,,
2026-10-09 06:44:22,7275.0,7322.5,37,111,0,2,0,0,2,0,,,,,,
2026-10-09 06:44:22,7275.0,7322.5,0,95,0,2,0,0,2,0,,,,,,
2026-10-09 06:44:22,7275.0,7322.5,0,80,0,0,0,0,0,0,,,,,,
2026-10-09 06:44:22,7275.0,7322.5,48,460,0,4,0,0,4,0,,,,,,
2026-10-09 06:44:22,7275.0,7322.5,0,36,0,14,0,0,14,0,,,,,,
2026-10-09 06:44:22,7275.0,7322.5,0,21,0,0,0,0,0,0,,,,,,
2026-10-09 06:44:22,7275.0,7322.5,0,30,0,0,0,0,0,0,,,,,,
2026-10-09 06:44:22,7275.0,7322.5,0,23,0,0,0,0,0,0,,,,,,
2026-10-09 06:44:22,7275.0,7322.5,0,768,0,0,0,0,0,0,,,,,,
2026-10-09 06:44:22,7275.0,7322.5,0,11,0,0,0,0,0,0,,,,,,
2026-10-09 06:44:22,7275.0,7322.5,0,0,0,0,0,0,0,0,,,,,,
2026-10-09 06:44:22,7280.0,7327.5,0,67,0,0,0,0,0,0,,,,,,
2026-10-09 06:44:22,7280.0,7327.5,0,12,0,0,0,0,0,0,,,,,,
2026-10-09 06:44:22,7290.0,7337.5,0,120,0,0,0,0,0,0,,,,,,
2026-10-09 06:44:22,7290.0,7337.5,0,14,0,0,0,0,0,0,,,,,,
2026-10-09 06:44:22,7300.0,7347.5,0,87,0,0,0,0,0,0,,,,,,
2026-10-09 06:44:22,7300.0,7347.5,5,404,0,2,0,0,2,0,,,,,,
2026-10-09 06:44:22,7300.0,7347.5,3,786,0,1,0,0,1,0,,,,,,
2026-10-09 06:44:22,7300.0,7347.5,0,158,0,0,0,0,0,0,,,,,,
2026-10-09 06:44:22,7300.0,7347.5,4,827,0,12,0,0,12,0,,,,,,
2026-10-09 06:44:22,7300.0,7347.5,2,256,0,5,0,0,5,0,,,,,,
2026-10-09 06:44:22,7300.0,7347.5,0,51,0,0,0,0,0,0,,,,,,
2026-10-09 06:44:22,7300.0,7347.5,0,52,0,0,0,0,0,0,,,,,,
2026-10-09 06:44:22,7300.0,7347.5,0,37,0,0,0,0,0,0,,,,,,
2026-10-09 06:44:22,7300.0,7347.5,6,500,0,18,0,0,18,0,,,,,,
2026-10-09 06:44:22,7300.0,7347.5,0,20,0,0,0,0,0,0,,,,,,
2026-10-09 06:44:22,7300.0,7347.5,0,0,0,0,0,0,0,0,,,,,,
2026-10-09 06:44:22,7310.0,7357.5,0,32,0,0,0,0,0,0,,,,,,
2026-10-09 06:44:22,7310.0,7357.5,0,5,0,0,0,0,0,0,,,,,,
2026-10-09 06:44:22,7320.0,7367.5,0,40,0,0,0,0,0,0,,,,,,
2026-10-09 06:44:22,7320.0,7367.5,0,29,0,2,0,0,2,0,,,,,,
2026-10-09 06:44:22,7325.0,7372.5,0,304,0,0,0,0,0,0,,,,,,
2026-10-09 06:44:22,7325.0,7372.5,1,234,0,0,0,0,0,0,,,,,,
2026-10-09 06:44:22,7325.0,7372.5,0,116,0,2,0,0,2,0,,,,,,
2026-10-09 06:44:22,7325.0,7372.5,0,42,0,0,0,0,0,0,,,,,,
2026-10-09 06:44:22,7325.0,7372.5,0,431,0,1,0,0,1,0,,,,,,
2026-10-09 06:44:22,7325.0,7372.5,0,45,0,3,0,0,3,0,,,,,,
2026-10-09 06:44:22,7325.0,7372.5,0,44,0,2,0,0,2,0,,,,,,
2026-10-09 06:44:22,7325.0,7372.5,0,22,0,0,0,0,0,0,,,,,,
2026-10-09 06:44:22,7325.0,7372.5,0,10,0,0,0,0,0,0,,,,,,
2026-10-09 06:44:22,7325.0,7372.5,0,211,0,6,0,0,6,0,,,,,,
2026-10-09 06:44:22,7325.0,7372.5,0,8,0,0,0,0,0,0,,,,,,
2026-10-09 06:44:22,7325.0,7372.5,0,0,0,0,0,0,0,0,,,,,,
2026-10-09 06:44:22,7330.0,7377.5,0,104,0,0,0,0,0,0,,,,,,
2026-10-09 06:44:22,7330.0,7377.5,0,6,0,1,0,0,1,0,,,,,,
2026-10-09 06:44:22,7340.0,7387.5,0,140,0,0,0,0,0,0,,,,,,
2026-10-09 06:44:22,7340.0,7387.5,29,42,0,0,0,0,0,0,,,,,,
2026-10-09 06:44:22,7350.0,7397.5,1,135,0,0,0,0,0,0,,,,,,
2026-10-09 06:44:22,7350.0,7397.5,18,118,0,0,0,0,0,0,,,,,,
2026-10-09 06:44:22,7350.0,7397.5,1,243,0,0,0,0,0,0,,,,,,
2026-10-09 06:44:22,7350.0,7397.5,0,87,0,0,0,0,0,0,,,,,,
2026-10-09 06:44:22,7350.0,7397.5,37,581,0,100,0,0,100,0,4,,4,,,
2026-10-09 06:44:22,7350.0,7397.5,1,92,0,0,0,0,0,0,,,,,,
2026-10-09 06:44:22,7350.0,7397.5,0,67,0,0,0,0,0,0,,,,,,
2026-10-09 06:44:22,7350.0,7397.5,0,123,0,0,0,0,0,0,,,,,,
2026-10-09 06:44:22,7350.0,7397.5,0,36,0,0,0,0,0,0,,,,,,
2026-10-09 06:44:22,7350.0,7397.5,1,300,0,1,0,0,1,0,,,,,,
2026-10-09 06:44:22,7350.0,7397.5,0,43,0,0,0,0,0,0,,,,,,
2026-10-09 06:44:22,7350.0,7397.5,0,0,0,0,0,0,0,0,,,,,,
2026-10-09 06:44:22,7360.0,7407.5,250,111,0,0,0,0,0,0,,,,,,
2026-10-09 06:44:22,7360.0,7407.5,0,27,0,0,0,0,0,0,,,,,,
2026-10-09 06:44:22,7370.0,7417.5,1,51,0,0,0,0,0,0,,,,,,
2026-10-09 06:44:22,7370.0,7417.5,250,48,0,7,0,0,7,0,,,,,,
2026-10-09 06:44:22,7375.0,7422.5,0,282,0,0,0,0,0,0,,,,,,
2026-10-09 06:44:22,7375.0,7422.5,1,153,0,0,0,0,0,0,,,,,,
2026-10-09 06:44:22,7375.0,7422.5,0,205,0,1,0,0,1,0,,,,,,
2026-10-09 06:44:22,7375.0,7422.5,0,71,0,0,0,0,0,0,,,,,,
2026-10-09 06:44:22,7375.0,7422.5,4,535,0,8,0,0,8,0,,,,,,
2026-10-09 06:44:22,7375.0,7422.5,0,32,0,8,0,0,8,0,,,,,,
2026-10-09 06:44:22,7375.0,7422.5,0,85,0,0,0,0,0,0,,,,,,
2026-10-09 06:44:22,7375.0,7422.5,0,34,0,0,0,0,0,0,,,,,,
2026-10-09 06:44:22,7375.0,7422.5,0,17,0,0,0,0,0,0,,,,,,
2026-10-09 06:44:22,7375.0,7422.5,0,1102,0,5,0,0,5,0,,,,,,
2026-10-09 06:44:22,7375.0,7422.5,0,12,0,0,0,0,0,0,,,,,,
2026-10-09 06:44:22,7375.0,7422.5,0,0,0,0,0,0,0,0,,,,,,
2026-10-09 06:44:22,7380.0,7427.5,10,223,0,0,0,0,0,0,,,,,,
2026-10-09 06:44:22,7380.0,7427.5,0,20,0,47,0,27,47,27,,,,4,,4
2026-10-09 06:44:22,7390.0,7437.5,1,125,0,0,0,0,0,0,,,,,,
2026-10-09 06:44:22,7390.0,7437.5,0,21,0,10,0,0,10,0,,,,,,
2026-10-09 06:44:22,7400.0,7447.5,2,189,0,3,0,0,3,0,,,,,,
2026-10-09 06:44:22,7400.0,7447.5,7,208,0,117,0,0,117,0,2,,2,,,
2026-10-09 06:44:22,7400.0,7447.5,3,516,0,1,0,0,1,0,,,,,,
2026-10-09 06:44:22,7400.0,7447.5,3,145,0,0,0,0,0,0,,,,,,
2026-10-09 06:44:22,7400.0,7447.5,10,581,0,108,0,0,108,0,3,,3,,,
2026-10-09 06:44:22,7400.0,7447.5,0,56,0,8,0,0,8,0,,,,,,
2026-10-09 06:44:22,7400.0,7447.5,0,93,0,0,0,0,0,0,,,,,,
2026-10-09 06:44:22,7400.0,7447.5,0,93,0,0,0,0,0,0,,,,,,
2026-10-09 06:44:22,7400.0,7447.5,0,28,0,0,0,0,0,0,,,,,,
2026-10-09 06:44:22,7400.0,7447.5,0,319,0,1,0,0,1,0,,,,,,
2026-10-09 06:44:22,7400.0,7447.5,0,3,0,0,0,0,0,0,,,,,,
2026-10-09 06:44:22,7400.0,7447.5,0,0,0,0,0,0,0,0,,,,,,
2026-10-09 06:44:22,7410.0,7457.5,2,112,0,0,0,0,0,0,,,,,,
2026-10-09 06:44:22,7410.0,7457.5,8,48,0,1,0,0,1,0,,,,,,
2026-10-09 06:44:22,7420.0,7467.5,0,58,0,1,0,0,1,0,,,,,,
2026-10-09 06:44:22,7420.0,7467.5,0,22,0,0,0,0,0,0,,,,,,
2026-10-09 06:44:22,7425.0,7472.5,0,289,0,3,0,0,3,0,,,,,,
2026-10-09 06:44:22,7425.0,7472.5,1,91,0,120,0,29,120,29,1,,1,3,,3
2026-10-09 06:44:22,7425.0,7472.5,0,192,0,0,0,0,0,0,,,,,,
2026-10-09 06:44:22,7425.0,7472.5,0,117,0,0,0,0,0,0,,,,,,
2026-10-09 06:44:22,7425.0,7472.5,1,257,0,0,0,0,0,0,,,,,,
2026-10-09 06:44:22,7425.0,7472.5,0,71,0,0,0,0,0,0,,,,,,
2026-10-09 06:44:22,7425.0,7472.5,0,50,0,3,0,0,3,0,,,,,,
2026-10-09 06:44:22,7425.0,7472.5,0,44,0,0,0,0,0,0,,,,,,
2026-10-09 06:44:22,7425.0,7472.5,1,13,0,0,0,0,0,0,,,,,,
2026-10-09 06:44:22,7425.0,7472.5,6,123,0,0,0,0,0,0,,,,,,
2026-10-09 06:44:22,7425.0,7472.5,0,5,0,1,0,0,1,0,,,,,,
2026-10-09 06:44:22,7425.0,7472.5,0,0,0,0,0,0,0,0,,,,,,
2026-10-09 06:44:22,7430.0,7477.5,1,238,0,0,0,0,0,0,,,,,,
2026-10-09 06:44:22,7430.0,7477.5,10,30,0,0,0,0,0,0,,,,,,
2026-10-09 06:44:22,7440.0,7487.5,0,197,0,0,0,0,0,0,,,,,,
2026-10-09 06:44:22,7440.0,7487.5,0,10,0,0,0,0,0,0,,,,,,
2026-10-09 06:44:22,7450.0,7497.5,6,274,0,0,0,0,0,0,,,,,,
2026-10-09 06:44:22,7450.0,7497.5,13,189,0,2,0,0,2,0,,,,,,
2026-10-09 06:44:22,7450.0,7497.5,1,219,0,1,0,0,1,0,,,,,,
2026-10-09 06:44:22,7450.0,7497.5,0,123,0,0,0,0,0,0,,,,,,
2026-10-09 06:44:22,7450.0,7497.5,7,472,0,0,0,0,0,0,,,,,,
2026-10-09 06:44:22,7450.0,7497.5,0,56,0,3,0,0,3,0,,,,,,
2026-10-09 06:44:22,7450.0,7497.5,0,82,0,1,0,0,1,0,,,,,,
2026-10-09 06:44:22,7450.0,7497.5,0,27,0,0,0,0,0,0,,,,,,
2026-10-09 06:44:22,7450.0,7497.5,1,36,0,0,0,0,0,0,,,,,,
2026-10-09 06:44:22,7450.0,7497.5,3,194,0,0,0,0,0,0,,,,,,
2026-10-09 06:44:22,7450.0,7497.5,0,4,0,10,0,6,10,6,,,,,,
2026-10-09 06:44:22,7450.0,7497.5,0,0,0,0,0,0,0,0,,,,,,
2026-10-09 06:44:22,7460.0,7507.5,0,150,0,0,0,0,0,0,,,,,,
2026-10-09 06:44:22,7460.0,7507.5,0,0,0,1,0,1,1,1,,,,,,
2026-10-09 06:44:22,7460.0,7507.5,0,0,0,0,0,0,0,0,,,,,,
2026-10-09 06:44:22,7460.0,7507.5,0,0,0,0,0,0,0,0,,,,,,
2026-10-09 06:44:22,7460.0,7507.5,2,135,0,1,0,0,1,0,,,,,,
2026-10-09 06:44:22,7460.0,7507.5,0,22,0,0,0,0,0,0,,,,,,
2026-10-09 06:44:22,7470.0,7517.5,0,47,0,0,0,0,0,0,,,,,,
2026-10-09 06:44:22,7470.0,7517.5,0,0,0,12,0,12,12,12,,,,,,5
2026-10-09 06:44:22,7470.0,7517.5,0,0,0,0,0,0,0,0,,,,,,
2026-10-09 06:44:22,7470.0,7517.5,0,0,0,0,0,0,0,0,,,,,,
2026-10-09 06:44:22,7470.0,7517.5,5,96,0,0,0,0,0,0,,,,,,
2026-10-09 06:44:22,7470.0,7517.5,0,12,0,0,0,0,0,0,,,,,,
2026-10-09 06:44:22,7475.0,7522.5,0,189,0,0,0,0,0,0,,,,,,
2026-10-09 06:44:22,7475.0,7522.5,17,163,0,7,0,0,7,0,,,,,,
2026-10-09 06:44:22,7475.0,7522.5,1,304,0,1,0,0,1,0,,,,,,
2026-10-09 06:44:22,7475.0,7522.5,1,91,0,0,0,0,0,0,,,,,,
2026-10-09 06:44:22,7475.0,7522.5,2,263,0,2,0,0,2,0,,,,,,
2026-10-09 06:44:22,7475.0,7522.5,0,59,0,16,0,0,16,0,,,,,,
2026-10-09 06:44:22,7475.0,7522.5,18,18,0,2,0,0,2,0,,,,,,
2026-10-09 06:44:22,7475.0,7522.5,0,16,0,0,0,0,0,0,,,,,,
2026-10-09 06:44:22,7475.0,7522.5,0,22,0,0,0,0,0,0,,,,,,
2026-10-09 06:44:22,7475.0,7522.5,2,86,0,6,0,0,6,0,,,,,,
2026-10-09 06:44:22,7475.0,7522.5,0,4,0,10,0,6,10,6,,,,,,
2026-10-09 06:44:22,7475.0,7522.5,0,0,0,0,0,0,0,0,,,,,,
2026-10-09 06:44:22,7480.0,7527.5,0,84,0,0,0,0,0,0,,,,,,
2026-10-09 06:44:22,7480.0,7527.5,0,0,0,6,0,6,6,6,,,,,,
2026-10-09 06:44:22,7480.0,7527.5,0,0,0,1,0,1,1,1,,,,,,
2026-10-09 06:44:22,7480.0,7527.5,0,0,0,0,0,0,0,0,,,,,,
2026-10-09 06:44:22,7480.0,7527.5,15,75,0,0,0,0,0,0,,,,,,
2026-10-09 06:44:22,7480.0,7527.5,0,19,0,0,0,0,0,0,,,,,,
2026-10-09 06:44:22,7490.0,7537.5,0,55,0,0,0,0,0,0,,,,,,
2026-10-09 06:44:22,7490.0,7537.5,0,0,0,1,0,1,1,1,,,,,,
2026-10-09 06:44:22,7490.0,7537.5,0,0,0,0,0,0,0,0,,,,,,
2026-10-09 06:44:22,7490.0,7537.5,0,0,0,0,0,0,0,0,,,,,,
2026-10-09 06:44:22,7490.0,7537.5,1,102,0,0,0,0,0,0,,,,,,
2026-10-09 06:44:22,7490.0,7537.5,3,58,0,0,0,0,0,0,,,,,,
2026-10-09 06:44:22,7500.0,7547.5,13,703,0,0,0,0,0,0,,,,,,
2026-10-09 06:44:22,7500.0,7547.5,24,134,0,0,0,0,0,0,,,,,,
2026-10-09 06:44:22,7500.0,7547.5,2,194,0,0,0,0,0,0,,,,,,
2026-10-09 06:44:22,7500.0,7547.5,0,99,0,0,0,0,0,0,,,,,,
2026-10-09 06:44:22,7500.0,7547.5,35,855,0,1,0,0,1,0,,,,,,
2026-10-09 06:44:22,7500.0,7547.5,0,185,0,15,0,0,15,0,,,,,,
2026-10-09 06:44:22,7500.0,7547.5,0,59,0,0,0,0,0,0,,,,,,
2026-10-09 06:44:22,7500.0,7547.5,0,31,0,0,0,0,0,0,,,,,,
2026-10-09 06:44:22,7500.0,7547.5,0,123,0,0,0,0,0,0,,,,,,
2026-10-09 06:44:22,7500.0,7547.5,14,457,0,1,0,0,1,0,,,,,,
2026-10-09 06:44:22,7500.0,7547.5,1,10,0,1,0,0,1,0,,,,,,
2026-10-09 06:44:22,7500.0,7547.5,0,0,0,0,0,0,0,0,,,,,,
2026-10-09 06:44:22,7510.0,7557.5,0,33,0,0,0,0,0,0,,,,,,
2026-10-09 06:44:22,7510.0,7557.5,0,15,0,0,0,0,0,0,,,,,,
2026-10-09 06:44:22,7510.0,7557.5,0,0,0,0,0,0,0,0,,,,,,
2026-10-09 06:44:22,7510.0,7557.5,0,0,0,0,0,0,0,0,,,,,,
2026-10-09 06:44:22,7510.0,7557.5,6,53,0,0,0,0,0,0,,,,,,
2026-10-09 06:44:22,7510.0,7557.5,0,21,0,0,0,0,0,0,,,,,,
2026-10-09 06:44:22,7520.0,7567.5,1,26,0,0,0,0,0,0,,,,,,
2026-10-09 06:44:22,7520.0,7567.5,0,11,0,0,0,0,0,0,,,,,,
2026-10-09 06:44:22,7520.0,7567.5,0,268,0,0,0,0,0,0,,,,,,
2026-10-09 06:44:22,7520.0,7567.5,0,57,0,0,0,0,0,0,,,,,,
2026-10-09 06:44:22,7520.0,7567.5,10,153,0,0,0,0,0,0,,,,,,
2026-10-09 06:44:22,7520.0,7567.5,0,63,0,0,0,0,0,0,,,,,,
2026-10-09 06:44:22,7525.0,7572.5,14,121,0,0,0,0,0,0,,,,,,
2026-10-09 06:44:22,7525.0,7572.5,9,106,0,0,0,0,0,0,,,,,,
2026-10-09 06:44:22,7525.0,7572.5,3,166,0,6,0,0,6,0,,,,,,
2026-10-09 06:44:22,7525.0,7572.5,1,24,0,0,0,0,0,0,,,,,,
2026-10-09 06:44:22,7525.0,7572.5,3,349,0,2,0,0,2,0,,,,,,
2026-10-09 06:44:22,7525.0,7572.5,2,37,0,0,0,0,0,0,,,,,,
2026-10-09 06:44:22,7525.0,7572.5,0,6,0,1,0,0,1,0,,,,,,
2026-10-09 06:44:22,7525.0,7572.5,0,12,0,0,0,0,0,0,,,,,,
2026-10-09 06:44:22,7525.0,7572.5,0,4,0,0,0,0,0,0,,,,,,
2026-10-09 06:44:22,7525.0,7572.5,7,208,0,6,0,0,6,0,,,,,,
2026-10-09 06:44:22,7525.0,7572.5,1,33,0,0,0,0,0,0,,,,,,
2026-10-09 06:44:22,7525.0,7572.5,0,0,0,0,0,0,0,0,,,,,,
2026-10-09 06:44:22,7530.0,7577.5,34,25,0,0,0,0,0,0,,,,,,
2026-10-09 06:44:22,7530.0,7577.5,34,14,0,0,0,0,0,0,,,,,,
2026-10-09 06:44:22,7530.0,7577.5,0,69,0,0,0,0,0,0,,,,,,
2026-10-09 06:44:22,7530.0,7577.5,0,27,0,0,0,0,0,0,,,,,,
2026-10-09 06:44:22,7530.0,7577.5,2,63,0,1,0,0,1,0,,,,,,
2026-10-09 06:44:22,7530.0,7577.5,5,56,0,0,0,0,0,0,,,,,,
2026-10-09 06:44:22,7540.0,7587.5,4,38,0,0,0,0,0,0,,,,,,
2026-10-09 06:44:22,7540.0,7587.5,0,2,0,0,0,0,0,0,,,,,,
2026-10-09 06:44:22,7540.0,7587.5,0,4,0,0,0,0,0,0,,,,,,
2026-10-09 06:44:22,7540.0,7587.5,0,17,0,0,0,0,0,0,,,,,,
2026-10-09 06:44:22,7540.0,7587.5,39,258,0,0,0,0,0,0,,,,,,
2026-10-09 06:44:22,7540.0,7587.5,0,36,0,0,0,0,0,0,,,,,,
2026-10-09 06:44:22,7550.0,7597.5,24,743,0,0,0,0,0,0,,,,,,
2026-10-09 06:44:22,7550.0,7597.5,26,87,0,0,0,0,0,0,,,,,,
2026-10-09 06:44:22,7550.0,7597.5,8,310,0,0,0,0,0,0,,,,,,
2026-10-09 06:44:22,7550.0,7597.5,1,16,0,0,0,0,0,0,,,,,,
2026-10-09 06:44:22,7550.0,7597.5,23,270,0,2,0,0,2,0,,,,,,
2026-10-09 06:44:22,7550.0,7597.5,2,61,0,0,0,0,0,0,,,,,,
2026-10-09 06:44:22,7550.0,7597.5,0,20,0,0,0,0,0,0,,,,,,
2026-10-09 06:44:22,7550.0,7597.5,0,10,0,0,0,0,0,0,,,,,,
2026-10-09 06:44:22,7550.0,7597.5,0,7,0,0,0,0,0,0,,,,,,
2026-10-09 06:44:22,7550.0,7597.5,16,282,0,0,0,0,0,0,,,,,,
2026-10-09 06:44:22,7550.0,7597.5,0,25,0,0,0,0,0,0,,,,,,
2026-10-09 06:44:22,7550.0,7597.5,0,0,0,0,0,0,0,0,,,,,,
2026-10-09 06:44:22,7560.0,7607.5,0,20,0,0,0,0,0,0,,,,,,
2026-10-09 06:44:22,7560.0,7607.5,0,4,0,0,0,0,0,0,,,,,,
2026-10-09 06:44:22,7560.0,7607.5,0,23,0,0,0,0,0,0,,,,,,
2026-10-09 06:44:22,7560.0,7607.5,0,7,0,0,0,0,0,0,,,,,,
2026-10-09 06:44:22,7560.0,7607.5,7,101,0,0,0,0,0,0,,,,,,
2026-10-09 06:44:22,7560.0,7607.5,0,104,0,25,0,0,25,0,,,,,,
2026-10-09 06:44:22,7570.0,7617.5,3,13,0,0,0,0,0,0,,,,,,
2026-10-09 06:44:22,7570.0,7617.5,0,0,0,0,0,0,0,0,,,,,,
2026-10-09 06:44:22,7570.0,7617.5,0,17,0,0,0,0,0,0,,,,,,
2026-10-09 06:44:22,7570.0,7617.5,0,21,0,0,0,0,0,0,,,,,,
2026-10-09 06:44:22,7570.0,7617.5,5,110,0,0,0,0,0,0,,,,,,
2026-10-09 06:44:22,7570.0,7617.5,0,18,0,0,0,0,0,0,,,,,,
2026-10-09 06:44:22,7575.0,7622.5,7,105,0,0,0,0,0,0,,,,,,
2026-10-09 06:44:22,7575.0,7622.5,4,114,0,5,0,0,5,0,,,,,,
2026-10-09 06:44:22,7575.0,7622.5,2,102,0,1,0,0,1,0,,,,,,
2026-10-09 06:44:22,7575.0,7622.5,1,24,0,0,0,0,0,0,,,,,,
2026-10-09 06:44:22,7575.0,7622.5,7,163,0,1,0,0,1,0,,,,,,
2026-10-09 06:44:22,7575.0,7622.5,0,90,0,3,0,0,3,0,,,,,,
2026-10-09 06:44:22,7575.0,7622.5,0,28,0,0,0,0,0,0,,,,,,
2026-10-09 06:44:22,7575.0,7622.5,0,8,0,0,0,0,0,0,,,,,,
2026-10-09 06:44:22,7575.0,7622.5,0,7,0,0,0,0,0,0,,,,,,
2026-10-09 06:44:22,7575.0,7622.5,5,77,0,0,0,0,0,0,,,,,,
2026-10-09 06:44:22,7575.0,7622.5,0,14,0,0,0,0,0,0,,,,,,
2026-10-09 06:44:22,7575.0,7622.5,0,0,0,0,0,0,0,0,,,,,,
2026-10-09 06:44:22,7580.0,7627.5,1,107,0,0,0,0,0,0,,,,,,
2026-10-09 06:44:22,7580.0,7627.5,0,80,0,0,0,0,0,0,,,,,,
2026-10-09 06:44:22,7580.0,7627.5,34,48,0,0,0,0,0,0,,,,,,
2026-10-09 06:44:22,7580.0,7627.5,34,35,0,0,0,0,0,0,,,,,,
2026-10-09 06:44:22,7580.0,7627.5,4,124,0,0,0,0,0,0,,,,,,
2026-10-09 06:44:22,7580.0,7627.5,7,44,0,0,0,0,0,0,,,,,,
2026-10-09 06:44:22,7585.0,7632.5,0,265,0,1,0,0,1,0,,,,,,
2026-10-09 06:44:22,7590.0,7637.5,1,138,0,10,0,0,10,0,,,,,,
2026-10-09 06:44:22,7590.0,7637.5,10,48,0,0,0,0,0,0,,,,,,
2026-10-09 06:44:22,7590.0,7637.5,1,56,0,0,0,0,0,0,,,,,,
2026-10-09 06:44:22,7590.0,7637.5,0,36,0,0,0,0,0,0,,,,,,
2026-10-09 06:44:22,7590.0,7637.5,4,76,0,0,0,0,0,0,,,,,,
2026-10-09 06:44:22,7590.0,7637.5,0,36,0,0,0,0,0,0,,,,,,
2026-10-09 06:44:22,7595.0,7642.5,0,44,0,5,0,0,5,0,,,,,,
2026-10-09 06:44:22,7600.0,7647.5,33,181,0,0,0,0,0,0,,,,,,
2026-10-09 06:44:22,7600.0,7647.5,11,185,0,0,0,0,0,0,,,,,,
2026-10-09 06:44:22,7600.0,7647.5,40,274,0,11,0,0,11,0,,,,,,
2026-10-09 06:44:22,7600.0,7647.5,9,35,0,0,0,0,0,0,,,,,,
2026-10-09 06:44:22,7600.0,7647.5,42,1357,0,4,0,0,4,0,,,,,,
2026-10-09 06:44:22,7600.0,7647.5,0,100,0,1,0,0,1,0,,,,,,
2026-10-09 06:44:22,7600.0,7647.5,10,24,0,0,0,0,0,0,,,,,,
2026-10-09 06:44:22,7600.0,7647.5,0,22,0,0,0,0,0,0,,,,,,
2026-10-09 06:44:22,7600.0,7647.5,0,19,0,0,0,0,0,0,,,,,,
2026-10-09 06:44:22,7600.0,7647.5,16,183,0,0,0,0,0,0,,,,,,
2026-10-09 06:44:22,7600.0,7647.5,0,19,0,0,0,0,0,0,,,,,,
2026-10-09 06:44:22,7600.0,7647.5,0,0,0,0,0,0,0,0,,,,,,
2026-10-09 06:44:22,7605.0,7652.5,0,5,0,0,0,0,0,0,,,,,,
2026-10-09 06:44:22,7610.0,7657.5,2,30,0,5,0,0,5,0,,,,,,
2026-10-09 06:44:22,7610.0,7657.5,10,23,0,0,0,0,0,0,,,,,,
2026-10-09 06:44:22,7610.0,7657.5,0,84,0,0,0,0,0,0,,,,,,
2026-10-09 06:44:22,7610.0,7657.5,0,8,0,0,0,0,0,0,,,,,,
2026-10-09 06:44:22,7610.0,7657.5,3,108,0,0,0,0,0,0,,,,,,
2026-10-09 06:44:22,7610.0,7657.5,0,0,0,0,0,0,0,0,,,,,,
2026-10-09 06:44:22,7610.0,7657.5,0,0,0,37,0,37,37,37,,,,1,,1
2026-10-09 06:44:22,7610.0,7657.5,0,0,0,0,0,0,0,0,,,,,,
2026-10-09 06:44:22,7610.0,7657.5,0,0,0,0,0,0,0,0,,,,,,
2026-10-09 06:44:22,7610.0,7657.5,1,12,0,0,0,0,0,0,,,,,,
2026-10-09 06:44:22,7615.0,7662.5,0,3,0,0,0,0,0,0,,,,,,
2026-10-09 06:44:22,7620.0,7667.5,40,31,0,0,0,0,0,0,,,,,,
2026-10-09 06:44:22,7620.0,7667.5,0,20,0,0,0,0,0,0,,,,,,
2026-10-09 06:44:22,7620.0,7667.5,0,110,0,0,0,0,0,0,,,,,,
2026-10-09 06:44:22,7620.0,7667.5,0,20,0,0,0,0,0,0,,,,,,
2026-10-09 06:44:22,7620.0,7667.5,17,634,0,0,0,0,0,0,,,,,,
2026-10-09 06:44:22,7620.0,7667.5,0,89,0,0,0,0,0,0,,,,,,
2026-10-09 06:44:22,7620.0,7667.5,0,0,0,37,0,37,37,37,,,,2,,2
2026-10-09 06:44:22,7620.0,7667.5,0,0,0,0,0,0,0,0,,,,,,
2026-10-09 06:44:22,7620.0,7667.5,0,0,0,0,0,0,0,0,,,,,,
2026-10-09 06:44:22,7620.0,7667.5,0,36,0,0,0,0,0,0,,,,,,
2026-10-09 06:44:22,7625.0,7672.5,4,283,0,0,0,0,0,0,,,,,,
2026-10-09 06:44:22,7625.0,7672.5,73,185,0,0,0,0,0,0,,,,,,
2026-10-09 06:44:22,7625.0,7672.5,25,196,0,0,0,0,0,0,,,,,,
2026-10-09 06:44:22,7625.0,7672.5,4,116,0,0,0,0,0,0,,,,,,
2026-10-09 06:44:22,7625.0,7672.5,45,184,0,0,0,0,0,0,,,,,,
2026-10-09 06:44:22,7625.0,7672.5,0,40,0,0,0,0,0,0,,,,,,
2026-10-09 06:44:22,7625.0,7672.5,1,17,0,0,0,0,0,0,,,,,,
2026-10-09 06:44:22,7625.0,7672.5,0,1,0,0,0,0,0,0,,,,,,
2026-10-09 06:44:22,7625.0,7672.5,0,47,0,0,0,0,0,0,,,,,,
2026-10-09 06:44:22,7625.0,7672.5,3,26,0,0,0,0,0,0,,,,,,
2026-10-09 06:44:22,7625.0,7672.5,0,2,0,0,0,0,0,0,,,,,,
2026-10-09 06:44:22,7625.0,7672.5,0,0,0,0,0,0,0,0,,,,,,
2026-10-09 06:44:22,7630.0,7677.5,6,165,0,0,0,0,0,0,,,,,,
2026-10-09 06:44:22,7630.0,7677.5,1,64,0,0,0,0,0,0,,,,,,
2026-10-09 06:44:22,7630.0,7677.5,8,23,0,0,0,0,0,0,,,,,,
2026-10-09 06:44:22,7630.0,7677.5,0,33,0,0,0,0,0,0,,,,,,
2026-10-09 06:44:22,7630.0,7677.5,74,95,0,0,0,0,0,0,,,,,,
2026-10-09 06:44:22,7630.0,7677.5,1,48,0,0,0,0,0,0,,,,,,
2026-10-09 06:44:22,7630.0,7677.5,0,0,0,0,0,0,0,0,,,,,,
2026-10-09 06:44:22,7630.0,7677.5,0,0,0,0,0,0,0,0,,,,,,
2026-10-09 06:44:22,7630.0,7677.5,0,0,0,0,0,0,0,0,,,,,,
2026-10-09 06:44:22,7630.0,7677.5,5,41,0,0,0,0,0,0,,,,,,
2026-10-09 06:44:22,7635.0,7682.5,0,31,0,0,0,0,0,0,,,,,,
2026-10-09 06:44:22,7640.0,7687.5,30,77,0,4,0,0,4,0,,,,,,
2026-10-09 06:44:22,7640.0,7687.5,0,82,0,0,0,0,0,0,,,,,,
2026-10-09 06:44:22,7640.0,7687.5,2,11,0,0,0,0,0,0,,,,,,
2026-10-09 06:44:22,7640.0,7687.5,0,16,0,0,0,0,0,0,,,,,,
2026-10-09 06:44:22,7640.0,7687.5,18,66,0,0,0,0,0,0,,,,,,
2026-10-09 06:44:22,7640.0,7687.5,0,40,0,0,0,0,0,0,,,,,,
2026-10-09 06:44:22,7640.0,7687.5,0,0,0,0,0,0,0,0,,,,,,
2026-10-09 06:44:22,7640.0,7687.5,0,0,0,0,0,0,0,0,,,,,,
2026-10-09 06:44:22,7640.0,7687.5,0,0,0,0,0,0,0,0,,,,,,
2026-10-09 06:44:22,7640.0,7687.5,9,66,0,0,0,0,0,0,,,,,,
2026-10-09 06:44:22,7645.0,7692.5,1,21,0,0,0,0,0,0,,,,,,
2026-10-09 06:44:22,7650.0,7697.5,62,447,0,0,0,0,0,0,,,,,,
2026-10-09 06:44:22,7650.0,7697.5,148,352,0,0,0,0,0,0,,,,,,
2026-10-09 06:44:22,7650.0,7697.5,57,112,0,0,0,0,0,0,,,,,,
2026-10-09 06:44:22,7650.0,7697.5,7,62,0,0,0,0,0,0,,,,,,
2026-10-09 06:44:22,7650.0,7697.5,116,1101,0,1,0,0,1,0,,,,,,
2026-10-09 06:44:22,7650.0,7697.5,2,39,0,1,0,0,1,0,,,,,,
2026-10-09 06:44:22,7650.0,7697.5,0,11,0,0,0,0,0,0,,,,,,
2026-10-09 06:44:22,7650.0,7697.5,0,5,0,0,0,0,0,0,,,,,,
2026-10-09 06:44:22,7650.0,7697.5,0,26,0,0,0,0,0,0,,,,,,
2026-10-09 06:44:22,7650.0,7697.5,21,259,0,0,0,0,0,0,,,,,,
2026-10-09 06:44:22,7650.0,7697.5,0,10,0,0,0,0,0,0,,,,,,
2026-10-09 06:44:22,7650.0,7697.5,0,0,0,0,0,0,0,0,,,,,,
2026-10-09 06:44:22,7655.0,7702.5,0,4,0,0,0,0,0,0,,,,,,
2026-10-09 06:44:22,7660.0,7707.5,44,91,0,0,0,0,0,0,,,,,,
2026-10-09 06:44:22,7660.0,7707.5,50,50,0,0,0,0,0,0,,,,,,
2026-10-09 06:44:22,7660.0,7707.5,8,135,0,20,0,0,20,0,,,,,,
2026-10-09 06:44:22,7660.0,7707.5,1,1,0,0,0,0,0,0,,,,,,
2026-10-09 06:44:22,7660.0,7707.5,42,65,0,0,0,0,0,0,,,,,,
2026-10-09 06:44:22,7660.0,7707.5,0,3,0,0,0,0,0,0,,,,,,
2026-10-09 06:44:22,7660.0,7707.5,0,0,0,0,0,0,0,0,,,,,,
2026-10-09 06:44:22,7660.0,7707.5,0,1,0,0,0,0,0,0,,,,,,
2026-10-09 06:44:22,7660.0,7707.5,0,0,0,0,0,0,0,0,,,,,,
2026-10-09 06:44:22,7660.0,7707.5,12,161,0,0,0,0,0,0,,,,,,
2026-10-09 06:44:22,7665.0,7712.5,0,196,0,0,0,0,0,0,,,,,,
2026-10-09 06:44:22,7670.0,7717.5,59,23,0,0,0,0,0,0,,,,,,
2026-10-09 06:44:22,7670.0,7717.5,98,132,0,0,0,0,0,0,,,,,,
2026-10-09 06:44:22,7670.0,7717.5,0,16,0,0,0,0,0,0,,,,,,
2026-10-09 06:44:22,7670.0,7717.5,0,1,0,0,0,0,0,0,,,,,,
2026-10-09 06:44:22,7670.0,7717.5,18,103,0,0,0,0,0,0,,,,,,
2026-10-09 06:44:22,7670.0,7717.5,0,0,0,0,0,0,0,0,,,,,,
2026-10-09 06:44:22,7670.0,7717.5,1,0,0,0,0,0,0,0,,,,,,
2026-10-09 06:44:22,7670.0,7717.5,1,0,0,0,0,0,0,0,,,,,,
2026-10-09 06:44:22,7670.0,7717.5,0,0,0,0,0,0,0,0,,,,,,
2026-10-09 06:44:22,7670.0,7717.5,11,58,0,0,0,0,0,0,,,,,,
2026-10-09 06:44:22,7675.0,7722.5,77,171,0,0,0,0,0,0,,,,,,
2026-10-09 06:44:22,7675.0,7722.5,71,249,0,1,0,0,1,0,,,,,,
2026-10-09 06:44:22,7675.0,7722.5,94,336,0,0,0,0,0,0,,,,,,
2026-10-09 06:44:22,7675.0,7722.5,21,20,0,0,0,0,0,0,,,,,,
2026-10-09 06:44:22,7675.0,7722.5,81,124,0,1,0,0,1,0,,,,,,
2026-10-09 06:44:22,7675.0,7722.5,24,70,0,0,0,0,0,0,,,,,,
2026-10-09 06:44:22,7675.0,7722.5,5,0,0,1,0,1,1,1,,,,,,
2026-10-09 06:44:22,7675.0,7722.5,3,1,0,0,0,0,0,0,,,,,,
2026-10-09 06:44:22,7675.0,7722.5,0,9,0,0,0,0,0,0,,,,,,
2026-10-09 06:44:22,7675.0,7722.5,36,162,0,0,0,0,0,0,,,,,,
2026-10-09 06:44:22,7675.0,7722.5,0,10,0,0,0,0,0,0,,,,,,
2026-10-09 06:44:22,7675.0,7722.5,0,0,0,0,0,0,0,0,,,,,,
2026-10-09 06:44:22,7680.0,7727.5,97,35,0,1,0,0,1,0,,,,,,
2026-10-09 06:44:22,7680.0,7727.5,1,4,0,0,0,0,0,0,,,,,,
2026-10-09 06:44:22,7680.0,7727.5,1,5,0,0,0,0,0,0,,,,,,
2026-10-09 06:44:22,7680.0,7727.5,0,2,0,0,0,0,0,0,,,,,,
2026-10-09 06:44:22,7680.0,7727.5,43,118,0,0,0,0,0,0,,,,,,
2026-10-09 06:44:22,7680.0,7727.5,7,2,0,0,0,0,0,0,,,,,,
2026-10-09 06:44:22,7680.0,7727.5,0,2,0,0,0,0,0,0,,,,,,
2026-10-09 06:44:22,7680.0,7727.5,1,2,0,0,0,0,0,0,,,,,,
2026-10-09 06:44:22,7680.0,7727.5,0,0,0,0,0,0,0,0,,,,,,
2026-10-09 06:44:22,7680.0,7727.5,31,112,0,0,0,0,0,0,,,,,,
2026-10-09 06:44:22,7685.0,7732.5,13,48,0,0,0,0,0,0,,,,,,
2026-10-09 06:44:22,7690.0,7737.5,13,123,0,0,0,0,0,0,,,,,,
2026-10-09 06:44:22,7690.0,7737.5,6,33,0,0,0,0,0,0,,,,,,
2026-10-09 06:44:22,7690.0,7737.5,0,56,0,0,0,0,0,0,,,,,,
2026-10-09 06:44:22,7690.0,7737.5,0,6,0,0,0,0,0,0,,,,,,
2026-10-09 06:44:22,7690.0,7737.5,63,72,0,0,0,0,0,0,,,,,,
2026-10-09 06:44:22,7690.0,7737.5,0,11,0,0,0,0,0,0,,,,,,
2026-10-09 06:44:22,7690.0,7737.5,0,0,0,0,0,0,0,0,,,,,,
2026-10-09 06:44:22,7690.0,7737.5,0,0,0,0,0,0,0,0,,,,,,
2026-10-09 06:44:22,7690.0,7737.5,0,0,0,0,0,0,0,0,,,,,,
2026-10-09 06:44:22,7690.0,7737.5,16,39,0,0,0,0,0,0,,,,,,
2026-10-09 06:44:22,7695.0,7742.5,20,10,0,0,0,0,0,0,,,,,,
2026-10-09 06:44:22,7700.0,7747.5,175,185,0,1,0,0,1,0,,,,,,
2026-10-09 06:44:22,7700.0,7747.5,187,370,0,1,0,0,1,0,,,,,,
2026-10-09 06:44:22,7700.0,7747.5,63,233,0,10,0,0,10,0,,,,,,
2026-10-09 06:44:22,7700.0,7747.5,18,400,0,0,0,0,0,0,,,,,,
2026-10-09 06:44:22,7700.0,7747.5,415,977,0,6,0,0,6,0,,,,,,
2026-10-09 06:44:22,7700.0,7747.5,6,133,0,7,0,0,7,0,,,,,,
2026-10-09 06:44:22,7700.0,7747.5,7,15,0,1,0,0,1,0,,,,,,
2026-10-09 06:44:22,7700.0,7747.5,2,6,0,1,0,0,1,0,,,,,,
2026-10-09 06:44:22,7700.0,7747.5,8,3,0,0,0,0,0,0,,,,,,
2026-10-09 06:44:22,7700.0,7747.5,53,187,0,0,0,0,0,0,,,,,,
2026-10-09 06:44:22,7700.0,7747.5,1,108,0,0,0,0,0,0,,,,,,
2026-10-09 06:44:22,7700.0,7747.5,0,0,0,0,0,0,0,0,,,,,,
2026-10-09 06:44:22,7705.0,7752.5,23,79,0,0,0,0,0,0,,,,,,
2026-10-09 06:44:22,7710.0,7757.5,58,25,0,0,0,0,0,0,,,,,,
2026-10-09 06:44:22,7710.0,7757.5,16,43,0,0,0,0,0,0,,,,,,
2026-10-09 06:44:22,7710.0,7757.5,8,114,0,0,0,0,0,0,,,,,,
2026-10-09 06:44:22,7710.0,7757.5,2,4,0,0,0,0,0,0,,,,,,
2026-10-09 06:44:22,7710.0,7757.5,48,167,0,1,0,0,1,0,,,,,,
2026-10-09 06:44:22,7710.0,7757.5,1,1,0,0,0,0,0,0,,,,,,
2026-10-09 06:44:22,7710.0,7757.5,0,0,0,0,0,0,0,0,,,,,,
2026-10-09 06:44:22,7710.0,7757.5,6,0,0,0,0,0,0,0,,,,,,
2026-10-09 06:44:22,7710.0,7757.5,0,0,0,0,0,0,0,0,,,,,,
2026-10-09 06:44:22,7710.0,7757.5,24,156,0,0,0,0,0,0,,,,,,
2026-10-09 06:44:22,7715.0,7762.5,30,260,0,0,0,0,0,0,,,,,,
2026-10-09 06:44:22,7720.0,7767.5,100,58,3,0,0,0,3,0,,,,,,
2026-10-09 06:44:22,7720.0,7767.5,19,109,3,6,0,0,9,0,,,,,,
2026-10-09 06:44:22,7720.0,7767.5,4,6,0,0,0,0,0,0,,,,,,
2026-10-09 06:44:22,7720.0,7767.5,28,5,0,0,0,0,0,0,,,,,,
2026-10-09 06:44:22,7720.0,7767.5,27,70,0,0,0,0,0,0,,,,,,
2026-10-09 06:44:22,7720.0,7767.5,1,12,0,0,0,0,0,0,,,,,,
2026-10-09 06:44:22,7720.0,7767.5,0,0,0,0,0,0,0,0,,,,,,
2026-10-09 06:44:22,7720.0,7767.5,1,0,0,0,0,0,0,0,,,,,,
2026-10-09 06:44:22,7720.0,7767.5,0,0,0,0,0,0,0,0,,,,,,
2026-10-09 06:44:22,7720.0,7767.5,24,72,0,0,0,0,0,0,,,,,,
2026-10-09 06:44:22,7725.0,7772.5,151,125,0,2,0,0,2,0,,,,,,
2026-10-09 06:44:22,7725.0,7772.5,156,161,0,0,0,0,0,0,,,,,,
2026-10-09 06:44:22,7725.0,7772.5,227,245,0,0,0,0,0,0,,,,,,
2026-10-09 06:44:22,7725.0,7772.5,30,32,0,0,0,0,0,0,,,,,,
2026-10-09 06:44:22,7725.0,7772.5,144,318,0,0,0,0,0,0,,,,,,
2026-10-09 06:44:22,7725.0,7772.5,18,144,0,0,0,0,0,0,,,,,,
2026-10-09 06:44:22,7725.0,7772.5,2,38,0,0,0,0,0,0,,,,,,
2026-10-09 06:44:22,7725.0,7772.5,10,11,0,0,0,0,0,0,,,,,,
2026-10-09 06:44:22,7725.0,7772.5,13,19,1,5,0,0,6,0,,,,,,
2026-10-09 06:44:22,7725.0,7772.5,43,122,1,7,0,0,8,0,,,,,,
2026-10-09 06:44:22,7725.0,7772.5,1,144,0,5,0,0,5,0,,,,,,
2026-10-09 06:44:22,7725.0,7772.5,0,0,0,0,0,0,0,0,,,,,,
2026-10-09 06:44:22,7730.0,7777.5,103,21,0,0,0,0,0,0,,,,,,
2026-10-09 06:44:22,7730.0,7777.5,10,68,0,0,0,0,0,0,,,,,,
2026-10-09 06:44:22,7730.0,7777.5,2,14,0,0,0,0,0,0,,,,,,
2026-10-09 06:44:22,7730.0,7777.5,4,4,0,0,0,0,0,0,,,,,,
2026-10-09 06:44:22,7730.0,7777.5,51,222,0,1,0,0,1,0,,,,,,
2026-10-09 06:44:22,7730.0,7777.5,1,1,0,0,0,0,0,0,,,,,,
2026-10-09 06:44:22,7730.0,7777.5,0,12,0,0,0,0,0,0,,,,,,
2026-10-09 06:44:22,7730.0,7777.5,9,2,0,0,0,0,0,0,,,,,,
2026-10-09 06:44:22,7730.0,7777.5,0,0,0,0,0,0,0,0,,,,,,
2026-10-09 06:44:22,7730.0,7777.5,81,30,0,0,0,0,0,0,,,,,,
2026-10-09 06:44:22,7735.0,7782.5,5,86,0,0,0,0,0,0,,,,,,
2026-10-09 06:44:22,7740.0,7787.5,97,99,0,0,0,0,0,0,,,,,,
2026-10-09 06:44:22,7740.0,7787.5,20,302,0,0,0,0,0,0,,,,,,
2026-10-09 06:44:22,7740.0,7787.5,4,53,0,24,0,0,24,0,,,,,,
2026-10-09 06:44:22,7740.0,7787.5,3,15,0,0,0,0,0,0,,,,,,
2026-10-09 06:44:22,7740.0,7787.5,29,196,0,1,0,0,1,0,,,,,,
2026-10-09 06:44:22,7740.0,7787.5,1,1,0,1,0,0,1,0,,,,,,
2026-10-09 06:44:22,7740.0,7787.5,4,6,3,2,0,0,5,0,,,,,,
2026-10-09 06:44:22,7740.0,7787.5,3,3,0,0,0,0,0,0,,,,,,
2026-10-09 06:44:22,7740.0,7787.5,0,0,0,0,0,0,0,0,,,,,,
2026-10-09 06:44:22,7740.0,7787.5,20,159,0,10,0,0,10,0,,,,,,
2026-10-09 06:44:22,7745.0,7792.5,2,204,0,0,0,0,0,0,,,,,,
2026-10-09 06:44:22,7750.0,7797.5,149,153,0,0,0,0,0,0,,,,,,
2026-10-09 06:44:22,7750.0,7797.5,198,360,0,0,0,0,0,0,,,,,,
2026-10-09 06:44:22,7750.0,7797.5,307,301,0,0,0,0,0,0,,,,,,
2026-10-09 06:44:22,7750.0,7797.5,22,261,0,0,0,0,0,0,,,,,,
2026-10-09 06:44:22,7750.0,7797.5,436,614,1,2,0,0,3,0,,,,,,
2026-10-09 06:44:22,7750.0,7797.5,167,148,0,8,0,0,8,0,,,,,,
2026-10-09 06:44:22,7750.0,7797.5,47,50,0,0,0,0,0,0,,,,,,
2026-10-09 06:44:22,7750.0,7797.5,34,20,0,0,0,0,0,0,,,,,,
2026-10-09 06:44:22,7750.0,7797.5,41,51,0,0,0,0,0,0,,,,,,
2026-10-09 06:44:22,7750.0,7797.5,112,242,2,7,0,0,9,0,,,,,,
2026-10-09 06:44:22,7750.0,7797.5,23,85,0,0,0,0,0,0,,,,,,
2026-10-09 06:44:22,7750.0,7797.5,0,0,0,0,0,0,0,0,,,,,,
2026-10-09 06:44:22,7755.0,7802.5,17,42,0,1,0,0,1,0,,,,,,
2026-10-09 06:44:22,7760.0,7807.5,39,77,2,0,0,0,2,0,,,,,,
2026-10-09 06:44:22,7760.0,7807.5,3,66,0,0,0,0,0,0,,,,,,
2026-10-09 06:44:22,7760.0,7807.5,38,30,0,0,0,0,0,0,,,,,,
2026-10-09 06:44:22,7760.0,7807.5,8,19,0,0,0,0,0,0,,,,,,
2026-10-09 06:44:22,7760.0,7807.5,124,96,0,1,0,0,1,0,,,,,,
2026-10-09 06:44:22,7760.0,7807.5,3,22,0,1,0,0,1,0,,,,,,
2026-10-09 06:44:22,7760.0,7807.5,1,3,1,0,0,0,1,0,,,,,,
2026-10-09 06:44:22,7760.0,7807.5,8,3,0,0,0,0,0,0,,,,,,
2026-10-09 06:44:22,7760.0,7807.5,0,0,0,0,0,0,0,0,,,,,,
2026-10-09 06:44:22,7760.0,7807.5,31,19,0,0,0,0,0,0,,,,,,
2026-10-09 06:44:22,7765.0,7812.5,3,91,0,0,0,0,0,0,,,,,,
2026-10-09 06:44:22,7770.0,7817.5,41,67,0,0,0,0,0,0,,,,,,
2026-10-09 06:44:22,7770.0,7817.5,6,48,0,0,0,0,0,0,,,,,,
2026-10-09 06:44:22,7770.0,7817.5,4,33,0,0,0,0,0,0,,,,,,
2026-10-09 06:44:22,7770.0,7817.5,10,8,0,0,0,0,0,0,,,,,,
2026-10-09 06:44:22,7770.0,7817.5,60,95,0,1,0,0,1,0,,,,,,
2026-10-09 06:44:22,7770.0,7817.5,8,6,1,1,0,0,2,0,,,,,,
2026-10-09 06:44:22,7770.0,7817.5,17,8,0,2,0,0,2,0,,,,,,
2026-10-09 06:44:22,7770.0,7817.5,23,9,0,0,0,0,0,0,,,,,,
2026-10-09 06:44:22,7770.0,7817.5,0,0,0,0,0,0,0,0,,,,,,
2026-10-09 06:44:22,7770.0,7817.5,13,63,1,10,0,0,11,0,,,,,,
2026-10-09 06:44:22,7775.0,7822.5,292,269,0,0,0,0,0,0,,,,,,
2026-10-09 06:44:22,7775.0,7822.5,278,213,0,0,0,0,0,0,,,,,,
2026-10-09 06:44:22,7775.0,7822.5,94,34,0,0,0,0,0,0,,,,,,
2026-10-09 06:44:22,7775.0,7822.5,13,36,0,0,0,0,0,0,,,,,,
2026-10-09 06:44:22,7775.0,7822.5,186,380,0,25,0,0,25,0,,,,,,
2026-10-09 06:44:22,7775.0,7822.5,62,126,0,10,0,0,10,0,,,,,,
2026-10-09 06:44:22,7775.0,7822.5,537,241,0,0,0,0,0,0,,,,,,
2026-10-09 06:44:22,7775.0,7822.5,11,64,0,0,0,0,0,0,,,,,,
2026-10-09 06:44:22,7775.0,7822.5,203,41,0,1,0,0,1,0,,,,,,
2026-10-09 06:44:22,7775.0,7822.5,248,408,0,1,0,0,1,0,,,,,,
2026-10-09 06:44:22,7775.0,7822.5,19,103,0,10,0,0,10,0,,,,,,
2026-10-09 06:44:22,7775.0,7822.5,0,0,0,0,0,0,0,0,,,,,,
2026-10-09 06:44:22,7780.0,7827.5,105,99,0,1,0,0,1,0,,,,,,
2026-10-09 06:44:22,7780.0,7827.5,90,10,4,0,0,0,4,0,,,,,,
2026-10-09 06:44:22,7780.0,7827.5,51,24,0,0,0,0,0,0,,,,,,
2026-10-09 06:44:22,7780.0,7827.5,15,12,0,0,0,0,0,0,,,,,,
2026-10-09 06:44:22,7780.0,7827.5,42,98,0,0,0,0,0,0,,,,,,
2026-10-09 06:44:22,7780.0,7827.5,12,59,0,0,0,0,0,0,,,,,,
2026-10-09 06:44:22,7780.0,7827.5,89,6,0,0,0,0,0,0,,,,,,
2026-10-09 06:44:22,7780.0,7827.5,85,2,0,0,0,0,0,0,,,,,,
2026-10-09 06:44:22,7780.0,7827.5,0,0,0,3,0,3,3,3,,,,,,
2026-10-09 06:44:22,7780.0,7827.5,26,27,0,0,0,0,0,0,,,,,,
2026-10-09 06:44:22,7785.0,7832.5,2,67,0,0,0,0,0,0,,,,,,
2026-10-09 06:44:22,7790.0,7837.5,53,51,0,21,0,0,21,0,,,,,,
2026-10-09 06:44:22,7790.0,7837.5,32,45,0,2,0,0,2,0,,,,,,
2026-10-09 06:44:22,7790.0,7837.5,40,13,0,1,0,0,1,0,,,,,,
2026-10-09 06:44:22,7790.0,7837.5,20,21,0,0,0,0,0,0,,,,,,
2026-10-09 06:44:22,7790.0,7837.5,42,45,2,1,0,0,3,0,,,,,,
2026-10-09 06:44:22,7790.0,7837.5,5,7,0,0,0,0,0,0,,,,,,
2026-10-09 06:44:22,7790.0,7837.5,9,0,2,2,0,2,4,2,,,,,,
2026-10-09 06:44:22,7790.0,7837.5,5,0,0,0,0,0,0,0,,,,,,
2026-10-09 06:44:22,7790.0,7837.5,0,0,0,2,0,2,2,2,,,,,,
2026-10-09 06:44:22,7790.0,7837.5,22,20,0,0,0,0,0,0,,,,,,
2026-10-09 06:44:22,7795.0,7842.5,29,36,1,1,0,0,2,0,,,,,,
2026-10-09 06:44:22,7800.0,7847.5,442,393,24,21,0,0,45,0,,5,,,,
2026-10-09 06:44:22,7800.0,7847.5,1104,527,0,0,0,0,0,0,,,,,,
2026-10-09 06:44:22,7800.0,7847.5,401,332,0,53,0,0,53,0,5,,5,,,
2026-10-09 06:44:22,7800.0,7847.5,100,99,1,0,0,0,1,0,,,,,,
2026-10-09 06:44:22,7800.0,7847.5,1090,904,0,20,0,0,20,0,,,,,,
2026-10-09 06:44:22,7800.0,7847.5,139,61,1,20,0,0,21,0,,,,,,
2026-10-09 06:44:22,7800.0,7847.5,8,27,0,0,0,0,0,0,,,,,,
2026-10-09 06:44:22,7800.0,7847.5,34,8,0,0,0,0,0,0,,,,,,
2026-10-09 06:44:22,7800.0,7847.5,211,55,0,0,0,0,0,0,,,,,,
2026-10-09 06:44:22,7800.0,7847.5,235,504,1,11,0,0,12,0,,,,,,
2026-10-09 06:44:22,7800.0,7847.5,53,35,1,10,0,0,11,0,,,,,,
2026-10-09 06:44:22,7800.0,7847.5,0,0,0,0,0,0,0,0,,,,,,
2026-10-09 06:44:22,7805.0,7852.5,51,27,0,0,0,0,0,0,,,,,,
2026-10-09 06:44:22,7810.0,7857.5,4,5,21,0,17,0,21,17,,,,5,1,
2026-10-09 06:44:22,7810.0,7857.5,40,2,0,0,0,0,0,0,,,,,,
2026-10-09 06:44:22,7810.0,7857.5,15,3,0,0,0,0,0,0,,,,,,
2026-10-09 06:44:22,7810.0,7857.5,18,29,0,0,0,0,0,0,,,,,,
2026-10-09 06:44:22,7810.0,7857.5,61,413,0,0,0,0,0,0,,,,,,
2026-10-09 06:44:22,7810.0,7857.5,15,42,0,0,0,0,0,0,,,,,,
2026-10-09 06:44:22,7810.0,7857.5,0,2,2,0,2,0,2,2,,,,,4,
2026-10-09 06:44:22,7810.0,7857.5,18,0,0,0,0,0,0,0,,,,,,
2026-10-09 06:44:22,7810.0,7857.5,0,0,0,0,0,0,0,0,,,,,,
2026-10-09 06:44:22,7810.0,7857.5,14,12,0,0,0,0,0,0,,,,,,
2026-10-09 06:44:22,7815.0,7862.5,11,10,0,0,0,0,0,0,,,,,,
2026-10-09 06:44:22,7820.0,7867.5,22,105,0,0,0,0,0,0,,,,,,
2026-10-09 06:44:22,7820.0,7867.5,2,5,0,0,0,0,0,0,,,,,,
2026-10-09 06:44:22,7820.0,7867.5,6,9,0,0,0,0,0,0,,,,,,
2026-10-09 06:44:22,7820.0,7867.5,8,2,0,0,0,0,0,0,,,,,,
2026-10-09 06:44:22,7820.0,7867.5,66,19,0,0,0,0,0,0,,,,,,
2026-10-09 06:44:22,7820.0,7867.5,20,7,0,0,0,0,0,0,,,,,,
2026-10-09 06:44:22,7820.0,7867.5,3,0,0,0,0,0,0,0,,,,,,
2026-10-09 06:44:22,7820.0,7867.5,4,8,0,0,0,0,0,0,,,,,,
2026-10-09 06:44:22,7820.0,7867.5,0,0,0,0,0,0,0,0,,,,,,
2026-10-09 06:44:22,7820.0,7867.5,49,7,0,0,0,0,0,0,,,,,,
2026-10-09 06:44:22,7825.0,7872.5,482,107,1,6,0,0,7,0,,,,,,
2026-10-09 06:44:22,7825.0,7872.5,315,256,0,6,0,0,6,0,,,,,,
2026-10-09 06:44:22,7825.0,7872.5,496,138,0,6,0,0,6,0,,,,,,
2026-10-09 06:44:22,7825.0,7872.5,34,8,0,0,0,0,0,0,,,,,,
2026-10-09 06:44:22,7825.0,7872.5,262,429,41,0,0,0,41,0,,1,,,,
2026-10-09 06:44:22,7825.0,7872.5,131,24,30,0,0,0,30,0,,2,,,,
2026-10-09 06:44:22,7825.0,7872.5,28,9,0,0,0,0,0,0,,,,,,
2026-10-09 06:44:22,7825.0,7872.5,16,2,0,0,0,0,0,0,,,,,,
2026-10-09 06:44:22,7825.0,7872.5,204,5,0,0,0,0,0,0,,,,,,
2026-10-09 06:44:22,7825.0,7872.5,309,290,14,0,0,0,14,0,,,,,,
2026-10-09 06:44:22,7825.0,7872.5,51,13,11,0,0,0,11,0,,,,,,
2026-10-09 06:44:22,7825.0,7872.5,0,0,0,0,0,0,0,0,,,,,,
2026-10-09 06:44:22,7830.0,7877.5,15,48,0,0,0,0,0,0,,,,,,
2026-10-09 06:44:22,7830.0,7877.5,4,9,0,0,0,0,0,0,,,,,,
2026-10-09 06:44:22,7830.0,7877.5,4,4,0,0,0,0,0,0,,,,,,
2026-10-09 06:44:22,7830.0,7877.5,21,4,5,0,0,0,5,0,,,,,,
2026-10-09 06:44:22,7830.0,7877.5,40,39,1,0,0,0,1,0,,,,,,
2026-10-09 06:44:22,7830.0,7877.5,9,4,0,0,0,0,0,0,,,,,,
2026-10-09 06:44:22,7830.0,7877.5,1,0,2,0,1,0,2,1,,,,,,
2026-10-09 06:44:22,7830.0,7877.5,0,0,0,0,0,0,0,0,,,,,,
2026-10-09 06:44:22,7830.0,7877.5,0,0,0,0,0,0,0,0,,,,,,
2026-10-09 06:44:22,7830.0,7877.5,58,7,1,0,0,0,1,0,,,,,,
2026-10-09 06:44:22,7835.0,7882.5,18,1,0,0,0,0,0,0,,,,,,
2026-10-09 06:44:22,7840.0,7887.5,40,1,0,2,0,1,2,1,,,,,,
2026-10-09 06:44:22,7840.0,7887.5,50,10,0,2,0,0,2,0,,,,,,
2026-10-09 06:44:22,7840.0,7887.5,4,56,0,26,0,0,26,0,,,,,,
2026-10-09 06:44:22,7840.0,7887.5,3,12,0,0,0,0,0,0,,,,,,
2026-10-09 06:44:22,7840.0,7887.5,243,37,0,0,0,0,0,0,,,,,,
2026-10-09 06:44:22,7840.0,7887.5,7,29,0,0,0,0,0,0,,,,,,
2026-10-09 06:44:22,7840.0,7887.5,0,0,2,2,2,2,4,4,,,,,5,
2026-10-09 06:44:22,7840.0,7887.5,1,0,0,0,0,0,0,0,,,,,,
2026-10-09 06:44:22,7840.0,7887.5,38,11,0,0,0,0,0,0,,,,,,
2026-10-09 06:44:22,7845.0,7892.5,45,50,0,0,0,0,0,0,,,,,,
2026-10-09 06:44:22,7850.0,7897.5,574,30,0,0,0,0,0,0,,,,,,
2026-10-09 06:44:22,7850.0,7897.5,110,39,0,0,0,0,0,0,,,,,,
2026-10-09 06:44:22,7850.0,7897.5,169,86,0,0,0,0,0,0,,,,,,
2026-10-09 06:44:22,7850.0,7897.5,121,5,0,0,0,0,0,0,,,,,,
2026-10-09 06:44:22,7850.0,7897.5,486,50,1,0,0,0,1,0,,,,,,
2026-10-09 06:44:22,7850.0,7897.5,112,39,0,8,0,0,8,0,,,,,,
2026-10-09 06:44:22,7850.0,7897.5,22,2,0,0,0,0,0,0,,,,,,
2026-10-09 06:44:22,7850.0,7897.5,788,691,1,0,0,0,1,0,,,,,,
2026-10-09 06:44:22,7850.0,7897.5,95,26,0,0,0,0,0,0,,,,,,
2026-10-09 06:44:22,7850.0,7897.5,160,36,0,0,0,0,0,0,,,,,,
2026-10-09 06:44:22,7850.0,7897.5,13,1,0,0,0,0,0,0,,,,,,
2026-10-09 06:44:22,7850.0,7897.5,0,0,0,0,0,0,0,0,,,,,,
2026-10-09 06:44:22,7855.0,7902.5,1,0,0,0,0,0,0,0,,,,,,
2026-10-09 06:44:22,7860.0,7907.5,28,0,5,0,0,0,5,0,,,,,,
2026-10-09 06:44:22,7860.0,7907.5,5,2,0,0,0,0,0,0,,,,,,
2026-10-09 06:44:22,7860.0,7907.5,0,3,0,0,0,0,0,0,,,,,,
2026-10-09 06:44:22,7860.0,7907.5,1,10,0,10,0,0,10,0,,,,,,
2026-10-09 06:44:22,7860.0,7907.5,51,4,0,0,0,0,0,0,,,,,,
2026-10-09 06:44:22,7860.0,7907.5,0,0,0,0,0,0,0,0,,,,,,
2026-10-09 06:44:22,7860.0,7907.5,2,0,0,0,0,0,0,0,,,,,,
2026-10-09 06:44:22,7860.0,7907.5,0,0,0,0,0,0,0,0,,,,,,
2026-10-09 06:44:22,7860.0,7907.5,24,4,1,0,0,0,1,0,,,,,,
2026-10-09 06:44:22,7865.0,7912.5,68,0,0,0,0,0,0,0,,,,,,
2026-10-09 06:44:22,7870.0,7917.5,38,86,0,0,0,0,0,0,,,,,,
2026-10-09 06:44:22,7870.0,7917.5,0,0,0,0,0,0,0,0,,,,,,
2026-10-09 06:44:22,7870.0,7917.5,6,0,0,0,0,0,0,0,,,,,,
2026-10-09 06:44:22,7870.0,7917.5,0,0,0,0,0,0,0,0,,,,,,
2026-10-09 06:44:22,7870.0,7917.5,124,0,0,0,0,0,0,0,,,,,,
2026-10-09 06:44:22,7870.0,7917.5,1,0,0,0,0,0,0,0,,,,,,
2026-10-09 06:44:22,7870.0,7917.5,0,0,0,0,0,0,0,0,,,,,,
2026-10-09 06:44:22,7870.0,7917.5,0,0,0,0,0,0,0,0,,,,,,
2026-10-09 06:44:22,7870.0,7917.5,4,1,0,0,0,0,0,0,,,,,,
2026-10-09 06:44:22,7875.0,7922.5,176,53,5,0,0,0,5,0,,,,,,
2026-10-09 06:44:22,7875.0,7922.5,89,36,0,0,0,0,0,0,,,,,,
2026-10-09 06:44:22,7875.0,7922.5,87,37,0,0,0,0,0,0,,,,,,
2026-10-09 06:44:22,7875.0,7922.5,254,1,0,0,0,0,0,0,,,,,,
2026-10-09 06:44:22,7875.0,7922.5,495,223,0,0,0,0,0,0,,,,,,
2026-10-09 06:44:22,7875.0,7922.5,81,4,0,0,0,0,0,0,,,,,,
2026-10-09 06:44:22,7875.0,7922.5,14,8,0,0,0,0,0,0,,,,,,
2026-10-09 06:44:22,7875.0,7922.5,14,50,0,0,0,0,0,0,,,,,,
2026-10-09 06:44:22,7875.0,7922.5,37,0,0,0,0,0,0,0,,,,,,
2026-10-09 06:44:22,7875.0,7922.5,153,24,0,20,0,0,20,0,,,,,,
2026-10-09 06:44:22,7875.0,7922.5,5,1,0,0,0,0,0,0,,,,,,
2026-10-09 06:44:22,7875.0,7922.5,0,0,0,0,0,0,0,0,,,,,,
2026-10-09 06:44:22,7880.0,7927.5,33,127,1,0,0,0,1,0,,,,,,
2026-10-09 06:44:22,7880.0,7927.5,22,0,7,0,0,0,7,0,,,,,,
2026-10-09 06:44:22,7880.0,7927.5,454,0,0,0,0,0,0,0,,,,,,
2026-10-09 06:44:22,7880.0,7927.5,1,1,0,0,0,0,0,0,,,,,,
2026-10-09 06:44:22,7880.0,7927.5,101,0,0,0,0,0,0,0,,,,,,
2026-10-09 06:44:22,7880.0,7927.5,0,0,0,0,0,0,0,0,,,,,,
2026-10-09 06:44:22,7880.0,7927.5,3,0,0,0,0,0,0,0,,,,,,
2026-10-09 06:44:22,7880.0,7927.5,11,0,0,0,0,0,0,0,,,,,,
2026-10-09 06:44:22,7880.0,7927.5,30,1,0,0,0,0,0,0,,,,,,
2026-10-09 06:44:22,7885.0,7932.5,14,2,0,0,0,0,0,0,,,,,,
2026-10-09 06:44:22,7890.0,7937.5,26,0,0,0,0,0,0,0,,,,,,
2026-10-09 06:44:22,7890.0,7937.5,0,0,0,0,0,0,0,0,,,,,,
2026-10-09 06:44:22,7890.0,7937.5,0,0,0,0,0,0,0,0,,,,,,
2026-10-09 06:44:22,7890.0,7937.5,0,0,0,0,0,0,0,0,,,,,,
2026-10-09 06:44:22,7890.0,7937.5,41,2,0,10,0,8,10,8,,,,,,
2026-10-09 06:44:22,7890.0,7937.5,175,116,0,0,0,0,0,0,,,,,,
2026-10-09 06:44:22,7890.0,7937.5,0,0,0,0,0,0,0,0,,,,,,
2026-10-09 06:44:22,7890.0,7937.5,11,3,0,0,0,0,0,0,,,,,,
2026-10-09 06:44:22,7895.0,7942.5,0,20,0,0,0,0,0,0,,,,,,
2026-10-09 06:44:22,7900.0,7947.5,277,129,0,0,0,0,0,0,,,,,,
2026-10-09 06:44:22,7900.0,7947.5,153,13,1,0,0,0,1,0,,,,,,
2026-10-09 06:44:22,7900.0,7947.5,293,73,0,0,0,0,0,0,,,,,,
2026-10-09 06:44:22,7900.0,7947.5,277,3,0,0,0,0,0,0,,,,,,
2026-10-09 06:44:22,7900.0,7947.5,499,60,3,0,0,0,3,0,,,,,,
2026-10-09 06:44:22,7900.0,7947.5,92,4,0,0,0,0,0,0,,,,,,
2026-10-09 06:44:22,7900.0,7947.5,122,109,0,0,0,0,0,0,,,,,,
2026-10-09 06:44:22,7900.0,7947.5,13,1,0,0,0,0,0,0,,,,,,
2026-10-09 06:44:22,7900.0,7947.5,3,0,0,0,0,0,0,0,,,,,,
2026-10-09 06:44:22,7900.0,7947.5,265,9,1,0,0,0,1,0,,,,,,
2026-10-09 06:44:22,7900.0,7947.5,16,0,9,0,0,0,9,0,,,,,,
2026-10-09 06:44:22,7900.0,7947.5,0,0,0,0,0,0,0,0,,,,,,
2026-10-09 06:44:22,7910.0,7957.5,18,1,1,0,0,0,1,0,,,,,,
2026-10-09 06:44:22,7910.0,7957.5,12,0,0,0,0,0,0,0,,,,,,
2026-10-09 06:44:22,7910.0,7957.5,0,0,0,0,0,0,0,0,,,,,,
2026-10-09 06:44:22,7910.0,7957.5,0,0,0,0,0,0,0,0,,,,,,
2026-10-09 06:44:22,7910.0,7957.5,327,0,0,0,0,0,0,0,,,,,,
2026-10-09 06:44:22,7910.0,7957.5,16,0,0,0,0,0,0,0,,,,,,
2026-10-09 06:44:22,7920.0,7967.5,134,0,0,0,0,0,0,0,,,,,,
2026-10-09 06:44:22,7920.0,7967.5,0,0,0,0,0,0,0,0,,,,,,
2026-10-09 06:44:22,7920.0,7967.5,0,0,0,0,0,0,0,0,,,,,,
2026-10-09 06:44:22,7920.0,7967.5,143,0,0,0,0,0,0,0,,,,,,
2026-10-09 06:44:22,7920.0,7967.5,4,0,0,0,0,0,0,0,,,,,,
2026-10-09 06:44:22,7925.0,7972.5,626,2,0,0,0,0,0,0,,,,,,
2026-10-09 06:44:22,7925.0,7972.5,193,17,0,0,0,0,0,0,,,,,,
2026-10-09 06:44:22,7925.0,7972.5,270,31,0,0,0,0,0,0,,,,,,
2026-10-09 06:44:22,7925.0,7972.5,149,1,0,0,0,0,0,0,,,,,,
2026-10-09 06:44:22,7925.0,7972.5,469,1,1,0,0,0,1,0,,,,,,
2026-10-09 06:44:22,7925.0,7972.5,30,2,0,0,0,0,0,0,,,,,,
2026-10-09 06:44:22,7925.0,7972.5,23,1,0,0,0,0,0,0,,,,,,
2026-10-09 06:44:22,7925.0,7972.5,24,0,4,0,0,0,4,0,,,,,,
2026-10-09 06:44:22,7925.0,7972.5,77,0,0,0,0,0,0,0,,,,,,
2026-10-09 06:44:22,7925.0,7972.5,207,10,0,0,0,0,0,0,,,,,,
2026-10-09 06:44:22,7925.0,7972.5,12,0,12,0,0,0,12,0,,,,,,
2026-10-09 06:44:22,7925.0,7972.5,0,0,0,0,0,0,0,0,,,,,,
2026-10-09 06:44:22,7930.0,7977.5,8,0,0,0,0,0,0,0,,,,,,
2026-10-09 06:44:22,7930.0,7977.5,5,0,0,0,0,0,0,0,,,,,,
2026-10-09 06:44:22,7930.0,7977.5,2,0,0,0,0,0,0,0,,,,,,
2026-10-09 06:44:22,7930.0,7977.5,51,3,0,0,0,0,0,0,,,,,,
2026-10-09 06:44:22,7930.0,7977.5,4,0,0,0,0,0,0,0,,,,,,
2026-10-09 06:44:22,7940.0,7987.5,23,0,0,0,0,0,0,0,,,,,,
2026-10-09 06:44:22,7940.0,7987.5,0,0,0,0,0,0,0,0,,,,,,
2026-10-09 06:44:22,7940.0,7987.5,2,0,0,0,0,0,0,0,,,,,,
2026-10-09 06:44:22,7940.0,7987.5,171,0,0,0,0,0,0,0,,,,,,
2026-10-09 06:44:22,7940.0,7987.5,7,0,0,0,0,0,0,0,,,,,,
2026-10-09 06:44:22,7950.0,7997.5,1036,0,0,0,0,0,0,0,,,,,,
2026-10-09 06:44:22,7950.0,7997.5,252,8,0,0,0,0,0,0,,,,,,
2026-10-09 06:44:22,7950.0,7997.5,282,5,0,0,0,0,0,0,,,,,,
2026-10-09 06:44:22,7950.0,7997.5,326,2,0,0,0,0,0,0,,,,,,
2026-10-09 06:44:22,7950.0,7997.5,823,100,0,0,0,0,0,0,,,,,,
2026-10-09 06:44:22,7950.0,7997.5,102,1,0,0,0,0,0,0,,,,,,
2026-10-09 06:44:22,7950.0,7997.5,7,0,0,0,0,0,0,0,,,,,,
2026-10-09 06:44:22,7950.0,7997.5,2,6,0,0,0,0,0,0,,,,,,
2026-10-09 06:44:22,7950.0,7997.5,15,0,3,0,0,0,3,0,,,,,,
2026-10-09 06:44:22,7950.0,7997.5,190,6,0,1,0,0,1,0,,,,,,
2026-10-09 06:44:22,7950.0,7997.5,4,0,0,0,0,0,0,0,,,,,,
2026-10-09 06:44:22,7950.0,7997.5,0,0,0,0,0,0,0,0,,,,,,
2026-10-09 06:44:22,7960.0,8007.5,16,0,10,0,0,0,10,0,,,,,,
2026-10-09 06:44:22,7960.0,8007.5,0,0,0,0,0,0,0,0,,,,,,
2026-10-09 06:44:22,7960.0,8007.5,66,0,0,0,0,0,0,0,,,,,,
2026-10-09 06:44:22,7960.0,8007.5,5,0,0,0,0,0,0,0,,,,,,
2026-10-09 06:44:22,7970.0,8017.5,26,0,4,0,0,0,4,0,,,,,,
2026-10-09 06:44:22,7970.0,8017.5,0,0,0,0,0,0,0,0,,,,,,
2026-10-09 06:44:22,7970.0,8017.5,123,1,0,0,0,0,0,0,,,,,,
2026-10-09 06:44:22,7970.0,8017.5,49,0,0,0,0,0,0,0,,,,,,
2026-10-09 06:44:22,7975.0,8022.5,268,0,12,0,0,0,12,0,,,,,,
2026-10-09 06:44:22,7975.0,8022.5,161,0,0,0,0,0,0,0,,,,,,
2026-10-09 06:44:22,7975.0,8022.5,90,8,0,0,0,0,0,0,,,,,,
2026-10-09 06:44:22,7975.0,8022.5,162,0,0,0,0,0,0,0,,,,,,
2026-10-09 06:44:22,7975.0,8022.5,310,18,3,0,0,0,3,0,,,,,,
2026-10-09 06:44:22,7975.0,8022.5,114,0,0,0,0,0,0,0,,,,,,
2026-10-09 06:44:22,7975.0,8022.5,38,0,0,0,0,0,0,0,,,,,,
2026-10-09 06:44:22,7975.0,8022.5,83,0,0,0,0,0,0,0,,,,,,
2026-10-09 06:44:22,7975.0,8022.5,0,3,0,0,0,0,0,0,,,,,,
2026-10-09 06:44:22,7975.0,8022.5,93,3,0,0,0,0,0,0,,,,,,
2026-10-09 06:44:22,7975.0,8022.5,35,0,0,0,0,0,0,0,,,,,,
2026-10-09 06:44:22,7975.0,8022.5,0,0,0,0,0,0,0,0,,,,,,
2026-10-09 06:44:22,7980.0,8027.5,175,0,0,0,0,0,0,0,,,,,,
2026-10-09 06:44:22,7980.0,8027.5,13,3,0,0,0,0,0,0,,,,,,
2026-10-09 06:44:22,7990.0,8037.5,110,0,1,0,0,0,1,0,,,,,,
2026-10-09 06:44:22,7990.0,8037.5,7,0,0,0,0,0,0,0,,,,,,
2026-10-09 06:44:22,8000.0,8047.5,754,8,1,0,0,0,1,0,,,,,,
2026-10-09 06:44:22,8000.0,8047.5,406,9,1,0,0,0,1,0,,,,,,
2026-10-09 06:44:22,8000.0,8047.5,388,6,1,0,0,0,1,0,,,,,,
2026-10-09 06:44:22,8000.0,8047.5,292,0,0,0,0,0,0,0,,,,,,
2026-10-09 06:44:22,8000.0,8047.5,979,502,8,0,0,0,8,0,,,,,,
2026-10-09 06:44:22,8000.0,8047.5,257,0,4,0,0,0,4,0,,,,,,
2026-10-09 06:44:22,8000.0,8047.5,80,0,0,0,0,0,0,0,,,,,,
2026-10-09 06:44:22,8000.0,8047.5,59,0,1,0,0,0,1,0,,,,,,
2026-10-09 06:44:22,8000.0,8047.5,26,0,0,0,0,0,0,0,,,,,,
2026-10-09 06:44:22,8000.0,8047.5,1521,6,4,0,0,0,4,0,,,,,,
2026-10-09 06:44:22,8000.0,8047.5,1,0,0,0,0,0,0,0,,,,,,
2026-10-09 06:44:22,8000.0,8047.5,0,0,0,0,0,0,0,0,,,,,,
2026-10-09 06:44:22,8010.0,8057.5,243,0,0,0,0,0,0,0,,,,,,
2026-10-09 06:44:22,8010.0,8057.5,48,0,0,0,0,0,0,0,,,,,,
2026-10-09 06:44:22,8020.0,8067.5,42,0,1,0,0,0,1,0,,,,,,
2026-10-09 06:44:22,8020.0,8067.5,33,0,0,0,0,0,0,0,,,,,,
2026-10-09 06:44:22,8025.0,8072.5,677,0,1,0,0,0,1,0,,,,,,
2026-10-09 06:44:22,8025.0,8072.5,252,0,0,0,0,0,0,0,,,,,,
2026-10-09 06:44:22,8025.0,8072.5,197,0,1,0,0,0,1,0,,,,,,
2026-10-09 06:44:22,8025.0,8072.5,128,0,0,0,0,0,0,0,,,,,,
2026-10-09 06:44:22,8025.0,8072.5,287,0,4,0,0,0,4,0,,,,,,
2026-10-09 06:44:22,8025.0,8072.5,27,0,0,0,0,0,0,0,,,,,,
2026-10-09 06:44:22,8025.0,8072.5,15,0,0,0,0,0,0,0,,,,,,
2026-10-09 06:44:22,8025.0,8072.5,21,0,0,0,0,0,0,0,,,,,,
2026-10-09 06:44:22,8025.0,8072.5,22,0,0,0,0,0,0,0,,,,,,
2026-10-09 06:44:22,8025.0,8072.5,270,0,1,0,0,0,1,0,,,,,,
2026-10-09 06:44:22,8025.0,8072.5,25,0,0,0,0,0,0,0,,,,,,
2026-10-09 06:44:22,8025.0,8072.5,0,0,0,0,0,0,0,0,,,,,,
2026-10-09 06:44:22,8030.0,8077.5,412,0,0,0,0,0,0,0,,,,,,
2026-10-09 06:44:22,8030.0,8077.5,28,0,0,0,0,0,0,0,,,,,,
2026-10-09 06:44:22,8040.0,8087.5,320,0,0,0,0,0,0,0,,,,,,
2026-10-09 06:44:22,8040.0,8087.5,51,0,0,0,0,0,0,0,,,,,,
2026-10-09 06:44:22,8050.0,8097.5,236,0,0,0,0,0,0,0,,,,,,
2026-10-09 06:44:22,8050.0,8097.5,204,1,0,0,0,0,0,0,,,,,,
2026-10-09 06:44:22,8050.0,8097.5,124,2,0,0,0,0,0,0,,,,,,
2026-10-09 06:44:22,8050.0,8097.5,321,0,0,0,0,0,0,0,,,,,,
2026-10-09 06:44:22,8050.0,8097.5,563,0,0,0,0,0,0,0,,,,,,
2026-10-09 06:44:22,8050.0,8097.5,8,0,0,0,0,0,0,0,,,,,,
2026-10-09 06:44:22,8050.0,8097.5,2,0,1,0,0,0,1,0,,,,,,
2026-10-09 06:44:22,8050.0,8097.5,4,0,0,0,0,0,0,0,,,,,,
2026-10-09 06:44:22,8050.0,8097.5,16,0,0,0,0,0,0,0,,,,,,
2026-10-09 06:44:22,8050.0,8097.5,334,0,4,0,0,0,4,0,,,,,,
2026-10-09 06:44:22,8050.0,8097.5,9,0,0,0,0,0,0,0,,,,,,
2026-10-09 06:44:22,8050.0,8097.5,0,0,0,0,0,0,0,0,,,,,,
2026-10-09 06:44:22,8060.0,8107.5,60,0,0,0,0,0,0,0,,,,,,
2026-10-09 06:44:22,8070.0,8117.5,48,1,0,0,0,0,0,0,,,,,,
2026-10-09 06:44:22,8075.0,8122.5,206,0,0,0,0,0,0,0,,,,,,
2026-10-09 06:44:22,8075.0,8122.5,140,3,0,0,0,0,0,0,,,,,,
2026-10-09 06:44:22,8075.0,8122.5,114,0,0,0,0,0,0,0,,,,,,
2026-10-09 06:44:22,8075.0,8122.5,341,0,0,0,0,0,0,0,,,,,,
2026-10-09 06:44:22,8075.0,8122.5,650,1,5,0,0,0,5,0,,,,,,
2026-10-09 06:44:22,8075.0,8122.5,32,0,0,0,0,0,0,0,,,,,,
2026-10-09 06:44:22,8075.0,8122.5,24,0,0,0,0,0,0,0,,,,,,
2026-10-09 06:44:22,8075.0,8122.5,11,0,0,0,0,0,0,0,,,,,,
2026-10-09 06:44:22,8075.0,8122.5,38,0,0,0,0,0,0,0,,,,,,
2026-10-09 06:44:22,8075.0,8122.5,216,0,1,0,0,0,1,0,,,,,,
2026-10-09 06:44:22,8075.0,8122.5,9,0,0,0,0,0,0,0,,,,,,
2026-10-09 06:44:22,8080.0,8127.5,49,0,0,0,0,0,0,0,,,,,,
2026-10-09 06:44:22,8090.0,8137.5,31,0,0,0,0,0,0,0,,,,,,
2026-10-09 06:44:22,8100.0,8147.5,2131,0,0,0,0,0,0,0,,,,,,
2026-10-09 06:44:22,8100.0,8147.5,847,0,0,0,0,0,0,0,,,,,,
2026-10-09 06:44:22,8100.0,8147.5,443,0,1,0,0,0,1,0,,,,,,
2026-10-09 06:44:22,8100.0,8147.5,343,0,0,0,0,0,0,0,,,,,,
2026-10-09 06:44:22,8100.0,8147.5,678,2,0,0,0,0,0,0,,,,,,
2026-10-09 06:44:22,8100.0,8147.5,276,0,0,0,0,0,0,0,,,,,,
2026-10-09 06:44:22,8100.0,8147.5,51,0,0,0,0,0,0,0,,,,,,
2026-10-09 06:44:22,8100.0,8147.5,14,0,0,0,0,0,0,0,,,,,,
2026-10-09 06:44:22,8100.0,8147.5,57,0,0,0,0,0,0,0,,,,,,
2026-10-09 06:44:22,8100.0,8147.5,569,1,2,0,0,0,2,0,,,,,,
2026-10-09 06:44:22,8100.0,8147.5,7,0,0,0,0,0,0,0,,,,,,
2026-10-09 06:44:22,8100.0,8147.5,0,0,0,0,0,0,0,0,,,,,,
2026-10-09 06:44:22,8110.0,8157.5,21,0,0,0,0,0,0,0,,,,,,
2026-10-09 06:44:22,8120.0,8167.5,155,0,1,0,0,0,1,0,,,,,,
2026-10-09 06:44:22,8125.0,8172.5,42,0,0,0,0,0,0,0,,,,,,
2026-10-09 06:44:22,8125.0,8172.5,61,0,0,0,0,0,0,0,,,,,,
2026-10-09 06:44:22,8125.0,8172.5,112,0,1,0,0,0,1,0,,,,,,
2026-10-09 06:44:22,8125.0,8172.5,30,0,0,0,0,0,0,0,,,,,,
2026-10-09 06:44:22,8125.0,8172.5,393,0,5,0,0,0,5,0,,,,,,
2026-10-09 06:44:22,8125.0,8172.5,17,0,1,0,0,0,1,0,,,,,,
2026-10-09 06:44:22,8125.0,8172.5,24,0,0,0,0,0,0,0,,,,,,
2026-10-09 06:44:22,8125.0,8172.5,9,0,0,0,0,0,0,0,,,,,,
2026-10-09 06:44:22,8125.0,8172.5,0,0,0,0,0,0,0,0,,,,,,
2026-10-09 06:44:22,8125.0,8172.5,131,0,0,0,0,0,0,0,,,,,,
2026-10-09 06:44:22,8130.0,8177.5,52,0,5,0,0,0,5,0,,,,,,
2026-10-09 06:44:22,8150.0,8197.5,551,0,0,0,0,0,0,0,,,,,,
2026-10-09 06:44:22,8150.0,8197.5,49,0,0,0,0,0,0,0,,,,,,
2026-10-09 06:44:22,8150.0,8197.5,504,0,0,0,0,0,0,0,,,,,,
2026-10-09 06:44:22,8150.0,8197.5,72,0,0,0,0,0,0,0,,,,,,
2026-10-09 06:44:22,8150.0,8197.5,647,0,0,0,0,0,0,0,,,,,,
2026-10-09 06:44:22,8150.0,8197.5,28,0,2,0,0,0,2,0,,,,,,
2026-10-09 06:44:22,8150.0,8197.5,13,0,2,0,0,0,2,0,,,,,,
2026-10-09 06:44:22,8150.0,8197.5,2,0,0,0,0,0,0,0,,,,,,
2026-10-09 06:44:22,8150.0,8197.5,0,0,0,0,0,0,0,0,,,,,,
2026-10-09 06:44:22,8150.0,8197.5,440,2,25,0,0,0,25,0,,3,,,,
2026-10-09 06:44:22,8175.0,8222.5,43,0,0,0,0,0,0,0,,,,,,
2026-10-09 06:44:22,8175.0,8222.5,48,0,0,0,0,0,0,0,,,,,,
2026-10-09 06:44:22,8175.0,8222.5,224,0,0,0,0,0,0,0,,,,,,
2026-10-09 06:44:22,8175.0,8222.5,20,0,0,0,0,0,0,0,,,,,,
2026-10-09 06:44:22,8175.0,8222.5,339,5,1,0,0,0,1,0,,,,,,
2026-10-09 06:44:22,8175.0,8222.5,7,1,0,0,0,0,0,0,,,,,,
2026-10-09 06:44:22,8175.0,8222.5,1,0,0,0,0,0,0,0,,,,,,
2026-10-09 06:44:22,8175.0,8222.5,8,0,0,0,0,0,0,0,,,,,,
2026-10-09 06:44:22,8175.0,8222.5,0,0,0,0,0,0,0,0,,,,,,
2026-10-09 06:44:22,8175.0,8222.5,102,0,25,0,0,0,25,0,,4,,,,
2026-10-09 06:44:22,8200.0,8247.5,295,0,0,0,0,0,0,0,,,,,,
2026-10-09 06:44:22,8200.0,8247.5,631,0,0,0,0,0,0,0,,,,,,
2026-10-09 06:44:22,8200.0,8247.5,263,0,1,0,0,0,1,0,,,,,,
2026-10-09 06:44:22,8200.0,8247.5,353,0,0,0,0,0,0,0,,,,,,
2026-10-09 06:44:22,8200.0,8247.5,976,5,2,0,0,0,2,0,,,,,,
2026-10-09 06:44:22,8200.0,8247.5,78,0,0,0,0,0,0,0,,,,,,
2026-10-09 06:44:22,8200.0,8247.5,51,0,0,0,0,0,0,0,,,,,,
2026-10-09 06:44:22,8200.0,8247.5,92,0,0,0,0,0,0,0,,,,,,
2026-10-09 06:44:22,8200.0,8247.5,31,0,0,0,0,0,0,0,,,,,,
2026-10-09 06:44:22,8200.0,8247.5,421,0,4,0,0,0,4,0,,,,,,
2026-10-09 06:44:22,8200.0,8247.5,2,0,0,0,0,0,0,0,,,,,,
2026-10-09 06:44:22,8200.0,8247.5,0,0,0,0,0,0,0,0,,,,,,
2026-10-09 06:44:22,8225.0,8272.5,19,1,0,0,0,0,0,0,,,,,,
2026-10-09 06:44:22,8225.0,8272.5,4,0,0,0,0,0,0,0,,,,,,
2026-10-09 06:44:22,8225.0,8272.5,30,0,0,0,0,0,0,0,,,,,,
2026-10-09 06:44:22,8225.0,8272.5,50,0,0,0,0,0,0,0,,,,,,
2026-10-09 06:44:22,8225.0,8272.5,274,0,0,0,0,0,0,0,,,,,,
2026-10-09 06:44:22,8225.0,8272.5,3,0,0,0,0,0,0,0,,,,,,
2026-10-09 06:44:22,8225.0,8272.5,3,0,0,0,0,0,0,0,,,,,,
2026-10-09 06:44:22,8225.0,8272.5,2,0,0,0,0,0,0,0,,,,,,
2026-10-09 06:44:22,8225.0,8272.5,0,0,0,0,0,0,0,0,,,,,,
2026-10-09 06:44:22,8225.0,8272.5,69,0,1,0,0,0,1,0,,,,,,
2026-10-09 06:44:22,8250.0,8297.5,8,0,0,0,0,0,0,0,,,,,,
2026-10-09 06:44:22,8250.0,8297.5,8,0,0,0,0,0,0,0,,,,,,
2026-10-09 06:44:22,8250.0,8297.5,25,0,0,0,0,0,0,0,,,,,,
2026-10-09 06:44:22,8250.0,8297.5,29,0,0,0,0,0,0,0,,,,,,
2026-10-09 06:44:22,8250.0,8297.5,446,0,4,0,0,0,4,0,,,,,,
2026-10-09 06:44:22,8250.0,8297.5,24,0,1,0,0,0,1,0,,,,,,
2026-10-09 06:44:22,8250.0,8297.5,5,0,0,0,0,0,0,0,,,,,,
2026-10-09 06:44:22,8250.0,8297.5,0,0,0,0,0,0,0,0,,,,,,
2026-10-09 06:44:22,8250.0,8297.5,0,0,0,0,0,0,0,0,,,,,,
2026-10-09 06:44:22,8250.0,8297.5,270,1,16,0,0,0,16,0,,,,,,
2026-10-09 06:44:22,8275.0,8322.5,13,0,0,0,0,0,0,0,,,,,,
2026-10-09 06:44:22,8275.0,8322.5,1,0,0,0,0,0,0,0,,,,,,
2026-10-09 06:44:22,8275.0,8322.5,0,0,0,0,0,0,0,0,,,,,,
2026-10-09 06:44:22,8275.0,8322.5,29,0,0,0,0,0,0,0,,,,,,
2026-10-09 06:44:22,8275.0,8322.5,72,0,0,0,0,0,0,0,,,,,,
2026-10-09 06:44:22,8275.0,8322.5,10,0,0,0,0,0,0,0,,,,,,
2026-10-09 06:44:22,8275.0,8322.5,12,0,0,0,0,0,0,0,,,,,,
2026-10-09 06:44:22,8275.0,8322.5,7,0,0,0,0,0,0,0,,,,,,
2026-10-09 06:44:22,8275.0,8322.5,0,0,0,0,0,0,0,0,,,,,,
2026-10-09 06:44:22,8275.0,8322.5,30,0,2,0,0,0,2,0,,,,,,
2026-10-09 06:44:22,8300.0,8347.5,23,0,0,0,0,0,0,0,,,,,,
2026-10-09 06:44:22,8300.0,8347.5,229,0,0,0,0,0,0,0,,,,,,
2026-10-09 06:44:22,8300.0,8347.5,220,0,1,0,0,0,1,0,,,,,,
2026-10-09 06:44:22,8300.0,8347.5,70,0,0,0,0,0,0,0,,,,,,
2026-10-09 06:44:22,8300.0,8347.5,185,3,1,0,0,0,1,0,,,,,,
2026-10-09 06:44:22,8300.0,8347.5,47,1,0,0,0,0,0,0,,,,,,
2026-10-09 06:44:22,8300.0,8347.5,20,0,0,0,0,0,0,0,,,,,,
2026-10-09 06:44:22,8300.0,8347.5,57,0,0,0,0,0,0,0,,,,,,
2026-10-09 06:44:22,8300.0,8347.5,16,0,0,0,0,0,0,0,,,,,,
2026-10-09 06:44:22,8300.0,8347.5,266,0,18,0,0,0,18,0,,,,,,
2026-10-09 06:44:22,8300.0,8347.5,5,0,8,0,3,0,8,3,,,,,3,
2026-10-09 06:44:22,8300.0,8347.5,0,0,0,0,0,0,0,0,,,,,,
2026-10-09 06:44:22,8325.0,8372.5,0,0,0,0,0,0,0,0,,,,,,
2026-10-09 06:44:22,8325.0,8372.5,0,0,0,0,0,0,0,0,,,,,,
2026-10-09 06:44:22,8325.0,8372.5,0,0,0,0,0,0,0,0,,,,,,
2026-10-09 06:44:22,8325.0,8372.5,0,0,0,0,0,0,0,0,,,,,,
2026-10-09 06:44:22,8325.0,8372.5,24,0,0,0,0,0,0,0,,,,,,
2026-10-09 06:44:22,8325.0,8372.5,0,0,0,0,0,0,0,0,,,,,,
2026-10-09 06:44:22,8325.0,8372.5,1,0,0,0,0,0,0,0,,,,,,
2026-10-09 06:44:22,8325.0,8372.5,0,0,0,0,0,0,0,0,,,,,,
2026-10-09 06:44:22,8325.0,8372.5,2,0,0,0,0,0,0,0,,,,,,
2026-10-09 06:44:22,8350.0,8397.5,0,0,0,0,0,0,0,0,,,,,,
2026-10-09 06:44:22,8350.0,8397.5,1,0,0,0,0,0,0,0,,,,,,
2026-10-09 06:44:22,8350.0,8397.5,3,0,0,0,0,0,0,0,,,,,,
2026-10-09 06:44:22,8350.0,8397.5,2,0,0,0,0,0,0,0,,,,,,
2026-10-09 06:44:22,8350.0,8397.5,549,0,1,0,0,0,1,0,,,,,,
2026-10-09 06:44:22,8350.0,8397.5,0,0,0,0,0,0,0,0,,,,,,
2026-10-09 06:44:22,8350.0,8397.5,10,0,0,0,0,0,0,0,,,,,,
2026-10-09 06:44:22,8350.0,8397.5,109,0,0,0,0,0,0,0,,,,,,
2026-10-09 06:44:22,8375.0,8422.5,10,0,0,0,0,0,0,0,,,,,,
2026-10-09 06:44:22,8400.0,8447.5,15,0,0,0,0,0,0,0,,,,,,
2026-10-09 06:44:22,8400.0,8447.5,224,0,0,0,0,0,0,0,,,,,,
2026-10-09 06:44:22,8400.0,8447.5,215,0,0,0,0,0,0,0,,,,,,
2026-10-09 06:44:22,8400.0,8447.5,23,0,0,0,0,0,0,0,,,,,,
2026-10-09 06:44:22,8400.0,8447.5,17035,1,0,0,0,0,0,0,,,,,,
2026-10-09 06:44:22,8400.0,8447.5,35,0,0,0,0,0,0,0,,,,,,
2026-10-09 06:44:22,8400.0,8447.5,3,0,0,0,0,0,0,0,,,,,,
2026-10-09 06:44:22,8400.0,8447.5,8,0,0,0,0,0,0,0,,,,,,
2026-10-09 06:44:22,8400.0,8447.5,10,0,0,0,0,0,0,0,,,,,,
2026-10-09 06:44:22,8400.0,8447.5,327,0,0,0,0,0,0,0,,,,,,
2026-10-09 06:44:22,8400.0,8447.5,3,0,5,0,2,0,5,2,,,,,,
2026-10-09 06:44:22,8400.0,8447.5,0,0,0,0,0,0,0,0,,,,,,
2026-10-09 06:44:22,8425.0,8472.5,0,0,0,0,0,0,0,0,,,,,,
2026-10-09 06:44:22,8450.0,8497.5,399,1,0,0,0,0,0,0,,,,,,
2026-10-09 06:44:22,8450.0,8497.5,311,0,0,0,0,0,0,0,,,,,,
2026-10-09 06:44:22,8500.0,8547.5,0,0,0,0,0,0,0,0,,,,,,
2026-10-09 06:44:22,8500.0,8547.5,138,0,0,0,0,0,0,0,,,,,,
2026-10-09 06:44:22,8500.0,8547.5,13118,2,0,0,0,0,0,0,,,,,,
2026-10-09 06:44:22,8500.0,8547.5,2,0,0,0,0,0,0,0,,,,,,
2026-10-09 06:44:22,8500.0,8547.5,3439,0,0,0,0,0,0,0,,,,,,
2026-10-09 06:44:22,8500.0,8547.5,20,0,0,0,0,0,0,0,,,,,,
2026-10-09 06:44:22,8500.0,8547.5,0,0,0,0,0,0,0,0,,,,,,
2026-10-09 06:44:22,8500.0,8547.5,0,0,0,0,0,0,0,0,,,,,,
2026-10-09 06:44:22,8500.0,8547.5,2,0,0,0,0,0,0,0,,,,,,
2026-10-09 06:44:22,8500.0,8547.5,63,0,0,0,0,0,0,0,,,,,,
2026-10-09 06:44:22,8500.0,8547.5,0,0,5,0,5,0,5,5,,,,,2,
2026-10-09 06:44:22,8500.0,8547.5,0,0,0,0,0,0,0,0,,,,,,
2026-10-09 06:44:22,8550.0,8597.5,0,0,0,0,0,0,0,0,,,,,,
2026-10-09 06:44:22,8550.0,8597.5,0,0,0,0,0,0,0,0,,,,,,
2026-10-09 06:44:22,8600.0,8647.5,41,0,0,0,0,0,0,0,,,,,,
2026-10-09 06:44:22,8600.0,8647.5,16,0,0,0,0,0,0,0,,,,,,
2026-10-09 06:44:22,8600.0,8647.5,2340,0,0,0,0,0,0,0,,,,,,
2026-10-09 06:44:22,8600.0,8647.5,11,0,0,0,0,0,0,0,,,,,,
2026-10-09 06:44:22,8600.0,8647.5,185,0,0,0,0,0,0,0,,,,,,
2026-10-09 06:44:22,8600.0,8647.5,0,0,0,0,0,0,0,0,,,,,,
2026-10-09 06:44:22,8600.0,8647.5,0,0,2,0,2,0,2,2,,,,,,
2026-10-09 06:44:22,8600.0,8647.5,1,0,0,0,0,0,0,0,,,,,,
2026-10-09 06:44:22,8600.0,8647.5,1,0,0,0,0,0,0,0,,,,,,
2026-10-09 06:44:22,8600.0,8647.5,963,0,0,0,0,0,0,0,,,,,,
2026-10-09 06:44:22,8600.0,8647.5,0,0,0,0,0,0,0,0,,,,,,
2026-10-09 06:44:22,8600.0,8647.5,0,0,0,0,0,0,0,0,,,,,,
2026-10-09 06:44:22,8700.0,8747.5,5,0,0,0,0,0,0,0,,,,,,
2026-10-09 06:44:22,8700.0,8747.5,25,0,0,0,0,0,0,0,,,,,,
2026-10-09 06:44:22,8800.0,8847.5,4,0,2,0,0,0,2,0,,,,,,
2026-10-09 06:44:22,8800.0,8847.5,34,0,0,0,0,0,0,0,,,,,,
2026-10-09 06:44:22,8800.0,8847.5,13100,0,0,0,0,0,0,0,,,,,,
2026-10-09 06:44:22,8800.0,8847.5,0,0,0,0,0,0,0,0,,,,,,
2026-10-09 06:44:22,8800.0,8847.5,19704,0,0,0,0,0,0,0,,,,,,
2026-10-09 06:44:22,8800.0,8847.5,1,0,0,0,0,0,0,0,,,,,,
2026-10-09 06:44:22,8800.0,8847.5,0,0,0,0,0,0,0,0,,,,,,
2026-10-09 06:44:22,8800.0,8847.5,1,0,0,0,0,0,0,0,,,,,,
2026-10-09 06:44:22,8800.0,8847.5,0,0,0,0,0,0,0,0,,,,,,
2026-10-09 06:44:22,8800.0,8847.5,81,0,0,0,0,0,0,0,,,,,,
2026-10-09 06:44:22,8800.0,8847.5,0,0,0,0,0,0,0,0,,,,,,
2026-10-09 06:44:22,8800.0,8847.5,0,0,0,0,0,0,0,0,,,,,,
2026-10-09 06:44:22,9000.0,9047.5,1,0,0,0,0,0,0,0,,,,,,
2026-10-09 06:44:22,9000.0,9047.5,13,0,0,0,0,0,0,0,,,,,,
2026-10-09 06:44:22,9000.0,9047.5,2305,0,0,0,0,0,0,0,,,,,,
2026-10-09 06:44:22,9000.0,9047.5,0,0,0,0,0,0,0,0,,,,,,
2026-10-09 06:44:22,9000.0,9047.5,21,0,0,0,0,0,0,0,,,,,,
2026-10-09 06:44:22,9000.0,9047.5,2,0,0,0,0,0,0,0,,,,,,
2026-10-09 06:44:22,9000.0,9047.5,0,0,0,0,0,0,0,0,,,,,,
2026-10-09 06:44:22,9000.0,9047.5,2,0,0,0,0,0,0,0,,,,,,
2026-10-09 06:44:22,9000.0,9047.5,0,0,0,0,0,0,0,0,,,,,,
2026-10-09 06:44:22,9000.0,9047.5,19,0,0,0,0,0,0,0,,,,,,
2026-10-09 06:44:22,9000.0,9047.5,0,0,0,0,0,0,0,0,,,,,,
2026-10-09 06:44:22,9000.0,9047.5,0,0,0,0,0,0,0,0,,,,,,
2026-10-09 06:44:22,9200.0,9247.5,0,9,0,0,0,0,0,0,,,,,,
2026-10-09 06:44:22,9200.0,9247.5,0,0,0,0,0,0,0,0,,,,,,
2026-10-09 06:44:22,9200.0,9247.5,1,0,0,0,0,0,0,0,,,,,,
2026-10-09 06:44:22,9200.0,9247.5,2,0,0,0,0,0,0,0,,,,,,
2026-10-09 06:44:22,9200.0,9247.5,3,0,0,0,0,0,0,0,,,,,,
2026-10-09 06:44:22,9200.0,9247.5,0,0,0,0,0,0,0,0,,,,,,
2026-10-09 06:44:22,9200.0,9247.5,0,0,0,0,0,0,0,0,,,,,,
2026-10-09 06:44:22,9200.0,9247.5,0,0,0,0,0,0,0,0,,,,,,
2026-10-09 06:44:22,9200.0,9247.5,0,0,0,0,0,0,0,0,,,,,,
2026-10-09 06:44:22,9200.0,9247.5,13,0,0,0,0,0,0,0,,,,,,
2026-10-09 06:44:22,9200.0,9247.5,1,0,0,0,0,0,0,0,,,,,,
2026-10-09 06:44:22,9200.0,9247.5,0,0,0,0,0,0,0,0,,,,,,
2026-10-09 06:44:25,6290.0,6337.5,0,20,0,0,0,0,0,0,,,,,,1
2026-10-09 06:44:25,6290.0,6337.5,0,60,0,0,0,0,0,0,,,,,,2
2026-10-09 06:44:25,6300.0,6347.5,23,19935,0,30,0,0,30,0,,,,,,3
2026-10-09 06:44:25,6300.0,6347.5,0,78,0,0,0,0,0,0,,,,,,4
2026-10-09 06:44:25,6300.0,6347.5,0,260,0,0,0,0,0,0,,,,,,5
2026-10-09 06:44:25,6310.0,6357.5,0,7,0,0,0,0,0,0,,,,,,
2026-10-09 06:44:25,6310.0,6357.5,0,21,0,0,0,0,0,0,,,,,,
2026-10-09 06:44:25,6320.0,6367.5,1,5,0,0,0,0,0,0,,,,,,
2026-10-09 06:44:25,6320.0,6367.5,0,6,0,0,0,0,0,0,,,,,,
2026-10-09 06:44:25,6325.0,6372.5,7,4887,0,0,0,0,0,0,,,,,,
2026-10-09 06:44:25,6325.0,6372.5,0,77,0,0,0,0,0,0,,,,,,
2026-10-09 06:44:25,6330.0,6377.5,1,11,0,0,0,0,0,0,,,,,,
2026-10-09 06:44:25,6330.0,6377.5,0,0,0,0,0,0,0,0,,,,,,
2026-10-09 06:44:25,6340.0,6387.5,0,267,0,0,0,0,0,0,,,,,,
2026-10-09 06:44:25,6340.0,6387.5,10,11,0,0,0,0,0,0,,,,,,
2026-10-09 06:44:25,6350.0,6397.5,16,3721,0,0,0,0,0,0,,,,,,
2026-10-09 06:44:25,6350.0,6397.5,0,17,0,0,0,0,0,0,,,,,,
2026-10-09 06:44:25,6350.0,6397.5,129,140,0,0,0,0,0,0,,,,,,
2026-10-09 06:44:25,6360.0,6407.5,0,63,0,0,0,0,0,0,,,,,,
2026-10-09 06:44:25,6360.0,6407.5,0,5,0,0,0,0,0,0,,,,,,
2026-10-09 06:44:25,6370.0,6417.5,0,197,0,0,0,0,0,0,,,,,,
2026-10-09 06:44:25,6370.0,6417.5,0,0,0,0,0,0,0,0,,,,,,
2026-10-09 06:44:25,6375.0,6422.5,30,2903,0,0,0,0,0,0,,,,,,
2026-10-09 06:44:25,6375.0,6422.5,15,105,0,0,0,0,0,0,,,,,,
2026-10-09 06:44:25,6380.0,6427.5,0,13,0,0,0,0,0,0,,,,,,
2026-10-09 06:44:25,6380.0,6427.5,0,24,0,0,0,0,0,0,,,,,,
2026-10-09 06:44:25,6390.0,6437.5,2,84,0,0,0,0,0,0,,,,,,
2026-10-09 06:44:25,6390.0,6437.5,0,6,0,0,0,0,0,0,,,,,,
2026-10-09 06:44:25,6400.0,6447.5,1022,71174,0,124,0,0,124,0,,,4,,,
2026-10-09 06:44:25,6400.0,6447.5,0,26,0,0,0,0,0,0,,,,,,
2026-10-09 06:44:25,6400.0,6447.5,1,198,0,7,0,0,7,0,,,,,,
2026-10-09 06:44:25,6410.0,6457.5,1,491,0,0,0,0,0,0,,,,,,
2026-10-09 06:44:25,6410.0,6457.5,0,18,0,0,0,0,0,0,,,,,,
2026-10-09 06:44:25,6420.0,6467.5,0,157,0,0,0,0,0,0,,,,,,
2026-10-09 06:44:25,6420.0,6467.5,0,1,0,0,0,0,0,0,,,,,,
2026-10-09 06:44:25,6425.0,6472.5,7,2224,0,0,0,0,0,0,,,,,,
2026-10-09 06:44:25,6425.0,6472.5,0,27,0,0,0,0,0,0,,,,,,
2026-10-09 06:44:25,6430.0,6477.5,2,276,0,0,0,0,0,0,,,,,,
2026-10-09 06:44:25,6430.0,6477.5,0,3,0,3,0,0,3,0,,,,,,
2026-10-09 06:44:25,6440.0,6487.5,0,2305,0,0,0,0,0,0,,,,,,
2026-10-09 06:44:25,6440.0,6487.5,0,15,0,0,0,0,0,0,,,,,,
2026-10-09 06:44:25,6450.0,6497.5,215,3522,0,0,0,0,0,0,,,,,,
2026-10-09 06:44:25,6450.0,6497.5,0,19,0,0,0,0,0,0,,,,,,
2026-10-09 06:44:25,6450.0,6497.5,0,127,0,0,0,0,0,0,,,,,,
2026-10-09 06:44:25,6460.0,6507.5,1,197,0,2,0,0,2,0,,,,,,
2026-10-09 06:44:25,6460.0,6507.5,0,20,0,0,0,0,0,0,,,,,,
2026-10-09 06:44:25,6470.0,6517.5,0,101,0,0,0,0,0,0,,,,,,
2026-10-09 06:44:25,6470.0,6517.5,0,4,0,0,0,0,0,0,,,,,,
2026-10-09 06:44:25,6475.0,6522.5,50,1457,0,2,0,0,2,0,,,,,,
2026-10-09 06:44:25,6475.0,6522.5,0,72,0,0,0,0,0,0,,,,,,
2026-10-09 06:44:25,6480.0,6527.5,3,58,0,0,0,0,0,0,,,,,,
2026-10-09 06:44:25,6480.0,6527.5,108,27,0,0,0,0,0,0,,,,,,
2026-10-09 06:44:25,6490.0,6537.5,0,2188,0,0,0,0,0,0,,,,,,
2026-10-09 06:44:25,6490.0,6537.5,21,19,0,0,0,0,0,0,,,,,,
2026-10-09 06:44:25,6500.0,6547.5,3205,75503,0,124,0,0,124,0,,,5,,,
2026-10-09 06:44:25,6500.0,6547.5,0,27,0,0,0,0,0,0,,,,,,
2026-10-09 06:44:25,6500.0,6547.5,4,5477,0,0,0,0,0,0,,,,,,
2026-10-09 06:44:25,6510.0,6557.5,1,138,0,0,0,0,0,0,,,,,,
2026-10-09 06:44:25,6510.0,6557.5,0,6,0,0,0,0,0,0,,,,,,
2026-10-09 06:44:25,6520.0,6567.5,1,55,0,0,0,0,0,0,,,,,,
2026-10-09 06:44:25,6520.0,6567.5,0,14,0,0,0,0,0,0,,,,,,
2026-10-09 06:44:25,6525.0,6572.5,929,1655,0,0,0,0,0,0,,,,,,
2026-10-09 06:44:25,6525.0,6572.5,0,148,0,0,0,0,0,0,,,,,,
2026-10-09 06:44:25,6530.0,6577.5,1,60,0,0,0,0,0,0,,,,,,
2026-10-09 06:44:25,6530.0,6577.5,0,43,0,0,0,0,0,0,,,,,,
2026-10-09 06:44:25,6540.0,6587.5,0,167,0,0,0,0,0,0,,,,,,
2026-10-09 06:44:25,6540.0,6587.5,0,0,0,0,0,0,0,0,,,,,,
2026-10-09 06:44:25,6550.0,6597.5,181,3148,0,0,0,0,0,0,,,,,,
2026-10-09 06:44:25,6550.0,6597.5,0,10,0,0,0,0,0,0,,,,,,
2026-10-09 06:44:25,6550.0,6597.5,0,8464,0,0,0,0,0,0,,,,,,
2026-10-09 06:44:25,6560.0,6607.5,0,424,0,0,0,0,0,0,,,,,,
2026-10-09 06:44:25,6560.0,6607.5,0,28,0,0,0,0,0,0,,,,,,
2026-10-09 06:44:25,6570.0,6617.5,340,166,0,0,0,0,0,0,,,,,,
2026-10-09 06:44:25,6570.0,6617.5,0,15,0,0,0,0,0,0,,,,,,
2026-10-09 06:44:25,6575.0,6622.5,868,1339,0,0,0,0,0,0,,,,,,
2026-10-09 06:44:25,6575.0,6622.5,0,62,0,0,0,0,0,0,,,,,,
2026-10-09 06:44:25,6580.0,6627.5,0,1084,0,0,0,0,0,0,,,,,,
2026-10-09 06:44:25,6580.0,6627.5,0,8,0,0,0,0,0,0,,,,,,
2026-10-09 06:44:25,6590.0,6637.5,1,264,0,0,0,0,0,0,,,,,,
2026-10-09 06:44:25,6590.0,6637.5,0,19,0,0,0,0,0,0,,,,,,
2026-10-09 06:44:25,6600.0,6647.5,1998,14622,0,0,0,0,0,0,,,,,,
2026-10-09 06:44:25,6600.0,6647.5,0,79,0,0,0,0,0,0,,,,,,
2026-10-09 06:44:25,6600.0,6647.5,1,227,0,0,0,0,0,0,,,,,,
2026-10-09 06:44:25,6610.0,6657.5,2,566,0,0,0,0,0,0,,,,,,
2026-10-09 06:44:25,6610.0,6657.5,0,10,0,0,0,0,0,0,,,,,,
2026-10-09 06:44:25,6620.0,6667.5,5,562,0,0,0,0,0,0,,,,,,
2026-10-09 06:44:25,6620.0,6667.5,0,14,0,0,0,0,0,0,,,,,,
2026-10-09 06:44:25,6625.0,6672.5,212,3874,0,0,0,0,0,0,,,,,,
2026-10-09 06:44:25,6625.0,6672.5,1,600,0,0,0,0,0,0,,,,,,
2026-10-09 06:44:25,6630.0,6677.5,0,275,0,0,0,0,0,0,,,,,,
2026-10-09 06:44:25,6630.0,6677.5,0,11,0,0,0,0,0,0,,,,,,
2026-10-09 06:44:25,6640.0,6687.5,1,488,0,0,0,0,0,0,,,,,,
2026-10-09 06:44:25,6640.0,6687.5,0,1,0,0,0,0,0,0,,,,,,
2026-10-09 06:44:25,6650.0,6697.5,1846,4230,0,0,0,0,0,0,,,,,,
2026-10-09 06:44:25,6650.0,6697.5,0,80,0,0,0,0,0,0,,,,,,
2026-10-09 06:44:25,6650.0,6697.5,2,269,0,0,0,0,0,0,,,,,,
2026-10-09 06:44:25,6660.0,6707.5,4,799,0,0,0,0,0,0,,,,,,
2026-10-09 06:44:25,6660.0,6707.5,0,139,0,0,0,0,0,0,,,,,,
2026-10-09 06:44:25,6670.0,6717.5,378,843,0,0,0,0,0,0,,,,,,
2026-10-09 06:44:25,6670.0,6717.5,0,18,0,0,0,0,0,0,,,,,,
2026-10-09 06:44:25,6675.0,6722.5,1402,2969,0,0,0,0,0,0,,,,,,
2026-10-09 06:44:25,6675.0,6722.5,0,60,0,0,0,0,0,0,,,,,,
2026-10-09 06:44:25,6680.0,6727.5,0,340,0,0,0,0,0,0,,,,,,
2026-10-09 06:44:25,6680.0,6727.5,0,39,0,0,0,0,0,0,,,,,,
2026-10-09 06:44:25,6690.0,6737.5,11,469,0,0,0,0,0,0,,,,,,
2026-10-09 06:44:25,6690.0,6737.5,0,7,0,0,0,0,0,0,,,,,,
2026-10-09 06:44:25,6700.0,6747.5,3904,16456,0,25,0,0,25,0,,,,,,
2026-10-09 06:44:25,6700.0,6747.5,0,148,0,25,0,0,25,0,,,,,,
2026-10-09 06:44:25,6700.0,6747.5,3,1243,0,0,0,0,0,0,,,,,,
2026-10-09 06:44:25,6710.0,6757.5,1,619,0,0,0,0,0,0,,,,,,
2026-10-09 06:44:25,6710.0,6757.5,0,10,0,0,0,0,0,0,,,,,,
2026-10-09 06:44:25,6720.0,6767.5,0,551,0,1,0,0,1,0,,,,,,
2026-10-09 06:44:25,6720.0,6767.5,0,26,0,0,0,0,0,0,,,,,,
2026-10-09 06:44:25,6725.0,6772.5,3150,2001,0,0,0,0,0,0,,,,,,
2026-10-09 06:44:25,6725.0,6772.5,0,325,0,0,0,0,0,0,,,,,,
2026-10-09 06:44:25,6730.0,6777.5,0,394,0,0,0,0,0,0,,,,,,
2026-10-09 06:44:25,6730.0,6777.5,0,41,0,0,0,0,0,0,,,,,,
2026-10-09 06:44:25,6740.0,6787.5,2,352,0,0,0,0,0,0,,,,,,
2026-10-09 06:44:25,6740.0,6787.5,0,1,0,0,0,0,0,0,,,,,,
2026-10-09 06:44:25,6750.0,6797.5,3466,10726,0,1,0,0,1,0,,,,,,
2026-10-09 06:44:25,6750.0,6797.5,0,95,0,0,0,0,0,0,,,,,,
2026-10-09 06:44:25,6750.0,6797.5,2,275,0,0,0,0,0,0,,,,,,
2026-10-09 06:44:25,6760.0,6807.5,101,411,0,0,0,0,0,0,,,,,,
2026-10-09 06:44:25,6760.0,6807.5,0,24,0,0,0,0,0,0,,,,,,
2026-10-09 06:44:25,6770.0,6817.5,6,321,0,0,0,0,0,0,,,,,,
2026-10-09 06:44:25,6770.0,6817.5,0,7,0,0,0,0,0,0,,,,,,
2026-10-09 06:44:25,6775.0,6822.5,1925,2001,0,0,0,0,0,0,,,,,,
2026-10-09 06:44:25,6775.0,6822.5,0,167,0,0,0,0,0,0,,,,,,
2026-10-09 06:44:25,6780.0,6827.5,0,263,0,0,0,0,0,0,,,,,,
2026-10-09 06:44:25,6780.0,6827.5,0,2,0,0,0,0,0,0,,,,,,
2026-10-09 06:44:25,6790.0,6837.5,0,235,0,0,0,0,0,0,,,,,,
2026-10-09 06:44:25,6790.0,6837.5,0,57,0,0,0,0,0,0,,,,,,
2026-10-09 06:44:25,6800.0,6847.5,5651,11982,0,0,0,0,0,0,,,,,,
2026-10-09 06:44:25,6800.0,6847.5,0,208,0,3,0,0,3,0,,,,,,
2026-10-09 06:44:25,6800.0,6847.5,9,522,0,0,0,0,0,0,,,,,,
2026-10-09 06:44:25,6810.0,6857.5,2,354,0,0,0,0,0,0,,,,,,
2026-10-09 06:44:25,6810.0,6857.5,0,35,0,0,0,0,0,0,,,,,,
2026-10-09 06:44:25,6820.0,6867.5,2,381,0,0,0,0,0,0,,,,,,
2026-10-09 06:44:25,6820.0,6867.5,0,9,0,0,0,0,0,0,,,,,,
2026-10-09 06:44:25,6825.0,6872.5,1791,2710,0,0,0,0,0,0,,,,,,
2026-10-09 06:44:25,6825.0,6872.5,0,120,0,0,0,0,0,0,,,,,,
2026-10-09 06:44:25,6830.0,6877.5,8,809,0,0,0,0,0,0,,,,,,
2026-10-09 06:44:25,6830.0,6877.5,0,41,0,0,0,0,0,0,,,,,,
2026-10-09 06:44:25,6840.0,6887.5,2,243,0,0,0,0,0,0,,,,,,
2026-10-09 06:44:25,6840.0,6887.5,0,20,0,0,0,0,0,0,,,,,,
2026-10-09 06:44:25,6850.0,6897.5,1445,12017,0,3,0,0,3,0,,,,,,
2026-10-09 06:44:25,6850.0,6897.5,2,145,0,0,0,0,0,0,,,,,,
2026-10-09 06:44:25,6850.0,6897.5,8,175,0,0,0,0,0,0,,,,,,
2026-10-09 06:44:25,6860.0,6907.5,2,365,0,0,0,0,0,0,,,,,,
2026-10-09 06:44:25,6860.0,6907.5,0,16,0,0,0,0,0,0,,,,,,
2026-10-09 06:44:25,6870.0,6917.5,0,365,0,0,0,0,0,0,,,,,,
2026-10-09 06:44:25,6870.0,6917.5,0,12,0,0,0,0,0,0,,,,,,
2026-10-09 06:44:25,6875.0,6922.5,646,3480,0,0,0,0,0,0,,,,,,
2026-10-09 06:44:25,6875.0,6922.5,4,114,0,0,0,0,0,0,,,,,,
2026-10-09 06:44:25,6880.0,6927.5,6,379,0,0,0,0,0,0,,,,,,
2026-10-09 06:44:25,6880.0,6927.5,0,9,0,0,0,0,0,0,,,,,,
2026-10-09 06:44:25,6890.0,6937.5,7,653,0,0,0,0,0,0,,,,,,
2026-10-09 06:44:25,6890.0,6937.5,0,23,0,0,0,0,0,0,,,,,,
2026-10-09 06:44:25,6900.0,6947.5,3797,9176,0,2,0,0,2,0,,,,,,
2026-10-09 06:44:25,6900.0,6947.5,0,123,0,3,0,0,3,0,,,,,,
2026-10-09 06:44:25,6900.0,6947.5,5,870,0,0,0,0,0,0,,,,,,
2026-10-09 06:44:25,6910.0,6957.5,3,455,0,0,0,0,0,0,,,,,,
2026-10-09 06:44:25,6910.0,6957.5,0,36,0,0,0,0,0,0,,,,,,
2026-10-09 06:44:25,6920.0,6967.5,16,260,0,0,0,0,0,0,,,,,,
2026-10-09 06:44:25,6920.0,6967.5,0,15,0,0,0,0,0,0,,,,,,
2026-10-09 06:44:25,6925.0,6972.5,353,1738,0,0,0,0,0,0,,,,,,
2026-10-09 06:44:25,6925.0,6972.5,0,67,0,0,0,0,0,0,,,,,,
2026-10-09 06:44:25,6930.0,6977.5,1,120,0,0,0,0,0,0,,,,,,
2026-10-09 06:44:25,6930.0,6977.5,0,29,0,0,0,0,0,0,,,,,,
2026-10-09 06:44:25,6940.0,6987.5,0,277,0,0,0,0,0,0,,,,,,
2026-10-09 06:44:25,6940.0,6987.5,0,49,0,0,0,0,0,0,,,,,,
2026-10-09 06:44:25,6950.0,6997.5,1310,4600,0,4,0,0,4,0,,,,,,
2026-10-09 06:44:25,6950.0,6997.5,75,59,0,0,0,0,0,0,,,,,,
2026-10-09 06:44:25,6950.0,6997.5,4,207,0,6,0,0,6,0,,,,,,
2026-10-09 06:44:25,6960.0,7007.5,3,351,0,0,0,0,0,0,,,,,,
2026-10-09 06:44:25,6960.0,7007.5,2,12,0,0,0,0,0,0,,,,,,
2026-10-09 06:44:25,6970.0,7017.5,186,446,0,0,0,0,0,0,,,,,,
2026-10-09 06:44:25,6970.0,7017.5,0,52,0,0,0,0,0,0,,,,,,
2026-10-09 06:44:25,6975.0,7022.5,303,2785,0,0,0,0,0,0,,,,,,
2026-10-09 06:44:25,6975.0,7022.5,6,156,0,0,0,0,0,0,,,,,,
2026-10-09 06:44:25,6980.0,7027.5,13,834,0,0,0,0,0,0,,,,,,
2026-10-09 06:44:25,6980.0,7027.5,0,105,0,0,0,0,0,0,,,,,,
2026-10-09 06:44:25,6990.0,7037.5,13,1195,0,1,0,0,1,0,,,,,,
2026-10-09 06:44:25,6990.0,7037.5,0,38,0,0,0,0,0,0,,,,,,
2026-10-09 06:44:25,7000.0,7047.5,67111,88049,0,2,0,0,2,0,,,,,,
2026-10-09 06:44:25,7000.0,7047.5,3936,3987,0,0,0,0,0,0,,,,,,
2026-10-09 06:44:25,7000.0,7047.5,67,5634,0,0,0,0,0,0,,,,,,
2026-10-09 06:44:25,7010.0,7057.5,21,902,0,0,0,0,0,0,,,,,,
2026-10-09 06:44:25,7010.0,7057.5,0,25,0,0,0,0,0,0,,,,,,
2026-10-09 06:44:25,7015.0,7062.5,0,13,0,0,0,0,0,0,,,,,,
2026-10-09 06:44:25,7020.0,7067.5,9,702,0,0,0,0,0,0,,,,,,
2026-10-09 06:44:25,7020.0,7067.5,0,57,0,0,0,0,0,0,,,,,,
2026-10-09 06:44:25,7025.0,7072.5,295,2236,0,1,0,0,1,0,,,,,,
2026-10-09 06:44:25,7025.0,7072.5,65,157,0,0,0,0,0,0,,,,,,
2026-10-09 06:44:25,7030.0,7077.5,4,1189,0,0,0,0,0,0,,,,,,
2026-10-09 06:44:25,7030.0,7077.5,0,15,0,0,0,0,0,0,,,,,,
2026-10-09 06:44:25,7035.0,7082.5,0,33,0,0,0,0,0,0,,,,,,
2026-10-09 06:44:25,7040.0,7087.5,0,774,0,0,0,0,0,0,,,,,,
2026-10-09 06:44:25,7040.0,7087.5,0,11,0,0,0,0,0,0,,,,,,
2026-10-09 06:44:25,7045.0,7092.5,0,3,0,0,0,0,0,0,,,,,,
2026-10-09 06:44:25,7050.0,7097.5,3144,5645,0,0,0,0,0,0,,,,,,
2026-10-09 06:44:25,7050.0,7097.5,0,90,0,0,0,0,0,0,,,,,,
2026-10-09 06:44:25,7050.0,7097.5,1,1022,0,6,0,0,6,0,,,,,,
2026-10-09 06:44:25,7055.0,7102.5,0,20,0,0,0,0,0,0,,,,,,
2026-10-09 06:44:25,7060.0,7107.5,0,479,0,0,0,0,0,0,,,,,,
2026-10-09 06:44:25,7060.0,7107.5,2,38,0,0,0,0,0,0,,,,,,
2026-10-09 06:44:25,7065.0,7112.5,0,11,0,0,0,0,0,0,,,,,,
2026-10-09 06:44:25,7065.0,7112.5,0,53,0,1,0,0,1,0,,,,,,
2026-10-09 06:44:25,7070.0,7117.5,1,695,0,0,0,0,0,0,,,,,,
2026-10-09 06:44:25,7070.0,7117.5,0,17,0,0,0,0,0,0,,,,,,
2026-10-09 06:44:25,7075.0,7122.5,1102,2132,0,0,0,0,0,0,,,,,,
2026-10-09 06:44:25,7075.0,7122.5,0,11,0,0,0,0,0,0,,,,,,
2026-10-09 06:44:25,7075.0,7122.5,20,140,0,0,0,0,0,0,,,,,,
2026-10-09 06:44:25,7080.0,7127.5,2,530,0,0,0,0,0,0,,,,,,
2026-10-09 06:44:25,7080.0,7127.5,0,223,0,0,0,0,0,0,,,,,,
2026-10-09 06:44:25,7085.0,7132.5,30,6,0,0,0,0,0,0,,,,,,
2026-10-09 06:44:25,7085.0,7132.5,0,13,0,0,0,0,0,0,,,,,,
2026-10-09 06:44:25,7090.0,7137.5,8,1159,0,0,0,0,0,0,,,,,,
2026-10-09 06:44:25,7090.0,7137.5,0,179,0,0,0,0,0,0,,,,,,
2026-10-09 06:44:25,7095.0,7142.5,0,40,0,0,0,0,0,0,,,,,,
2026-10-09 06:44:25,7095.0,7142.5,0,22,0,0,0,0,0,0,,,,,,
2026-10-09 06:44:25,7100.0,7147.5,1422,17839,0,0,0,0,0,0,,,,,,
2026-10-09 06:44:25,7100.0,7147.5,2,462,0,1,0,0,1,0,,,,,,
2026-10-09 06:44:25,7100.0,7147.5,10,1172,0,0,0,0,0,0,,,,,,
2026-10-09 06:44:25,7105.0,7152.5,0,20,0,0,0,0,0,0,,,,,,
2026-10-09 06:44:25,7105.0,7152.5,0,64,0,0,0,0,0,0,,,,,,
2026-10-09 06:44:25,7110.0,7157.5,11,1000,0,0,0,0,0,0,,,,,,
2026-10-09 06:44:25,7110.0,7157.5,0,54,0,0,0,0,0,0,,,,,,
2026-10-09 06:44:25,7115.0,7162.5,0,14,0,0,0,0,0,0,,,,,,
2026-10-09 06:44:25,7115.0,7162.5,0,6,0,0,0,0,0,0,,,,,,
2026-10-09 06:44:25,7120.0,7167.5,4,524,0,0,0,0,0,0,,,,,,
2026-10-09 06:44:25,7120.0,7167.5,0,69,0,0,0,0,0,0,,,,,,
2026-10-09 06:44:25,7125.0,7172.5,950,1510,0,0,0,0,0,0,,,,,,
2026-10-09 06:44:25,7125.0,7172.5,1,15,0,0,0,0,0,0,,,,,,
2026-10-09 06:44:25,7125.0,7172.5,9,148,0,0,0,0,0,0,,,,,,
2026-10-09 06:44:25,7130.0,7177.5,333,1006,0,0,0,0,0,0,,,,,,
2026-10-09 06:44:25,7130.0,7177.5,0,10,0,0,0,0,0,0,,,,,,
2026-10-09 06:44:25,7135.0,7182.5,0,93,0,0,0,0,0,0,,,,,,
2026-10-09 06:44:25,7135.0,7182.5,0,37,0,0,0,0,0,0,,,,,,
2026-10-09 06:44:25,7140.0,7187.5,2,1801,0,0,0,0,0,0,,,,,,
2026-10-09 06:44:25,7140.0,7187.5,0,163,0,0,0,0,0,0,,,,,,
2026-10-09 06:44:25,7140.0,7187.5,0,177,0,0,0,0,0,0,,,,,,
2026-10-09 06:44:25,7145.0,7192.5,2,276,0,0,0,0,0,0,,,,,,
2026-10-09 06:44:25,7145.0,7192.5,0,15,0,0,0,0,0,0,,,,,,
2026-10-09 06:44:25,7150.0,7197.5,955,6143,0,0,0,0,0,0,,,,,,
2026-10-09 06:44:25,7150.0,7197.5,0,601,0,1,0,0,1,0,,,,,,
2026-10-09 06:44:25,7150.0,7197.5,4,498,0,1,0,0,1,0,,,,,,
2026-10-09 06:44:25,7155.0,7202.5,9,214,0,0,0,0,0,0,,,,,,
2026-10-09 06:44:25,7155.0,7202.5,0,214,0,0,0,0,0,0,,,,,,
2026-10-09 06:44:25,7160.0,7207.5,6,1146,0,0,0,0,0,0,,,,,,
2026-10-09 06:44:25,7160.0,7207.5,0,45,0,0,0,0,0,0,,,,,,
2026-10-09 06:44:25,7165.0,7212.5,12,154,0,0,0,0,0,0,,,,,,
2026-10-09 06:44:25,7165.0,7212.5,0,7,0,0,0,0,0,0,,,,,,
2026-10-09 06:44:25,7170.0,7217.5,3,423,0,0,0,0,0,0,,,,,,
2026-10-09 06:44:25,7170.0,7217.5,1,21,0,0,0,0,0,0,,,,,,
2026-10-09 06:44:25,7175.0,7222.5,819,4992,0,0,0,0,0,0,,,,,,
2026-10-09 06:44:25,7175.0,7222.5,0,35,0,1,0,0,1,0,,,,,,
2026-10-09 06:44:25,7175.0,7222.5,8,172,0,0,0,0,0,0,,,,,,
2026-10-09 06:44:25,7180.0,7227.5,3,1055,0,0,0,0,0,0,,,,,,
2026-10-09 06:44:25,7180.0,7227.5,0,41,0,0,0,0,0,0,,,,,,
2026-10-09 06:44:25,7185.0,7232.5,0,199,0,0,0,0,0,0,,,,,,
2026-10-09 06:44:25,7185.0,7232.5,0,5,0,0,0,0,0,0,,,,,,
2026-10-09 06:44:25,7190.0,7237.5,1,984,0,0,0,0,0,0,,,,,,
2026-10-09 06:44:25,7190.0,7237.5,0,18,0,0,0,0,0,0,,,,,,
2026-10-09 06:44:25,7195.0,7242.5,2,536,0,0,0,0,0,0,,,,,,
2026-10-09 06:44:25,7195.0,7242.5,1,3,0,0,0,0,0,0,,,,,,
2026-10-09 06:44:25,7200.0,7247.5,3680,21111,0,300,0,0,300,0,3,,3,,,
2026-10-09 06:44:25,7200.0,7247.5,0,159,0,0,0,0,0,0,,,,,,
2026-10-09 06:44:25,7200.0,7247.5,40,2174,0,0,0,0,0,0,,,,,,
2026-10-09 06:44:25,7205.0,7252.5,2,599,0,0,0,0,0,0,,,,,,
2026-10-09 06:44:25,7205.0,7252.5,0,59,0,0,0,0,0,0,,,,,,
2026-10-09 06:44:25,7210.0,7257.5,13,647,0,0,0,0,0,0,,,,,,
2026-10-09 06:44:25,7210.0,7257.5,0,33,0,0,0,0,0,0,,,,,,
2026-10-09 06:44:25,7215.0,7262.5,5,361,0,0,0,0,0,0,,,,,,
2026-10-09 06:44:25,7215.0,7262.5,0,34,0,0,0,0,0,0,,,,,,
2026-10-09 06:44:25,7220.0,7267.5,1,489,0,0,0,0,0,0,,,,,,
2026-10-09 06:44:25,7220.0,7267.5,0,24,0,0,0,0,0,0,,,,,,
2026-10-09 06:44:25,7225.0,7272.5,701,1563,0,0,0,0,0,0,,,,,,
2026-10-09 06:44:25,7225.0,7272.5,1,97,0,0,0,0,0,0,,,,,,
2026-10-09 06:44:25,7225.0,7272.5,12,216,0,0,0,0,0,0,,,,,,
2026-10-09 06:44:25,7230.0,7277.5,7,848,0,0,0,0,0,0,,,,,,
2026-10-09 06:44:25,7230.0,7277.5,0,49,0,0,0,0,0,0,,,,,,
2026-10-09 06:44:25,7235.0,7282.5,4,409,0,0,0,0,0,0,,,,,,
2026-10-09 06:44:25,7235.0,7282.5,0,18,0,0,0,0,0,0,,,,,,
2026-10-09 06:44:25,7240.0,7287.5,2,855,0,0,0,0,0,0,,,,,,
2026-10-09 06:44:25,7240.0,7287.5,5,17,0,0,0,0,0,0,,,,,,
2026-10-09 06:44:25,7245.0,7292.5,2,493,0,0,0,0,0,0,,,,,,
2026-10-09 06:44:25,7245.0,7292.5,0,16,0,0,0,0,0,0,,,,,,
2026-10-09 06:44:25,7250.0,7297.5,2379,11536,0,0,0,0,0,0,,,,,,
2026-10-09 06:44:25,7250.0,7297.5,175,251,0,35,0,0,35,0,,,,,,
2026-10-09 06:44:25,7250.0,7297.5,28,2809,0,0,0,0,0,0,,,,,,
2026-10-09 06:44:25,7255.0,7302.5,7,336,0,0,0,0,0,0,,,,,,
2026-10-09 06:44:25,7255.0,7302.5,0,15,0,0,0,0,0,0,,,,,,
2026-10-09 06:44:25,7260.0,7307.5,13,644,0,0,0,0,0,0,,,,,,
2026-10-09 06:44:25,7260.0,7307.5,0,273,0,0,0,0,0,0,,,,,,
2026-10-09 06:44:25,7265.0,7312.5,2,325,0,0,0,0,0,0,,,,,,
2026-10-09 06:44:25,7265.0,7312.5,0,56,0,0,0,0,0,0,,,,,,
2026-10-09 06:44:25,7270.0,7317.5,12,415,0,0,0,0,0,0,,,,,,
2026-10-09 06:44:25,7270.0,7317.5,0,71,0,0,0,0,0,0,,,,,,
2026-10-09 06:44:25,7275.0,7322.5,172,4107,0,0,0,0,0,0,,,,,,
2026-10-09 06:44:25,7275.0,7322.5,0,27,0,1,0,0,1,0,,,,,,
2026-10-09 06:44:25,7275.0,7322.5,17,79,0,0,0,0,0,0,,,,,,
2026-10-09 06:44:25,7280.0,7327.5,27,574,0,1,0,0,1,0,,,,,,
2026-10-09 06:44:25,7280.0,7327.5,0,39,0,0,0,0,0,0,,,,,,
2026-10-09 06:44:25,7285.0,7332.5,19,441,0,0,0,0,0,0,,,,,,
2026-10-09 06:44:25,7285.0,7332.5,0,19,0,0,0,0,0,0,,,,,,
2026-10-09 06:44:25,7290.0,7337.5,35,2710,0,0,0,0,0,0,,,,,,
2026-10-09 06:44:25,7290.0,7337.5,0,110,0,0,0,0,0,0,,,,,,
2026-10-09 06:44:25,7295.0,7342.5,8,778,0,0,0,0,0,0,,,,,,
2026-10-09 06:44:25,7295.0,7342.5,0,49,0,0,0,0,0,0,,,,,,
2026-10-09 06:44:25,7300.0,7347.5,4077,17427,1,3,0,0,4,0,,,,,,
2026-10-09 06:44:25,7300.0,7347.5,1,200,0,35,0,0,35,0,,,,,,
2026-10-09 06:44:25,7300.0,7347.5,37,1458,0,1,0,0,1,0,,,,,,
2026-10-09 06:44:25,7305.0,7352.5,22,453,0,0,0,0,0,0,,,,,,
2026-10-09 06:44:25,7305.0,7352.5,0,22,0,0,0,0,0,0,,,,,,
2026-10-09 06:44:25,7310.0,7357.5,35,1431,0,0,0,0,0,0,,,,,,
2026-10-09 06:44:25,7310.0,7357.5,1,54,0,0,0,0,0,0,,,,,,
2026-10-09 06:44:25,7315.0,7362.5,10,730,0,0,0,0,0,0,,,,,,
2026-10-09 06:44:25,7315.0,7362.5,0,67,0,0,0,0,0,0,,,,,,
2026-10-09 06:44:25,7320.0,7367.5,19,1156,0,0,0,0,0,0,,,,,,
2026-10-09 06:44:25,7320.0,7367.5,12,99,0,0,0,0,0,0,,,,,,
2026-10-09 06:44:25,7325.0,7372.5,418,1963,0,0,0,0,0,0,,,,,,
2026-10-09 06:44:25,7325.0,7372.5,0,62,0,0,0,0,0,0,,,,,,
2026-10-09 06:44:25,7325.0,7372.5,8,71,0,0,0,0,0,0,,,,,,
2026-10-09 06:44:25,7330.0,7377.5,117,1029,0,0,0,0,0,0,,,,,,
2026-10-09 06:44:25,7330.0,7377.5,24,82,0,0,0,0,0,0,,,,,,
2026-10-09 06:44:25,7335.0,7382.5,17,1626,0,0,0,0,0,0,,,,,,
2026-10-09 06:44:25,7335.0,7382.5,0,54,0,0,0,0,0,0,,,,,,
2026-10-09 06:44:25,7340.0,7387.5,20,1906,0,0,0,0,0,0,,,,,,
2026-10-09 06:44:25,7340.0,7387.5,18,104,0,0,0,0,0,0,,,,,,
2026-10-09 06:44:25,7345.0,7392.5,20,540,0,0,0,0,0,0,,,,,,
2026-10-09 06:44:25,7345.0,7392.5,0,37,0,0,0,0,0,0,,,,,,
2026-10-09 06:44:25,7350.0,7397.5,2260,11283,0,1,0,0,1,0,,,,,,
2026-10-09 06:44:25,7350.0,7397.5,0,194,0,6,0,0,6,0,,,,,,
2026-10-09 06:44:25,7350.0,7397.5,9,2674,0,0,0,0,0,0,,,,,,
2026-10-09 06:44:25,7355.0,7402.5,17,474,0,0,0,0,0,0,,,,,,
2026-10-09 06:44:25,7355.0,7402.5,0,38,0,0,0,0,0,0,,,,,,
2026-10-09 06:44:25,7360.0,7407.5,23,916,0,0,0,0,0,0,,,,,,
2026-10-09 06:44:25,7360.0,7407.5,34,59,0,0,0,0,0,0,,,,,,
2026-10-09 06:44:25,7365.0,7412.5,23,623,0,0,0,0,0,0,,,,,,
2026-10-09 06:44:25,7365.0,7412.5,0,125,0,0,0,0,0,0,,,,,,
2026-10-09 06:44:25,7370.0,7417.5,37,588,0,0,0,0,0,0,,,,,,
2026-10-09 06:44:25,7370.0,7417.5,74,283,0,0,0,0,0,0,,,,,,
2026-10-09 06:44:25,7375.0,7422.5,601,3819,0,301,0,0,301,0,2,,2,,,
2026-10-09 06:44:25,7375.0,7422.5,8,39,0,0,0,0,0,0,,,,,,
2026-10-09 06:44:25,7375.0,7422.5,33,455,0,0,0,0,0,0,,,,,,
2026-10-09 06:44:25,7380.0,7427.5,59,1531,0,0,0,0,0,0,,,,,,
2026-10-09 06:44:25,7380.0,7427.5,82,37,0,0,0,0,0,0,,,,,,
2026-10-09 06:44:25,7385.0,7432.5,31,757,0,0,0,0,0,0,,,,,,
2026-10-09 06:44:25,7385.0,7432.5,20,87,0,0,0,0,0,0,,,,,,
2026-10-09 06:44:25,7390.0,7437.5,58,866,0,1,0,0,1,0,,,,,,
2026-10-09 06:44:25,7390.0,7437.5,45,91,0,0,0,0,0,0,,,,,,
2026-10-09 06:44:25,7395.0,7442.5,22,377,0,0,0,0,0,0,,,,,,
2026-10-09 06:44:25,7395.0,7442.5,0,42,0,0,0,0,0,0,,,,,,
2026-10-09 06:44:25,7400.0,7447.5,5923,21309,0,1,0,0,1,0,,,,,,
2026-10-09 06:44:25,7400.0,7447.5,1,111,0,0,0,0,0,0,,,,,,
2026-10-09 06:44:25,7400.0,7447.5,442,2326,0,0,0,0,0,0,,,,,,
2026-10-09 06:44:25,7405.0,7452.5,44,489,0,0,0,0,0,0,,,,,,
2026-10-09 06:44:25,7405.0,7452.5,0,38,0,0,0,0,0,0,,,,,,
2026-10-09 06:44:25,7410.0,7457.5,77,1172,0,0,0,0,0,0,,,,,,
2026-10-09 06:44:25,7410.0,7457.5,38,58,0,0,0,0,0,0,,,,,,
2026-10-09 06:44:25,7415.0,7462.5,37,596,0,0,0,0,0,0,,,,,,
2026-10-09 06:44:25,7415.0,7462.5,0,20,0,0,0,0,0,0,,,,,,
2026-10-09 06:44:25,7420.0,7467.5,86,571,0,0,0,0,0,0,,,,,,
2026-10-09 06:44:25,7420.0,7467.5,38,40,0,1,0,0,1,0,,,,,,
2026-10-09 06:44:25,7425.0,7472.5,456,1707,0,0,0,0,0,0,,,,,,
2026-10-09 06:44:25,7425.0,7472.5,2,35,0,0,0,0,0,0,,,,,,
2026-10-09 06:44:25,7425.0,7472.5,8,303,0,0,0,0,0,0,,,,,,
2026-10-09 06:44:25,7430.0,7477.5,43,589,0,0,0,0,0,0,,,,,,
2026-10-09 06:44:25,7430.0,7477.5,51,50,0,0,0,0,0,0,,,,,,
2026-10-09 06:44:25,7435.0,7482.5,88,270,0,0,0,0,0,0,,,,,,
2026-10-09 06:44:25,7435.0,7482.5,9,13,0,0,0,0,0,0,,,,,,
2026-10-09 06:44:25,7440.0,7487.5,49,1207,0,0,0,0,0,0,,,,,,
2026-10-09 06:44:25,7440.0,7487.5,28,345,0,0,0,0,0,0,,,,,,
2026-10-09 06:44:25,7445.0,7492.5,16,673,0,0,0,0,0,0,,,,,,
2026-10-09 06:44:25,7445.0,7492.5,5,11,0,0,0,0,0,0,,,,,,
2026-10-09 06:44:25,7450.0,7497.5,2706,14374,0,0,0,0,0,0,,,,,,
2026-10-09 06:44:25,7450.0,7497.5,1,665,0,5,0,0,5,0,,,,,,
2026-10-09 06:44:25,7450.0,7497.5,410,1586,0,1,0,0,1,0,,,,,,
2026-10-09 06:44:25,7455.0,7502.5,20,913,0,0,0,0,0,0,,,,,,
2026-10-09 06:44:25,7455.0,7502.5,24,7,0,0,0,0,0,0,,,,,,
2026-10-09 06:44:25,7460.0,7507.5,96,969,0,0,0,0,0,0,,,,,,
2026-10-09 06:44:25,7460.0,7507.5,35,82,0,0,0,0,0,0,,,,,,
2026-10-09 06:44:25,7465.0,7512.5,27,388,0,0,0,0,0,0,,,,,,
2026-10-09 06:44:25,7465.0,7512.5,5,17,0,0,0,0,0,0,,,,,,
2026-10-09 06:44:25,7470.0,7517.5,71,613,0,0,0,0,0,0,,,,,,
2026-10-09 06:44:25,7470.0,7517.5,50,227,0,0,0,0,0,0,,,,,,
2026-10-09 06:44:25,7475.0,7522.5,1682,10123,0,4,0,0,4,0,,,,,,
2026-10-09 06:44:25,7475.0,7522.5,1,37,0,0,0,0,0,0,,,,,,
2026-10-09 06:44:25,7475.0,7522.5,41,75,0,4,0,0,4,0,,,,,,
2026-10-09 06:44:25,7480.0,7527.5,45,1135,0,1,0,0,1,0,,,,,,
2026-10-09 06:44:25,7480.0,7527.5,73,380,0,0,0,0,0,0,,,,,,
2026-10-09 06:44:25,7485.0,7532.5,25,289,0,0,0,0,0,0,,,,,,
2026-10-09 06:44:25,7485.0,7532.5,9,12,0,0,0,0,0,0,,,,,,
2026-10-09 06:44:25,7490.0,7537.5,45,442,0,0,0,0,0,0,,,,,,
2026-10-09 06:44:25,7490.0,7537.5,88,39,0,0,0,0,0,0,,,,,,
2026-10-09 06:44:25,7495.0,7542.5,15,690,0,0,0,0,0,0,,,,,,
2026-10-09 06:44:25,7495.0,7542.5,3,19,0,0,0,0,0,0,,,,,,
2026-10-09 06:44:25,7500.0,7547.5,7099,35453,0,24,0,0,24,0,,,,,,
2026-10-09 06:44:25,7500.0,7547.5,4,77,0,0,0,0,0,0,,,,,,
2026-10-09 06:44:25,7500.0,7547.5,67,2484,150,0,83,0,150,83,4,1,,2,2,
2026-10-09 06:44:25,7505.0,7552.5,43,1133,0,1,0,0,1,0,,,,,,
2026-10-09 06:44:25,7505.0,7552.5,4,58,0,0,0,0,0,0,,,,,,
2026-10-09 06:44:25,7510.0,7557.5,189,627,0,0,0,0,0,0,,,,,,
2026-10-09 06:44:25,7510.0,7557.5,68,98,0,0,0,0,0,0,,,,,,
2026-10-09 06:44:25,7515.0,7562.5,30,885,0,0,0,0,0,0,,,,,,
2026-10-09 06:44:25,7515.0,7562.5,2,60,0,0,0,0,0,0,,,,,,
2026-10-09 06:44:25,7520.0,7567.5,180,412,0,0,0,0,0,0,,,,,,
2026-10-09 06:44:25,7520.0,7567.5,0,6,0,0,0,0,0,0,,,,,,
2026-10-09 06:44:25,7520.0,7567.5,52,51,150,0,98,0,150,98,5,2,,1,1,
2026-10-09 06:44:25,7525.0,7572.5,1131,1719,0,1,0,0,1,0,,,,,,
2026-10-09 06:44:25,7525.0,7572.5,3,23,0,0,0,0,0,0,,,,,,
2026-10-09 06:44:25,7525.0,7572.5,39,649,0,0,0,0,0,0,,,,,,
2026-10-09 06:44:25,7530.0,7577.5,105,3273,0,0,0,0,0,0,,,,,,
2026-10-09 06:44:25,7530.0,7577.5,1,13,0,0,0,0,0,0,,,,,,
2026-10-09 06:44:25,7530.0,7577.5,52,66,0,0,0,0,0,0,,,,,,
2026-10-09 06:44:25,7535.0,7582.5,30,387,0,4,0,0,4,0,,,,,,
2026-10-09 06:44:25,7535.0,7582.5,13,52,0,0,0,0,0,0,,,,,,
2026-10-09 06:44:25,7540.0,7587.5,196,909,0,0,0,0,0,0,,,,,,
2026-10-09 06:44:25,7540.0,7587.5,4,7,0,0,0,0,0,0,,,,,,
2026-10-09 06:44:25,7540.0,7587.5,106,330,0,0,0,0,0,0,,,,,,
2026-10-09 06:44:25,7545.0,7592.5,138,450,0,0,0,0,0,0,,,,,,
2026-10-09 06:44:25,7545.0,7592.5,34,97,0,0,0,0,0,0,,,,,,
2026-10-09 06:44:25,7550.0,7597.5,3256,10466,0,25,0,0,25,0,,,,,,
2026-10-09 06:44:25,7550.0,7597.5,1,29,0,0,0,0,0,0,,,,,,
2026-10-09 06:44:25,7550.0,7597.5,28,763,0,0,0,0,0,0,,,,,,
2026-10-09 06:44:25,7555.0,7602.5,78,341,0,0,0,0,0,0,,,,,,
2026-10-09 06:44:25,7555.0,7602.5,40,55,0,0,0,0,0,0,,,,,,
2026-10-09 06:44:25,7560.0,7607.5,106,482,0,4,0,0,4,0,,,,,,
2026-10-09 06:44:25,7560.0,7607.5,0,12,0,0,0,0,0,0,,,,,,
2026-10-09 06:44:25,7560.0,7607.5,39,76,0,0,0,0,0,0,,,,,,
2026-10-09 06:44:25,7565.0,7612.5,88,252,0,0,0,0,0,0,,,,,,
2026-10-09 06:44:25,7565.0,7612.5,32,50,0,0,0,0,0,0,,,,,,
2026-10-09 06:44:25,7570.0,7617.5,47,299,0,0,0,0,0,0,,,,,,
2026-10-09 06:44:25,7570.0,7617.5,2,4,0,0,0,0,0,0,,,,,,
2026-10-09 06:44:25,7570.0,7617.5,25,92,0,0,0,0,0,0,,,,,,
2026-10-09 06:44:25,7575.0,7622.5,649,1772,0,0,0,0,0,0,,,,,,
2026-10-09 06:44:25,7575.0,7622.5,0,14,0,0,0,0,0,0,,,,,,
2026-10-09 06:44:25,7575.0,7622.5,121,1349,0,1,0,0,1,0,,,,,,
2026-10-09 06:44:25,7580.0,7627.5,253,481,0,0,0,0,0,0,,,,,,
2026-10-09 06:44:25,7580.0,7627.5,0,4,0,0,0,0,0,0,,,,,,
2026-10-09 06:44:25,7580.0,7627.5,94,184,0,0,0,0,0,0,,,,,,
2026-10-09 06:44:25,7585.0,7632.5,89,395,0,0,0,0,0,0,,,,,,
2026-10-09 06:44:25,7585.0,7632.5,33,324,0,0,0,0,0,0,,,,,,
2026-10-09 06:44:25,7590.0,7637.5,263,872,2,0,0,0,2,0,,,,,,
2026-10-09 06:44:25,7590.0,7637.5,1,2,0,0,0,0,0,0,,,,,,
2026-10-09 06:44:25,7590.0,7637.5,56,140,0,0,0,0,0,0,,,,,,
2026-10-09 06:44:25,7595.0,7642.5,119,330,0,0,0,0,0,0,,,,,,
2026-10-09 06:44:25,7595.0,7642.5,9,32,0,0,0,0,0,0,,,,,,
2026-10-09 06:44:25,7600.0,7647.5,6578,18438,0,14,0,0,14,0,,,,,,
2026-10-09 06:44:25,7600.0,7647.5,1,42,0,0,0,0,0,0,,,,,,
2026-10-09 06:44:25,7600.0,7647.5,562,3322,0,0,0,0,0,0,,,,,,
2026-10-09 06:44:25,7605.0,7652.5,111,319,0,0,0,0,0,0,,,,,,
2026-10-09 06:44:25,7605.0,7652.5,58,44,0,0,0,0,0,0,,,,,,
2026-10-09 06:44:25,7610.0,7657.5,155,444,0,0,0,0,0,0,,,,,,
2026-10-09 06:44:25,7610.0,7657.5,1,4,0,0,0,0,0,0,,,,,,
2026-10-09 06:44:25,7610.0,7657.5,84,359,0,0,0,0,0,0,,,,,,
2026-10-09 06:44:25,7615.0,7662.5,65,224,0,0,0,0,0,0,,,,,,
2026-10-09 06:44:25,7615.0,7662.5,22,62,0,0,0,0,0,0,,,,,,
2026-10-09 06:44:25,7620.0,7667.5,257,617,0,0,0,0,0,0,,,,,,
2026-10-09 06:44:25,7620.0,7667.5,2,5,0,0,0,0,0,0,,,,,,
2026-10-09 06:44:25,7620.0,7667.5,51,58,0,0,0,0,0,0,,,,,,
2026-10-09 06:44:25,7625.0,7672.5,2131,2202,0,0,0,0,0,0,,,,,,
2026-10-09 06:44:25,7625.0,7672.5,0,15,0,0,0,0,0,0,,,,,,
2026-10-09 06:44:25,7625.0,7672.5,90,164,0,0,0,0,0,0,,,,,,
2026-10-09 06:44:25,7630.0,7677.5,163,1329,0,0,0,0,0,0,,,,,,
2026-10-09 06:44:25,7630.0,7677.5,6,13,0,0,0,0,0,0,,,,,,
2026-10-09 06:44:25,7630.0,7677.5,43,76,2,0,0,0,2,0,,,,,,
2026-10-09 06:44:25,7635.0,7682.5,117,592,1,1,0,0,2,0,,,,,,
2026-10-09 06:44:25,7635.0,7682.5,25,60,0,0,0,0,0,0,,,,,,
2026-10-09 06:44:25,7640.0,7687.5,121,1120,0,0,0,0,0,0,,,,,,
2026-10-09 06:44:25,7640.0,7687.5,1,1,0,0,0,0,0,0,,,,,,
2026-10-09 06:44:25,7640.0,7687.5,39,106,0,0,0,0,0,0,,,,,,
2026-10-09 06:44:25,7645.0,7692.5,121,244,0,0,0,0,0,0,,,,,,
2026-10-09 06:44:25,7645.0,7692.5,30,62,0,0,0,0,0,0,,,,,,
2026-10-09 06:44:25,7650.0,7697.5,4928,9026,0,1,0,0,1,0,,,,,,
2026-10-09 06:44:25,7650.0,7697.5,5,52,0,0,0,0,0,0,,,,,,
2026-10-09 06:44:25,7650.0,7697.5,401,1197,0,0,0,0,0,0,,,,,,
2026-10-09 06:44:25,7655.0,7702.5,281,238,0,0,0,0,0,0,,,,,,
2026-10-09 06:44:25,7655.0,7702.5,29,118,0,0,0,0,0,0,,,,,,
2026-10-09 06:44:25,7660.0,7707.5,320,492,0,0,0,0,0,0,,,,,,
2026-10-09 06:44:25,7660.0,7707.5,1,8,0,0,0,0,0,0,,,,,,
2026-10-09 06:44:25,7660.0,7707.5,71,89,1,0,0,0,1,0,,,,,,
2026-10-09 06:44:25,7665.0,7712.5,199,676,0,1,0,0,1,0,,,,,,
2026-10-09 06:44:25,7665.0,7712.5,16,34,0,0,0,0,0,0,,,,,,
2026-10-09 06:44:25,7670.0,7717.5,201,580,0,0,0,0,0,0,,,,,,
2026-10-09 06:44:25,7670.0,7717.5,1,20,0,0,0,0,0,0,,,,,,
2026-10-09 06:44:25,7670.0,7717.5,720,167,0,0,0,0,0,0,,,,,,
2026-10-09 06:44:25,7675.0,7722.5,1795,4606,0,5,0,0,5,0,,,,,,
2026-10-09 06:44:25,7675.0,7722.5,6,17,0,0,0,0,0,0,,,,,,
2026-10-09 06:44:25,7675.0,7722.5,116,107,0,0,0,0,0,0,,,,,,
2026-10-09 06:44:25,7680.0,7727.5,240,542,0,0,0,0,0,0,,,,,,
2026-10-09 06:44:25,7680.0,7727.5,0,16,0,0,0,0,0,0,,,,,,
2026-10-09 06:44:25,7680.0,7727.5,68,179,0,0,0,0,0,0,,,,,,
2026-10-09 06:44:25,7685.0,7732.5,269,369,0,0,0,0,0,0,,,,,,
2026-10-09 06:44:25,7685.0,7732.5,30,24,0,0,0,0,0,0,,,,,,
2026-10-09 06:44:25,7690.0,7737.5,239,376,0,0,0,0,0,0,,,,,,
2026-10-09 06:44:25,7690.0,7737.5,7,12,0,0,0,0,0,0,,,,,,
2026-10-09 06:44:25,7690.0,7737.5,162,90,1,0,0,0,1,0,,,,,,
2026-10-09 06:44:25,7695.0,7742.5,457,294,0,2,0,0,2,0,,,,,,
2026-10-09 06:44:25,7695.0,7742.5,232,35,1,0,0,0,1,0,,,,,,
2026-10-09 06:44:25,7700.0,7747.5,17756,17359,0,26,0,0,26,0,,,,,,
2026-10-09 06:44:25,7700.0,7747.5,20,33,0,0,0,0,0,0,,,,,,
2026-10-09 06:44:25,7700.0,7747.5,828,1820,0,0,0,0,0,0,,,,,,
2026-10-09 06:44:25,7705.0,7752.5,145,268,0,0,0,0,0,0,,,,,,
2026-10-09 06:44:25,7705.0,7752.5,20,28,0,0,0,0,0,0,,,,,,
2026-10-09 06:44:25,7710.0,7757.5,368,602,0,0,0,0,0,0,,,,,,
2026-10-09 06:44:25,7710.0,7757.5,0,14,0,0,0,0,0,0,,,,,,
2026-10-09 06:44:25,7710.0,7757.5,450,92,1,0,0,0,1,0,,,,,,
2026-10-09 06:44:25,7715.0,7762.5,284,317,0,0,0,0,0,0,,,,,,
2026-10-09 06:44:25,7715.0,7762.5,131,51,0,0,0,0,0,0,,,,,,
2026-10-09 06:44:25,7720.0,7767.5,318,618,0,0,0,0,0,0,,,,,,
2026-10-09 06:44:25,7720.0,7767.5,27,7,0,0,0,0,0,0,,,,,,
2026-10-09 06:44:25,7720.0,7767.5,37,51,0,8,0,0,8,0,,,,,,
2026-10-09 06:44:25,7725.0,7772.5,2984,1907,0,0,0,0,0,0,,,,,,
2026-10-09 06:44:25,7725.0,7772.5,83,55,0,0,0,0,0,0,,,,,,
2026-10-09 06:44:25,7725.0,7772.5,1167,409,2,0,0,0,2,0,,,,,,
2026-10-09 06:44:25,7730.0,7777.5,305,475,0,10,0,0,10,0,,,,,,
2026-10-09 06:44:25,7730.0,7777.5,0,47,0,0,0,0,0,0,,,,,,
2026-10-09 06:44:25,7730.0,7777.5,93,1789,0,8,0,0,8,0,,,,,,
2026-10-09 06:44:25,7735.0,7782.5,279,448,0,0,0,0,0,0,,,,,,
2026-10-09 06:44:25,7735.0,7782.5,61,34,0,8,0,0,8,0,,,,,,
2026-10-09 06:44:25,7740.0,7787.5,497,812,0,11,0,0,11,0,,,,,,
2026-10-09 06:44:25,7740.0,7787.5,2,24,0,1,0,0,1,0,,,,,,
2026-10-09 06:44:25,7740.0,7787.5,72,61,0,0,0,0,0,0,,,,,,
2026-10-09 06:44:25,7745.0,7792.5,586,1059,0,0,0,0,0,0,,,,,,
2026-10-09 06:44:25,7745.0,7792.5,22,27,0,0,0,0,0,0,,,,,,
2026-10-09 06:44:25,7750.0,7797.5,7456,8233,1,16,0,0,17,0,,,,,,
2026-10-09 06:44:25,7750.0,7797.5,61,143,0,1,0,0,1,0,,,,,,
2026-10-09 06:44:25,7750.0,7797.5,919,1456,0,0,0,0,0,0,,,,,,
2026-10-09 06:44:25,7755.0,7802.5,393,408,0,0,0,0,0,0,,,,,,
2026-10-09 06:44:25,7755.0,7802.5,36,32,0,0,0,0,0,0,,,,,,
2026-10-09 06:44:25,7760.0,7807.5,1455,1464,2,0,0,0,2,0,,,,,,
2026-10-09 06:44:25,7760.0,7807.5,2,33,0,0,0,0,0,0,,,,,,
2026-10-09 06:44:25,7760.0,7807.5,56,61,0,0,0,0,0,0,,,,,,
2026-10-09 06:44:25,7765.0,7812.5,328,342,10,0,0,0,10,0,,,,,,
2026-10-09 06:44:25,7765.0,7812.5,25,17,0,0,0,0,0,0,,,,,,
2026-10-09 06:44:25,7770.0,7817.5,378,327,1,1,0,0,2,0,,,,,,
2026-10-09 06:44:25,7770.0,7817.5,0,17,0,0,0,0,0,0,,,,,,
2026-10-09 06:44:25,7770.0,7817.5,168,83,0,0,0,0,0,0,,,,,,
2026-10-09 06:44:25,7775.0,7822.5,3376,1899,0,0,0,0,0,0,,,,,,
2026-10-09 06:44:25,7775.0,7822.5,40,371,0,2,0,0,2,0,,,,,,
2026-10-09 06:44:25,7775.0,7822.5,238,345,0,0,0,0,0,0,,,,,,
2026-10-09 06:44:25,7780.0,7827.5,564,425,0,11,0,0,11,0,,,,,,
2026-10-09 06:44:25,7780.0,7827.5,5,21,0,0,0,0,0,0,,,,,,
2026-10-09 06:44:25,7780.0,7827.5,78,19,0,0,0,0,0,0,,,,,,
2026-10-09 06:44:25,7785.0,7832.5,245,149,52,1,0,0,53,0,,4,,,,
2026-10-09 06:44:25,7785.0,7832.5,51,21,0,0,0,0,0,0,,,,,,
2026-10-09 06:44:25,7790.0,7837.5,660,577,4,18,0,0,22,0,,,,,,
2026-10-09 06:44:25,7790.0,7837.5,5,13,0,1,0,0,1,0,,,,,,
2026-10-09 06:44:25,7790.0,7837.5,109,27,0,0,0,0,0,0,,,,,,
2026-10-09 06:44:25,7795.0,7842.5,434,153,0,1,0,0,1,0,,,,,,
2026-10-09 06:44:25,7795.0,7842.5,92,31,0,0,0,0,0,0,,,,,,
2026-10-09 06:44:25,7800.0,7847.5,12676,9385,7,318,0,0,325,0,1,,1,,,
2026-10-09 06:44:25,7800.0,7847.5,594,893,0,1,0,0,1,0,,,,,,
2026-10-09 06:44:25,7800.0,7847.5,705,378,0,2,0,0,2,0,,,,,,
2026-10-09 06:44:25,7805.0,7852.5,552,485,0,0,0,0,0,0,,,,,,
2026-10-09 06:44:25,7805.0,7852.5,41,42,0,0,0,0,0,0,,,,,,
2026-10-09 06:44:25,7810.0,7857.5,332,740,1,0,0,0,1,0,,,,,,
2026-10-09 06:44:25,7810.0,7857.5,1,5,0,0,0,0,0,0,,,,,,
2026-10-09 06:44:25,7810.0,7857.5,66,16,0,0,0,0,0,0,,,,,,
2026-10-09 06:44:25,7815.0,7862.5,215,258,1,1,0,0,2,0,,,,,,
2026-10-09 06:44:25,7815.0,7862.5,94,36,0,0,0,0,0,0,,,,,,
2026-10-09 06:44:25,7820.0,7867.5,572,165,0,0,0,0,0,0,,,,,,
2026-10-09 06:44:25,7820.0,7867.5,2,16,0,0,0,0,0,0,,,,,,
2026-10-09 06:44:25,7820.0,7867.5,102,47,0,1,0,0,1,0,,,,,,
2026-10-09 06:44:25,7825.0,7872.5,2562,2172,0,2,0,0,2,0,,,,,,
2026-10-09 06:44:25,7825.0,7872.5,100,305,0,0,0,0,0,0,,,,,,
2026-10-09 06:44:25,7825.0,7872.5,494,72,0,0,0,0,0,0,,,,,,
2026-10-09 06:44:25,7830.0,7877.5,5593,306,0,0,0,0,0,0,,,,,,
2026-10-09 06:44:25,7830.0,7877.5,1,1,0,0,0,0,0,0,,,,,,
2026-10-09 06:44:25,7830.0,7877.5,943,379,0,0,0,0,0,0,,,,,,
2026-10-09 06:44:25,7835.0,7882.5,373,252,0,1,0,0,1,0,,,,,,
2026-10-09 06:44:25,7835.0,7882.5,32,24,0,0,0,0,0,0,,,,,,
2026-10-09 06:44:25,7840.0,7887.5,296,134,0,0,0,0,0,0,,,,,,
2026-10-09 06:44:25,7840.0,7887.5,0,0,0,0,0,0,0,0,,,,,,
2026-10-09 06:44:25,7840.0,7887.5,37,31,0,0,0,0,0,0,,,,,,
2026-10-09 06:44:25,7845.0,7892.5,519,328,0,1,0,0,1,0,,,,,,
2026-10-09 06:44:25,7845.0,7892.5,25,18,0,0,0,0,0,0,,,,,,
2026-10-09 06:44:25,7850.0,7897.5,8505,2566,3,5,0,0,8,0,,,,,,
2026-10-09 06:44:25,7850.0,7897.5,41,40,0,0,0,0,0,0,,,,,,
2026-10-09 06:44:25,7850.0,7897.5,347,275,1,0,0,0,1,0,,,,,,
2026-10-09 06:44:25,7855.0,7902.5,220,132,0,0,0,0,0,0,,,,,,
2026-10-09 06:44:25,7855.0,7902.5,45,9,0,0,0,0,0,0,,,,,,
2026-10-09 06:44:25,7860.0,7907.5,469,391,0,1,0,0,1,0,,,,,,
2026-10-09 06:44:25,7860.0,7907.5,0,0,0,0,0,0,0,0,,,,,,
2026-10-09 06:44:25,7860.0,7907.5,23,8,0,0,0,0,0,0,,,,,,
2026-10-09 06:44:25,7865.0,7912.5,686,1047,15,16,0,0,31,0,,,,,,
2026-10-09 06:44:25,7865.0,7912.5,28,1,0,0,0,0,0,0,,,,,,
2026-10-09 06:44:25,7870.0,7917.5,733,245,0,0,0,0,0,0,,,,,,
2026-10-09 06:44:25,7870.0,7917.5,0,0,0,0,0,0,0,0,,,,,,
2026-10-09 06:44:25,7870.0,7917.5,88,27,0,0,0,0,0,0,,,,,,
2026-10-09 06:44:25,7875.0,7922.5,1750,556,0,20,0,0,20,0,,,,,,
2026-10-09 06:44:25,7875.0,7922.5,50,7,0,0,0,0,0,0,,,,,,
2026-10-09 06:44:25,7875.0,7922.5,160,73,0,0,0,0,0,0,,,,,,
2026-10-09 06:44:25,7880.0,7927.5,371,142,0,0,0,0,0,0,,,,,,
2026-10-09 06:44:25,7880.0,7927.5,11,0,0,0,0,0,0,0,,,,,,
2026-10-09 06:44:25,7880.0,7927.5,238,326,0,0,0,0,0,0,,,,,,
2026-10-09 06:44:25,7885.0,7932.5,164,33,0,0,0,0,0,0,,,,,,
2026-10-09 06:44:25,7885.0,7932.5,8,7,2,0,0,0,2,0,,,,,,
2026-10-09 06:44:25,7890.0,7937.5,1375,218,0,0,0,0,0,0,,,,,,
2026-10-09 06:44:25,7890.0,7937.5,0,0,0,0,0,0,0,0,,,,,,
2026-10-09 06:44:25,7890.0,7937.5,88,57,0,0,0,0,0,0,,,,,,
2026-10-09 06:44:25,7895.0,7942.5,102,32,0,1,0,0,1,0,,,,,,
2026-10-09 06:44:25,7895.0,7942.5,61,22,0,0,0,0,0,0,,,,,,
2026-10-09 06:44:25,7900.0,7947.5,20183,4039,1,0,0,0,1,0,,,,,,
2026-10-09 06:44:25,7900.0,7947.5,58,7,0,0,0,0,0,0,,,,,,
2026-10-09 06:44:25,7900.0,7947.5,1043,630,2,0,0,0,2,0,,,,,,
2026-10-09 06:44:25,7905.0,7952.5,267,13,0,0,0,0,0,0,,,,,,
2026-10-09 06:44:25,7905.0,7952.5,21,14,0,0,0,0,0,0,,,,,,
2026-10-09 06:44:25,7910.0,7957.5,388,109,0,0,0,0,0,0,,,,,,
2026-10-09 06:44:25,7910.0,7957.5,51,14,0,0,0,0,0,0,,,,,,
2026-10-09 06:44:25,7915.0,7962.5,626,9,0,0,0,0,0,0,,,,,,
2026-10-09 06:44:25,7915.0,7962.5,22,12,0,0,0,0,0,0,,,,,,
2026-10-09 06:44:25,7920.0,7967.5,744,36,0,0,0,0,0,0,,,,,,
2026-10-09 06:44:25,7920.0,7967.5,212,37,0,0,0,0,0,0,,,,,,
2026-10-09 06:44:25,7925.0,7972.5,7262,160,1,2,0,0,3,0,,,,,,
2026-10-09 06:44:25,7925.0,7972.5,35,9,0,0,0,0,0,0,,,,,,
2026-10-09 06:44:25,7925.0,7972.5,84,13,1,2,0,0,3,0,,,,,,
2026-10-09 06:44:25,7930.0,7977.5,403,71,0,0,0,0,0,0,,,,,,
2026-10-09 06:44:25,7930.0,7977.5,108,8,0,0,0,0,0,0,,,,,,
2026-10-09 06:44:25,7935.0,7982.5,235,34,0,0,0,0,0,0,,,,,,
2026-10-09 06:44:25,7935.0,7982.5,20,19,0,0,0,0,0,0,,,,,,
2026-10-09 06:44:25,7940.0,7987.5,409,48,0,0,0,0,0,0,,,,,,
2026-10-09 06:44:25,7940.0,7987.5,26,4,0,0,0,0,0,0,,,,,,
2026-10-09 06:44:25,7945.0,7992.5,291,19,0,0,0,0,0,0,,,,,,
2026-10-09 06:44:25,7945.0,7992.5,67,18,0,0,0,0,0,0,,,,,,
2026-10-09 06:44:25,7950.0,7997.5,5853,425,1,0,0,0,1,0,,,,,,
2026-10-09 06:44:25,7950.0,7997.5,39,2,0,0,0,0,0,0,,,,,,
2026-10-09 06:44:25,7950.0,7997.5,1695,88,1,0,0,0,1,0,,,,,,
2026-10-09 06:44:25,7955.0,8002.5,262,16,0,0,0,0,0,0,,,,,,
2026-10-09 06:44:25,7955.0,8002.5,22,14,0,0,0,0,0,0,,,,,,
2026-10-09 06:44:25,7960.0,8007.5,603,64,0,0,0,0,0,0,,,,,,
2026-10-09 06:44:25,7960.0,8007.5,35,16,0,0,0,0,0,0,,,,,,
2026-10-09 06:44:25,7965.0,8012.5,178,25,0,0,0,0,0,0,,,,,,
2026-10-09 06:44:25,7965.0,8012.5,51,6,0,0,0,0,0,0,,,,,,
2026-10-09 06:44:25,7970.0,8017.5,578,61,0,3,0,0,3,0,,,,,,
2026-10-09 06:44:25,7970.0,8017.5,23,18,0,0,0,0,0,0,,,,,,
2026-10-09 06:44:25,7975.0,8022.5,1194,67,0,0,0,0,0,0,,,,,,
2026-10-09 06:44:25,7975.0,8022.5,50,0,0,0,0,0,0,0,,,,,,
2026-10-09 06:44:25,7975.0,8022.5,83,20,0,0,0,0,0,0,,,,,,
2026-10-09 06:44:25,7980.0,8027.5,783,89,0,0,0,0,0,0,,,,,,
2026-10-09 06:44:25,7980.0,8027.5,325,17,4,1,0,0,5,0,,,,,,
2026-10-09 06:44:25,7985.0,8032.5,120,13,0,1,0,0,1,0,,,,,,
2026-10-09 06:44:25,7985.0,8032.5,6,9,0,0,0,0,0,0,,,,,,
2026-10-09 06:44:25,7990.0,8037.5,525,34,0,0,0,0,0,0,,,,,,
2026-10-09 06:44:25,7990.0,8037.5,25,13,0,0,0,0,0,0,,,,,,
2026-10-09 06:44:25,7995.0,8042.5,407,8,0,0,0,0,0,0,,,,,,
2026-10-09 06:44:25,7995.0,8042.5,17,0,0,0,0,0,0,0,,,,,,
2026-10-09 06:44:25,8000.0,8047.5,83694,61086,5,0,0,0,5,0,,,,,,
2026-10-09 06:44:25,8000.0,8047.5,2528,2504,10,0,0,0,10,0,,,,,,
2026-10-09 06:44:25,8000.0,8047.5,2792,106,0,1,0,0,1,0,,,,,,
2026-10-09 06:44:25,8005.0,8052.5,210,8,0,0,0,0,0,0,,,,,,
2026-10-09 06:44:25,8005.0,8052.5,47,4,0,0,0,0,0,0,,,,,,
2026-10-09 06:44:25,8010.0,8057.5,1017,93,0,0,0,0,0,0,,,,,,
2026-10-09 06:44:25,8010.0,8057.5,66,64,0,0,0,0,0,0,,,,,,
2026-10-09 06:44:25,8015.0,8062.5,254,16,1,0,0,0,1,0,,,,,,
2026-10-09 06:44:25,8015.0,8062.5,95,10,0,0,0,0,0,0,,,,,,
2026-10-09 06:44:25,8020.0,8067.5,257,14,0,0,0,0,0,0,,,,,,
2026-10-09 06:44:25,8020.0,8067.5,39,19,0,0,0,0,0,0,,,,,,
2026-10-09 06:44:25,8025.0,8072.5,1885,33,0,0,0,0,0,0,,,,,,
2026-10-09 06:44:25,8025.0,8072.5,24,0,10,0,0,0,10,0,,,,,,
2026-10-09 06:44:25,8025.0,8072.5,414,20,0,0,0,0,0,0,,,,,,
2026-10-09 06:44:25,8030.0,8077.5,899,207,0,0,0,0,0,0,,,,,,
2026-10-09 06:44:25,8030.0,8077.5,59,6,0,0,0,0,0,0,,,,,,
2026-10-09 06:44:25,8035.0,8082.5,198,49,0,0,0,0,0,0,,,,,,
2026-10-09 06:44:25,8035.0,8082.5,37,0,4,0,0,0,4,0,,,,,,
2026-10-09 06:44:25,8040.0,8087.5,567,21,0,0,0,0,0,0,,,,,,
2026-10-09 06:44:25,8040.0,8087.5,18,3,0,0,0,0,0,0,,,,,,
2026-10-09 06:44:25,8045.0,8092.5,92,0,0,0,0,0,0,0,,,,,,
2026-10-09 06:44:25,8045.0,8092.5,31,5,0,0,0,0,0,0,,,,,,
2026-10-09 06:44:25,8050.0,8097.5,11736,238,1,0,0,0,1,0,,,,,,
2026-10-09 06:44:25,8050.0,8097.5,84,0,0,0,0,0,0,0,,,,,,
2026-10-09 06:44:25,8050.0,8097.5,22463,456,8,0,0,0,8,0,,,,,,
2026-10-09 06:44:25,8055.0,8102.5,455,2,0,0,0,0,0,0,,,,,,
2026-10-09 06:44:25,8055.0,8102.5,43,0,0,0,0,0,0,0,,,,,,
2026-10-09 06:44:25,8060.0,8107.5,757,37,0,0,0,0,0,0,,,,,,
2026-10-09 06:44:25,8060.0,8107.5,39,4,0,0,0,0,0,0,,,,,,
2026-10-09 06:44:25,8065.0,8112.5,203,0,0,0,0,0,0,0,,,,,,
2026-10-09 06:44:25,8065.0,8112.5,51,0,0,0,0,0,0,0,,,,,,
2026-10-09 06:44:25,8070.0,8117.5,413,32,0,0,0,0,0,0,,,,,,
2026-10-09 06:44:25,8070.0,8117.5,46,0,0,0,0,0,0,0,,,,,,
2026-10-09 06:44:25,8075.0,8122.5,3191,22,0,0,0,0,0,0,,,,,,
2026-10-09 06:44:25,8075.0,8122.5,24,0,0,0,0,0,0,0,,,,,,
2026-10-09 06:44:25,8075.0,8122.5,373,8,0,0,0,0,0,0,,,,,,
2026-10-09 06:44:25,8080.0,8127.5,1344,15,0,0,0,0,0,0,,,,,,
2026-10-09 06:44:25,8080.0,8127.5,33,1,0,0,0,0,0,0,,,,,,
2026-10-09 06:44:25,8085.0,8132.5,7,1,1,0,0,0,1,0,,,,,,
2026-10-09 06:44:25,8085.0,8132.5,14,6,0,0,0,0,0,0,,,,,,
2026-10-09 06:44:25,8090.0,8137.5,681,5,0,0,0,0,0,0,,,,,,
2026-10-09 06:44:25,8090.0,8137.5,60,0,0,0,0,0,0,0,,,,,,
2026-10-09 06:44:25,8095.0,8142.5,4,0,0,0,0,0,0,0,,,,,,
2026-10-09 06:44:25,8095.0,8142.5,25,0,0,0,0,0,0,0,,,,,,
2026-10-09 06:44:25,8100.0,8147.5,18212,59,2,0,0,0,2,0,,,,,,
2026-10-09 06:44:25,8100.0,8147.5,108,2,0,0,0,0,0,0,,,,,,
2026-10-09 06:44:25,8100.0,8147.5,22019,11,16,0,0,0,16,0,,,,,,
2026-10-09 06:44:25,8105.0,8152.5,13,1,0,0,0,0,0,0,,,,,,
2026-10-09 06:44:25,8105.0,8152.5,27,0,0,0,0,0,0,0,,,,,,
2026-10-09 06:44:25,8110.0,8157.5,214,4,0,0,0,0,0,0,,,,,,
2026-10-09 06:44:25,8110.0,8157.5,32,0,0,0,0,0,0,0,,,,,,
2026-10-09 06:44:25,8115.0,8162.5,75,1,0,0,0,0,0,0,,,,,,
2026-10-09 06:44:25,8115.0,8162.5,15,0,0,0,0,0,0,0,,,,,,
2026-10-09 06:44:25,8120.0,8167.5,284,7,0,0,0,0,0,0,,,,,,
2026-10-09 06:44:25,8120.0,8167.5,776,1,0,0,0,0,0,0,,,,,,
2026-10-09 06:44:25,8125.0,8172.5,4675,42,0,0,0,0,0,0,,,,,,
2026-10-09 06:44:25,8125.0,8172.5,26,0,0,0,0,0,0,0,,,,,,
2026-10-09 06:44:25,8125.0,8172.5,85,22,0,0,0,0,0,0,,,,,,
2026-10-09 06:44:25,8130.0,8177.5,376,15,0,0,0,0,0,0,,,,,,
2026-10-09 06:44:25,8130.0,8177.5,229,0,0,0,0,0,0,0,,,,,,
2026-10-09 06:44:25,8135.0,8182.5,7,0,0,0,0,0,0,0,,,,,,
2026-10-09 06:44:25,8135.0,8182.5,365,0,0,0,0,0,0,0,,,,,,
2026-10-09 06:44:25,8140.0,8187.5,612,13,0,0,0,0,0,0,,,,,,
2026-10-09 06:44:25,8140.0,8187.5,49,0,0,0,0,0,0,0,,,,,,
2026-10-09 06:44:25,8145.0,8192.5,33,0,0,0,0,0,0,0,,,,,,
2026-10-09 06:44:25,8150.0,8197.5,7706,21,1,0,0,0,1,0,,,,,,
2026-10-09 06:44:25,8150.0,8197.5,56,0,1,0,0,0,1,0,,,,,,
2026-10-09 06:44:25,8150.0,8197.5,1921,15,0,0,0,0,0,0,,,,,,
2026-10-09 06:44:25,8155.0,8202.5,31,0,0,0,0,0,0,0,,,,,,
2026-10-09 06:44:25,8160.0,8207.5,836,2,0,0,0,0,0,0,,,,,,
2026-10-09 06:44:25,8160.0,8207.5,48,0,0,0,0,0,0,0,,,,,,
2026-10-09 06:44:25,8165.0,8212.5,32,0,0,0,0,0,0,0,,,,,,
2026-10-09 06:44:25,8170.0,8217.5,701,2,0,0,0,0,0,0,,,,,,
2026-10-09 06:44:25,8170.0,8217.5,323,0,0,0,0,0,0,0,,,,,,
2026-10-09 06:44:25,8175.0,8222.5,2285,3,1,0,0,0,1,0,,,,,,
2026-10-09 06:44:25,8175.0,8222.5,813,7,0,0,0,0,0,0,,,,,,
2026-10-09 06:44:25,8180.0,8227.5,2085,0,0,0,0,0,0,0,,,,,,
2026-10-09 06:44:25,8180.0,8227.5,137,0,0,0,0,0,0,0,,,,,,
2026-10-09 06:44:25,8185.0,8232.5,368,0,0,0,0,0,0,0,,,,,,
2026-10-09 06:44:25,8190.0,8237.5,1382,2,0,0,0,0,0,0,,,,,,
2026-10-09 06:44:25,8190.0,8237.5,118,9,0,0,0,0,0,0,,,,,,
2026-10-09 06:44:25,8195.0,8242.5,48,1,0,0,0,0,0,0,,,,,,
2026-10-09 06:44:25,8200.0,8247.5,13271,1023,6,0,0,0,6,0,,,,,,
2026-10-09 06:44:25,8200.0,8247.5,58,1,2,0,0,0,2,0,,,,,,
2026-10-09 06:44:25,8200.0,8247.5,756,13,0,0,0,0,0,0,,,,,,
2026-10-09 06:44:25,8205.0,8252.5,23,0,0,0,0,0,0,0,,,,,,
2026-10-09 06:44:25,8210.0,8257.5,1655,3,0,0,0,0,0,0,,,,,,
2026-10-09 06:44:25,8210.0,8257.5,40,0,0,0,0,0,0,0,,,,,,
2026-10-09 06:44:25,8215.0,8262.5,21,0,0,0,0,0,0,0,,,,,,
2026-10-09 06:44:25,8220.0,8267.5,681,30,0,0,0,0,0,0,,,,,,
2026-10-09 06:44:25,8220.0,8267.5,210,0,0,0,0,0,0,0,,,,,,
2026-10-09 06:44:25,8225.0,8272.5,2085,30,0,0,0,0,0,0,,,,,,
2026-10-09 06:44:25,8225.0,8272.5,178,0,0,0,0,0,0,0,,,,,,
2026-10-09 06:44:25,8230.0,8277.5,1215,3,0,0,0,0,0,0,,,,,,
2026-10-09 06:44:25,8230.0,8277.5,193,0,0,0,0,0,0,0,,,,,,
2026-10-09 06:44:25,8235.0,8282.5,3,0,0,0,0,0,0,0,,,,,,
2026-10-09 06:44:25,8240.0,8287.5,1248,1,0,0,0,0,0,0,,,,,,
2026-10-09 06:44:25,8240.0,8287.5,19,0,0,0,0,0,0,0,,,,,,
2026-10-09 06:44:25,8245.0,8292.5,30,0,0,0,0,0,0,0,,,,,,
2026-10-09 06:44:25,8250.0,8297.5,5944,43,1,0,0,0,1,0,,,,,,
2026-10-09 06:44:25,8250.0,8297.5,65,0,3,0,0,0,3,0,,,,,,
2026-10-09 06:44:25,8250.0,8297.5,733,1,0,0,0,0,0,0,,,,,,
2026-10-09 06:44:25,8255.0,8302.5,75,0,0,0,0,0,0,0,,,,,,
2026-10-09 06:44:25,8260.0,8307.5,470,0,0,0,0,0,0,0,,,,,,
2026-10-09 06:44:25,8260.0,8307.5,39,0,0,0,0,0,0,0,,,,,,
2026-10-09 06:44:25,8265.0,8312.5,5,0,0,0,0,0,0,0,,,,,,
2026-10-09 06:44:25,8270.0,8317.5,414,1,0,0,0,0,0,0,,,,,,
2026-10-09 06:44:25,8270.0,8317.5,70,0,0,0,0,0,0,0,,,,,,
2026-10-09 06:44:25,8275.0,8322.5,2867,11,0,0,0,0,0,0,,,,,,
2026-10-09 06:44:25,8275.0,8322.5,1182,5,0,0,0,0,0,0,,,,,,
2026-10-09 06:44:25,8280.0,8327.5,979,0,0,0,0,0,0,0,,,,,,
2026-10-09 06:44:25,8280.0,8327.5,65,0,0,0,0,0,0,0,,,,,,
2026-10-09 06:44:25,8285.0,8332.5,8,0,0,0,0,0,0,0,,,,,,
2026-10-09 06:44:25,8290.0,8337.5,1314,0,0,0,0,0,0,0,,,,,,
2026-10-09 06:44:25,8290.0,8337.5,68,0,0,0,0,0,0,0,,,,,,
2026-10-09 06:44:25,8295.0,8342.5,20,0,0,0,0,0,0,0,,,,,,
2026-10-09 06:44:25,8300.0,8347.5,19542,71,1,0,0,0,1,0,,,,,,
2026-10-09 06:44:25,8300.0,8347.5,45,0,1,0,0,0,1,0,,,,,,
2026-10-09 06:44:25,8300.0,8347.5,375,3,0,0,0,0,0,0,,,,,,
2026-10-09 06:44:25,8305.0,8352.5,10,0,21,0,11,0,21,11,,,,3,3,
2026-10-09 06:44:25,8310.0,8357.5,150,0,0,0,0,0,0,0,,,,,,
2026-10-09 06:44:25,8310.0,8357.5,11,0,0,0,0,0,0,0,,,,,,
2026-10-09 06:44:25,8315.0,8362.5,3,0,0,0,0,0,0,0,,,,,,
2026-10-09 06:44:25,8320.0,8367.5,28,0,0,0,0,0,0,0,,,,,,
2026-10-09 06:44:25,8320.0,8367.5,5,0,0,0,0,0,0,0,,,,,,
2026-10-09 06:44:25,8325.0,8372.5,1558,500,0,0,0,0,0,0,,,,,,
2026-10-09 06:44:25,8325.0,8372.5,47,0,0,0,0,0,0,0,,,,,,
2026-10-09 06:44:25,8330.0,8377.5,163,2,0,0,0,0,0,0,,,,,,
2026-10-09 06:44:25,8330.0,8377.5,11,0,0,0,0,0,0,0,,,,,,
2026-10-09 06:44:25,8335.0,8382.5,2,0,0,0,0,0,0,0,,,,,,
2026-10-09 06:44:25,8340.0,8387.5,277,0,0,0,0,0,0,0,,,,,,
2026-10-09 06:44:25,8340.0,8387.5,8,0,9,0,1,0,9,1,,,,5,5,
2026-10-09 06:44:25,8345.0,8392.5,3,0,0,0,0,0,0,0,,,,,,
2026-10-09 06:44:25,8350.0,8397.5,2941,10,1,0,0,0,1,0,,,,,,
2026-10-09 06:44:25,8350.0,8397.5,44,0,1,0,0,0,1,0,,,,,,
2026-10-09 06:44:25,8350.0,8397.5,511,1,0,0,0,0,0,0,,,,,,
2026-10-09 06:44:25,8355.0,8402.5,129,0,0,0,0,0,0,0,,,,,,
2026-10-09 06:44:25,8360.0,8407.5,925,0,0,0,0,0,0,0,,,,,,
2026-10-09 06:44:25,8360.0,8407.5,10,0,0,0,0,0,0,0,,,,,,
2026-10-09 06:44:25,8365.0,8412.5,47,0,0,0,0,0,0,0,,,,,,
2026-10-09 06:44:25,8370.0,8417.5,373,0,0,0,0,0,0,0,,,,,,
2026-10-09 06:44:25,8370.0,8417.5,175,0,0,0,0,0,0,0,,,,,,
2026-10-09 06:44:25,8375.0,8422.5,5255,0,0,0,0,0,0,0,,,,,,
2026-10-09 06:44:25,8375.0,8422.5,53,0,0,0,0,0,0,0,,,,,,
2026-10-09 06:44:25,8380.0,8427.5,138,0,0,0,0,0,0,0,,,,,,
2026-10-09 06:44:25,8380.0,8427.5,83,0,0,0,0,0,0,0,,,,,,
2026-10-09 06:44:25,8385.0,8432.5,8,0,0,0,0,0,0,0,,,,,,
2026-10-09 06:44:25,8390.0,8437.5,80,2,0,0,0,0,0,0,,,,,,
2026-10-09 06:44:25,8390.0,8437.5,41,0,0,0,0,0,0,0,,,,,,
2026-10-09 06:44:25,8395.0,8442.5,38,0,46,0,8,0,46,8,,5,,4,4,
2026-10-09 06:44:25,8400.0,8447.5,14951,9,1,0,0,0,1,0,,,,,,
2026-10-09 06:44:25,8400.0,8447.5,53,0,0,0,0,0,0,0,,,,,,
2026-10-09 06:44:25,8400.0,8447.5,881,2,0,0,0,0,0,0,,,,,,
2026-10-09 06:44:25,8405.0,8452.5,11,0,0,0,0,0,0,0,,,,,,
2026-10-09 06:44:25,8410.0,8457.5,66,0,0,0,0,0,0,0,,,,,,
2026-10-09 06:44:25,8410.0,8457.5,41,0,0,0,0,0,0,0,,,,,,
2026-10-09 06:44:25,8415.0,8462.5,2,0,0,0,0,0,0,0,,,,,,
2026-10-09 06:44:25,8420.0,8467.5,58,0,0,0,0,0,0,0,,,,,,
2026-10-09 06:44:25,8420.0,8467.5,3,0,0,0,0,0,0,0,,,,,,
2026-10-09 06:44:25,8425.0,8472.5,5861,0,0,0,0,0,0,0,,,,,,
2026-10-09 06:44:25,8425.0,8472.5,19,0,0,0,0,0,0,0,,,,,,
2026-10-09 06:44:25,8430.0,8477.5,47,0,0,0,0,0,0,0,,,,,,
2026-10-09 06:44:25,8430.0,8477.5,25,0,0,0,0,0,0,0,,,,,,
2026-10-09 06:44:25,8435.0,8482.5,3,0,0,0,0,0,0,0,,,,,,
2026-10-09 06:44:25,8440.0,8487.5,61,0,0,0,0,0,0,0,,,,,,
2026-10-09 06:44:25,8440.0,8487.5,70,0,0,0,0,0,0,0,,,,,,
2026-10-09 06:44:25,8445.0,8492.5,50,0,0,0,0,0,0,0,,,,,,
2026-10-09 06:44:25,8450.0,8497.5,9770,0,3,0,0,0,3,0,,,,,,
2026-10-09 06:44:25,8450.0,8497.5,5,0,0,0,0,0,0,0,,,,,,
2026-10-09 06:44:25,8450.0,8497.5,121,1,0,0,0,0,0,0,,,,,,
2026-10-09 06:44:25,8460.0,8507.5,149,34,0,0,0,0,0,0,,,,,,
2026-10-09 06:44:25,8460.0,8507.5,6,0,0,0,0,0,0,0,,,,,,
2026-10-09 06:44:25,8470.0,8517.5,6,34,0,0,0,0,0,0,,,,,,
2026-10-09 06:44:25,8470.0,8517.5,45,0,0,0,0,0,0,0,,,,,,
2026-10-09 06:44:25,8475.0,8522.5,912,0,0,0,0,0,0,0,,,,,,
2026-10-09 06:44:25,8475.0,8522.5,49,0,0,0,0,0,0,0,,,,,,
2026-10-09 06:44:25,8480.0,8527.5,30,0,0,0,0,0,0,0,,,,,,
2026-10-09 06:44:25,8480.0,8527.5,35,0,0,0,0,0,0,0,,,,,,
2026-10-09 06:44:25,8490.0,8537.5,0,0,0,0,0,0,0,0,,,,,,
2026-10-09 06:44:25,8490.0,8537.5,9,0,0,0,0,0,0,0,,,,,,
2026-10-09 06:44:25,8500.0,8547.5,17213,240,2,0,0,0,2,0,,,,,,
2026-10-09 06:44:25,8500.0,8547.5,3,0,0,0,0,0,0,0,,,,,,
2026-10-09 06:44:25,8500.0,8547.5,963,0,0,0,0,0,0,0,,,,,,
2026-10-09 06:44:25,8510.0,8557.5,33,0,0,0,0,0,0,0,,,,,,
2026-10-09 06:44:25,8510.0,8557.5,14,0,0,0,0,0,0,0,,,,,,
2026-10-09 06:44:25,8520.0,8567.5,1,0,0,0,0,0,0,0,,,,,,
2026-10-09 06:44:25,8520.0,8567.5,9302,0,0,0,0,0,0,0,,,,,,
2026-10-09 06:44:25,8525.0,8572.5,7045,1,0,0,0,0,0,0,,,,,,
2026-10-09 06:44:25,8525.0,8572.5,96,0,0,0,0,0,0,0,,,,,,
2026-10-09 06:44:25,8530.0,8577.5,7,0,0,0,0,0,0,0,,,,,,
2026-10-09 06:44:25,8540.0,8587.5,4705,0,0,0,0,0,0,0,,,,,,
2026-10-09 06:44:25,8550.0,8597.5,9715,2,0,0,0,0,0,0,,,,,,
2026-10-09 06:44:25,8550.0,8597.5,9,0,0,0,0,0,0,0,,,,,,
2026-10-09 06:44:25,8550.0,8597.5,4607,0,0,0,0,0,0,0,,,,,,
2026-10-09 06:44:25,8560.0,8607.5,2108,0,0,0,0,0,0,0,,,,,,
2026-10-09 06:44:25,8570.0,8617.5,9,0,0,0,0,0,0,0,,,,,,
2026-10-09 06:44:25,8575.0,8622.5,436,0,0,0,0,0,0,0,,,,,,
2026-10-09 06:44:25,8575.0,8622.5,64,1,0,0,0,0,0,0,,,,,,
2026-10-09 06:44:25,8580.0,8627.5,60,0,0,0,0,0,0,0,,,,,,
2026-10-09 06:44:25,8590.0,8637.5,33,0,0,0,0,0,0,0,,,,,,
2026-10-09 06:44:25,8600.0,8647.5,4530,3,0,0,0,0,0,0,,,,,,
2026-10-09 06:44:25,8600.0,8647.5,5,0,0,0,0,0,0,0,,,,,,
2026-10-09 06:44:25,8600.0,8647.5,258,1,0,0,0,0,0,0,,,,,,
2026-10-09 06:44:25,8610.0,8657.5,2263,0,0,0,0,0,0,0,,,,,,
2026-10-09 06:44:25,8620.0,8667.5,8,0,0,0,0,0,0,0,,,,,,
2026-10-09 06:44:25,8625.0,8672.5,403,0,0,0,0,0,0,0,,,,,,
2026-10-09 06:44:25,8630.0,8677.5,14,0,0,0,0,0,0,0,,,,,,
2026-10-09 06:44:25,8640.0,8687.5,1,0,0,0,0,0,0,0,,,,,,
2026-10-09 06:44:25,8650.0,8697.5,1901,0,0,0,0,0,0,0,,,,,,
2026-10-09 06:44:25,8650.0,8697.5,4411,0,0,0,0,0,0,0,,,,,,
2026-10-09 06:44:25,8660.0,8707.5,67,0,0,0,0,0,0,0,,,,,,
2026-10-09 06:44:25,8670.0,8717.5,8,0,0,0,0,0,0,0,,,,,,
2026-10-09 06:44:25,8675.0,8722.5,2381,0,100,0,0,0,100,0,,3,,,,
2026-10-09 06:44:25,8680.0,8727.5,1,0,0,0,0,0,0,0,,,,,,
2026-10-09 06:44:25,8690.0,8737.5,2,0,0,0,0,0,0,0,,,,,,
2026-10-09 06:44:25,8700.0,8747.5,7391,1,0,0,0,0,0,0,,,,,,
2026-10-09 06:44:25,8700.0,8747.5,6,0,0,0,0,0,0,0,,,,,,
2026-10-09 06:44:25,8700.0,8747.5,290,0,0,0,0,0,0,0,,,,,,
2026-10-09 06:44:25,8710.0,8757.5,0,0,0,0,0,0,0,0,,,,,,
2026-10-09 06:44:25,8720.0,8767.5,11,0,0,0,0,0,0,0,,,,,,
2026-10-09 06:44:25,8725.0,8772.5,240,1,0,0,0,0,0,0,,,,,,
2026-10-09 06:44:25,8730.0,8777.5,2,0,0,0,0,0,0,0,,,,,,
2026-10-09 06:44:25,8740.0,8787.5,67,0,0,0,0,0,0,0,,,,,,
2026-10-09 06:44:25,8750.0,8797.5,2476,1,0,0,0,0,0,0,,,,,,
2026-10-09 06:44:25,8750.0,8797.5,7,0,0,0,0,0,0,0,,,,,,
2026-10-09 06:44:25,8760.0,8807.5,94,0,0,0,0,0,0,0,,,,,,
2026-10-09 06:44:25,8770.0,8817.5,0,0,0,0,0,0,0,0,,,,,,
2026-10-09 06:44:25,8775.0,8822.5,125,3,0,0,0,0,0,0,,,,,,
2026-10-09 06:44:25,8780.0,8827.5,67,0,0,0,0,0,0,0,,,,,,
2026-10-09 06:44:25,8790.0,8837.5,0,1,0,0,0,0,0,0,,,,,,
2026-10-09 06:44:25,8800.0,8847.5,13844,3,0,0,0,0,0,0,,,,,,
2026-10-09 06:44:25,8800.0,8847.5,0,0,0,0,0,0,0,0,,,,,,
2026-10-09 06:44:25,8800.0,8847.5,645,1,0,0,0,0,0,0,,,,,,
2026-10-09 06:44:25,8810.0,8857.5,0,0,0,0,0,0,0,0,,,,,,
2026-10-09 06:44:25,8820.0,8867.5,0,0,0,0,0,0,0,0,,,,,,
2026-10-09 06:44:25,8825.0,8872.5,0,0,0,0,0,0,0,0,,,,,,
2026-10-09 06:44:25,8830.0,8877.5,4,0,0,0,0,0,0,0,,,,,,
2026-10-09 06:44:25,8850.0,8897.5,499,18,0,0,0,0,0,0,,,,,,
2026-10-09 06:44:25,8875.0,8922.5,0,0,0,0,0,0,0,0,,,,,,
2026-10-09 06:44:25,8900.0,8947.5,20928,19,0,0,0,0,0,0,,,,,,
2026-10-09 06:44:25,8900.0,8947.5,18503,1,0,0,0,0,0,0,,,,,,
2026-10-09 06:44:25,8950.0,8997.5,10,0,0,0,0,0,0,0,,,,,,
2026-10-09 06:44:25,9000.0,9047.5,7241,4007,0,0,0,0,0,0,,,,,,
2026-10-09 06:44:25,9000.0,9047.5,2,0,0,0,0,0,0,0,,,,,,
2026-10-09 06:44:25,9000.0,9047.5,8919,0,0,0,0,0,0,0,,,,,,
2026-10-09 06:44:25,9100.0,9147.5,6428,0,0,0,0,0,0,0,,,,,,
2026-10-09 06:44:25,9100.0,9147.5,157,0,0,0,0,0,0,0,,,,,,
2026-10-09 06:44:25,9200.0,9247.5,4199,1,0,0,0,0,0,0,,,,,,
2026-10-09 06:44:25,9200.0,9247.5,0,0,0,0,0,0,0,0,,,,,,
2026-10-09 06:44:25,9200.0,9247.5,78,0,0,0,0,0,0,0,,,,,,
