timestamp_current,timestamp_previous,strikePrice,expirationDate,Theo ES,call_vol_diff,put_vol_diff,call_premium_of_vol_diff,put_premium_of_vol_diff,call_vol_oi_ratio_current,put_vol_oi_ratio_current,call_vol_chng_pct,put_vol_chng_pct
2026-09-30T10:11:00,2026-09-30T10:10:00,6220.0,2026-10-16,6277.25,0,0,0.0,0.0,,0.0,,
2026-09-30T10:11:00,2026-09-30T10:10:00,6225.0,2026-10-16,6282.25,0,0,0.0,0.0,0.0,0.0,,
2026-09-30T10:11:00,2026-09-30T10:10:00,6230.0,2026-10-16,6287.25,0,0,0.0,0.0,,0.0,,
2026-09-30T10:11:00,2026-09-30T10:10:00,6240.0,2026-10-16,6297.25,0,62,0.0,6355.0,0.0,0.1225296442687747,,
2026-09-30T10:11:00,2026-09-30T10:10:00,6250.0,2026-10-16,6307.25,0,8,0.0,880.0000000000001,0.0,0.00024982824308288055,,
2026-09-30T10:11:00,2026-09-30T10:10:00,6260.0,2026-10-16,6317.25,0,0,0.0,0.0,0.0,0.0,,
2026-09-30T10:11:00,2026-09-30T10:10:00,6270.0,2026-10-16,6327.25,0,0,0.0,0.0,0.0,0.0,,
2026-09-30T10:11:00,2026-09-30T10:10:00,6275.0,2026-10-16,6332.25,0,0,0.0,0.0,,0.0,,
2026-09-30T10:11:00,2026-09-30T10:10:00,6280.0,2026-10-16,6337.25,0,0,0.0,0.0,0.0,0.0,,
2026-09-30T10:11:00,2026-09-30T10:10:00,6290.0,2026-10-16,6347.25,0,0,0.0,0.0,,0.0,,
2026-09-30T10:11:00,2026-09-30T10:10:00,6300.0,2026-10-12,6357.25,0,12,0.0,570.0,0.0,0.001889168765743073,,
2026-09-30T10:11:00,2026-09-30T10:10:00,6300.0,2026-10-13,6357.25,0,20,0.0,1250.0,,0.13986013986013987,,
2026-09-30T10:11:00,2026-09-30T10:10:00,6300.0,2026-10-14,6357.25,0,0,0.0,0.0,,0.0,,
2026-09-30T10:11:00,2026-09-30T10:10:00,6300.0,2026-10-15,6357.25,0,0,0.0,0.0,,0.0,,
2026-09-30T10:11:00,2026-09-30T10:10:00,6300.0,2026-10-16,6357.25,0,3,0.0,345.0,0.0,0.0001295392719892914,,
2026-09-30T10:11:00,2026-09-30T10:10:00,6300.0,2026-10-19,6357.25,0,0,0.0,0.0,,0.0,,
2026-09-30T10:11:00,2026-09-30T10:10:00,6300.0,2026-10-20,6357.25,0,0,0.0,0.0,,0.0,,
2026-09-30T10:11:00,2026-09-30T10:10:00,6310.0,2026-10-16,6367.25,0,0,0.0,0.0,0.0,0.0,,
2026-09-30T10:11:00,2026-09-30T10:10:00,6320.0,2026-10-16,6377.25,0,3,0.0,359.99999999999994,0.0,0.2,,
2026-09-30T10:11:00,2026-09-30T10:10:00,6325.0,2026-10-16,6382.25,0,0,0.0,0.0,0.0,0.0,,
2026-09-30T10:11:00,2026-09-30T10:10:00,6330.0,2026-10-16,6387.25,0,0,0.0,0.0,,0.0,,
2026-09-30T10:11:00,2026-09-30T10:10:00,6340.0,2026-10-16,6397.25,0,0,0.0,0.0,0.0,0.0,,
2026-09-30T10:11:00,2026-09-30T10:10:00,6350.0,2026-10-16,6407.25,0,0,0.0,0.0,0.0,0.0,,
2026-09-30T10:11:00,2026-09-30T10:10:00,6360.0,2026-10-16,6417.25,0,0,0.0,0.0,0.0,0.0,,
2026-09-30T10:11:00,2026-09-30T10:10:00,6370.0,2026-10-16,6427.25,0,0,0.0,0.0,0.0,0.0,,
2026-09-30T10:11:00,2026-09-30T10:10:00,6375.0,2026-10-16,6432.25,0,0,0.0,0.0,0.0,0.0,,
2026-09-30T10:11:00,2026-09-30T10:10:00,6380.0,2026-10-16,6437.25,0,0,0.0,0.0,,0.0,,
2026-09-30T10:11:00,2026-09-30T10:10:00,6390.0,2026-10-16,6447.25,0,0,0.0,0.0,0.0,0.0,,
2026-09-30T10:11:00,2026-09-30T10:10:00,6400.0,2026-10-12,6457.25,0,0,0.0,0.0,,0.0,,
2026-09-30T10:11:00,2026-09-30T10:10:00,6400.0,2026-10-13,6457.25,0,76,0.0,5510.000000000001,,0.6608695652173913,,
2026-09-30T10:11:00,2026-09-30T10:10:00,6400.0,2026-10-14,6457.25,0,0,0.0,0.0,,0.0,,
2026-09-30T10:11:00,2026-09-30T10:10:00,6400.0,2026-10-15,6457.25,0,0,0.0,0.0,,0.0,,
2026-09-30T10:11:00,2026-09-30T10:10:00,6400.0,2026-10-16,6457.25,0,44,0.0,5720.0,0.0,0.002858813592359171,,
2026-09-30T10:11:00,2026-09-30T10:10:00,6400.0,2026-10-19,6457.25,0,4,0.0,630.0,,0.023121387283236993,,
2026-09-30T10:11:00,2026-09-30T10:10:00,6400.0,2026-10-20,6457.25,0,1,0.0,177.5,,0.005555555555555556,,
2026-09-30T10:11:00,2026-09-30T10:10:00,6410.0,2026-10-16,6467.25,0,8,0.0,1060.0,0.0,0.0299625468164794,,
2026-09-30T10:11:00,2026-09-30T10:10:00,6420.0,2026-10-16,6477.25,0,0,0.0,0.0,,0.0,,
2026-09-30T10:11:00,2026-09-30T10:10:00,6425.0,2026-10-16,6482.25,0,0,0.0,0.0,,0.0,,
2026-09-30T10:11:00,2026-09-30T10:10:00,6430.0,2026-10-16,6487.25,0,0,0.0,0.0,0.0,0.0,,
2026-09-30T10:11:00,2026-09-30T10:10:00,6440.0,2026-10-16,6497.25,0,0,0.0,0.0,,0.0,,
2026-09-30T10:11:00,2026-09-30T10:10:00,6450.0,2026-10-16,6507.25,0,0,0.0,0.0,0.0,0.0,,
2026-09-30T10:11:00,2026-09-30T10:10:00,6460.0,2026-10-16,6517.25,0,0,0.0,0.0,,0.0,,
2026-09-30T10:11:00,2026-09-30T10:10:00,6470.0,2026-10-16,6527.25,0,0,0.0,0.0,,0.0,,
2026-09-30T10:11:00,2026-09-30T10:10:00,6475.0,2026-10-16,6532.25,0,0,0.0,0.0,0.0,0.0,,
2026-09-30T10:11:00,2026-09-30T10:10:00,6480.0,2026-10-16,6537.25,0,0,0.0,0.0,0.0,0.0,,
2026-09-30T10:11:00,2026-09-30T10:10:00,6490.0,2026-10-16,6547.25,0,0,0.0,0.0,,0.0,,
2026-09-30T10:11:00,2026-09-30T10:10:00,6500.0,2026-10-12,6557.25,0,50,0.0,3249.999999999999,0.0,0.022988505747126436,,
2026-09-30T10:11:00,2026-09-30T10:10:00,6500.0,2026-10-13,6557.25,0,0,0.0,0.0,,0.0,,
2026-09-30T10:11:00,2026-09-30T10:10:00,6500.0,2026-10-14,6557.25,0,6,0.0,660.0,,0.013953488372093023,,
2026-09-30T10:11:00,2026-09-30T10:10:00,6500.0,2026-10-15,6557.25,0,10,0.0,1325.0,0.0,0.09009009009009009,,
2026-09-30T10:11:00,2026-09-30T10:10:00,6500.0,2026-10-16,6557.25,0,8,0.0,1240.0,0.0,0.0111731843575419,,
2026-09-30T10:11:00,2026-09-30T10:10:00,6500.0,2026-10-19,6557.25,0,0,0.0,0.0,,0.0,,
2026-09-30T10:11:00,2026-09-30T10:10:00,6500.0,2026-10-20,6557.25,0,0,0.0,0.0,,0.0,,
2026-09-30T10:11:00,2026-09-30T10:10:00,6510.0,2026-10-16,6567.25,0,0,0.0,0.0,,0.0,,
2026-09-30T10:11:00,2026-09-30T10:10:00,6520.0,2026-10-16,6577.25,0,0,0.0,0.0,,0.0,,
2026-09-30T10:11:00,2026-09-30T10:10:00,6525.0,2026-10-12,6582.25,0,40,0.0,2800.0,,40.0,,
2026-09-30T10:11:00,2026-09-30T10:10:00,6525.0,2026-10-13,6582.25,0,1,0.0,87.5,,0.02127659574468085,,
2026-09-30T10:11:00,2026-09-30T10:10:00,6525.0,2026-10-14,6582.25,0,0,0.0,0.0,,0.0,,
2026-09-30T10:11:00,2026-09-30T10:10:00,6525.0,2026-10-15,6582.25,0,0,0.0,0.0,,0.0,,
2026-09-30T10:11:00,2026-09-30T10:10:00,6525.0,2026-10-16,6582.25,0,0,0.0,0.0,,0.0,,
2026-09-30T10:11:00,2026-09-30T10:10:00,6525.0,2026-10-19,6582.25,0,10,0.0,1900.0,,0.6666666666666666,,
2026-09-30T10:11:00,2026-09-30T10:10:00,6525.0,2026-10-20,6582.25,0,0,0.0,0.0,,0.0,,
2026-09-30T10:11:00,2026-09-30T10:10:00,6530.0,2026-10-16,6587.25,0,0,0.0,0.0,0.0,0.0,,
2026-09-30T10:11:00,2026-09-30T10:10:00,6540.0,2026-10-16,6597.25,0,0,0.0,0.0,,0.0,,
2026-09-30T10:11:00,2026-09-30T10:10:00,6550.0,2026-10-12,6607.25,0,0,0.0,0.0,,0.0,,
2026-09-30T10:11:00,2026-09-30T10:10:00,6550.0,2026-10-13,6607.25,0,0,0.0,0.0,,0.0,,
2026-09-30T10:11:00,2026-09-30T10:10:00,6550.0,2026-10-14,6607.25,0,0,0.0,0.0,,0.0,,
2026-09-30T10:11:00,2026-09-30T10:10:00,6550.0,2026-10-15,6607.25,0,0,0.0,0.0,,0.0,,
2026-09-30T10:11:00,2026-09-30T10:10:00,6550.0,2026-10-16,6607.25,0,18,0.0,2925.0,0.0,0.003605769230769231,,
2026-09-30T10:11:00,2026-09-30T10:10:00,6550.0,2026-10-19,6607.25,0,0,0.0,0.0,,0.0,,
2026-09-30T10:11:00,2026-09-30T10:10:00,6550.0,2026-10-20,6607.25,0,0,0.0,0.0,,0.0,,
2026-09-30T10:11:00,2026-09-30T10:10:00,6560.0,2026-10-16,6617.25,0,0,0.0,0.0,0.0,0.0,,
2026-09-30T10:11:00,2026-09-30T10:10:00,6570.0,2026-10-16,6627.25,0,0,0.0,0.0,,0.0,,
2026-09-30T10:11:00,2026-09-30T10:10:00,6575.0,2026-10-12,6632.25,0,0,0.0,0.0,,,,
2026-09-30T10:11:00,2026-09-30T10:10:00,6575.0,2026-10-13,6632.25,0,0,0.0,0.0,,0.0,,
2026-09-30T10:11:00,2026-09-30T10:10:00,6575.0,2026-10-14,6632.25,0,0,0.0,0.0,,0.0,,
2026-09-30T10:11:00,2026-09-30T10:10:00,6575.0,2026-10-15,6632.25,0,0,0.0,0.0,,0.0,,
2026-09-30T10:11:00,2026-09-30T10:10:00,6575.0,2026-10-16,6632.25,0,0,0.0,0.0,,0.0,,
2026-09-30T10:11:00,2026-09-30T10:10:00,6575.0,2026-10-19,6632.25,0,0,0.0,0.0,,0.0,,
2026-09-30T10:11:00,2026-09-30T10:10:00,6575.0,2026-10-20,6632.25,0,0,0.0,0.0,,,,
2026-09-30T10:11:00,2026-09-30T10:10:00,6580.0,2026-10-16,6637.25,0,0,0.0,0.0,,0.0,,
2026-09-30T10:11:00,2026-09-30T10:10:00,6590.0,2026-10-16,6647.25,0,0,0.0,0.0,,0.0,,
2026-09-30T10:11:00,2026-09-30T10:10:00,6600.0,2026-10-12,6657.25,0,0,0.0,0.0,,0.0,,
2026-09-30T10:11:00,2026-09-30T10:10:00,6600.0,2026-10-13,6657.25,0,0,0.0,0.0,,0.0,,
2026-09-30T10:11:00,2026-09-30T10:10:00,6600.0,2026-10-14,6657.25,0,0,0.0,0.0,,0.0,,
2026-09-30T10:11:00,2026-09-30T10:10:00,6600.0,2026-10-15,6657.25,0,0,0.0,0.0,0.0,0.0,,
2026-09-30T10:11:00,2026-09-30T10:10:00,6600.0,2026-10-16,6657.25,0,4,0.0,730.0,0.0,0.0003632401017072285,,
2026-09-30T10:11:00,2026-09-30T10:10:00,6600.0,2026-10-19,6657.25,0,0,0.0,0.0,,0.0,,
2026-09-30T10:11:00,2026-09-30T10:10:00,6600.0,2026-10-20,6657.25,0,0,0.0,0.0,,0.0,,
2026-09-30T10:11:00,2026-09-30T10:10:00,6610.0,2026-10-16,6667.25,0,0,0.0,0.0,,0.0,,
2026-09-30T10:11:00,2026-09-30T10:10:00,6620.0,2026-10-16,6677.25,0,0,0.0,0.0,,0.0,,
2026-09-30T10:11:00,2026-09-30T10:10:00,6625.0,2026-10-12,6682.25,0,0,0.0,0.0,,0.0,,
2026-09-30T10:11:00,2026-09-30T10:10:00,6625.0,2026-10-13,6682.25,0,0,0.0,0.0,,0.0,,
2026-09-30T10:11:00,2026-09-30T10:10:00,6625.0,2026-10-14,6682.25,0,0,0.0,0.0,,0.0,,
2026-09-30T10:11:00,2026-09-30T10:10:00,6625.0,2026-10-15,6682.25,0,0,0.0,0.0,,,,
2026-09-30T10:11:00,2026-09-30T10:10:00,6625.0,2026-10-16,6682.25,0,0,0.0,0.0,0.0,0.0,,
2026-09-30T10:11:00,2026-09-30T10:10:00,6625.0,2026-10-19,6682.25,0,0,0.0,0.0,,0.0,,
2026-09-30T10:11:00,2026-09-30T10:10:00,6625.0,2026-10-20,6682.25,0,0,0.0,0.0,,0.0,,
2026-09-30T10:11:00,2026-09-30T10:10:00,6630.0,2026-10-16,6687.25,0,0,0.0,0.0,0.0,0.0,,
2026-09-30T10:11:00,2026-09-30T10:10:00,6640.0,2026-10-16,6697.25,0,0,0.0,0.0,,0.0,,
2026-09-30T10:11:00,2026-09-30T10:10:00,6650.0,2026-10-12,6707.25,0,1,0.0,85.00000000000001,,0.00625,,
2026-09-30T10:11:00,2026-09-30T10:10:00,6650.0,2026-10-13,6707.25,0,0,0.0,0.0,,0.0,,
2026-09-30T10:11:00,2026-09-30T10:10:00,6650.0,2026-10-14,6707.25,0,0,0.0,0.0,,0.0,,
2026-09-30T10:11:00,2026-09-30T10:10:00,6650.0,2026-10-15,6707.25,0,40,0.0,6700.0,,0.24242424242424243,,
2026-09-30T10:11:00,2026-09-30T10:10:00,6650.0,2026-10-16,6707.25,0,0,0.0,0.0,0.0,0.0,,
2026-09-30T10:11:00,2026-09-30T10:10:00,6650.0,2026-10-19,6707.25,0,0,0.0,0.0,,0.0,,
2026-09-30T10:11:00,2026-09-30T10:10:00,6650.0,2026-10-20,6707.25,0,0,0.0,0.0,,,,
2026-09-30T10:11:00,2026-09-30T10:10:00,6660.0,2026-10-16,6717.25,0,0,0.0,0.0,,0.0,,
2026-09-30T10:11:00,2026-09-30T10:10:00,6670.0,2026-10-16,6727.25,0,1,0.0,197.5,0.0,0.001893939393939394,,
2026-09-30T10:11:00,2026-09-30T10:10:00,6675.0,2026-10-12,6732.25,0,0,0.0,0.0,,0.0,,
2026-09-30T10:11:00,2026-09-30T10:10:00,6675.0,2026-10-13,6732.25,0,0,0.0,0.0,0.0,0.0,,
2026-09-30T10:11:00,2026-09-30T10:10:00,6675.0,2026-10-14,6732.25,0,0,0.0,0.0,,0.0,,
2026-09-30T10:11:00,2026-09-30T10:10:00,6675.0,2026-10-15,6732.25,0,0,0.0,0.0,,0.0,,
2026-09-30T10:11:00,2026-09-30T10:10:00,6675.0,2026-10-16,6732.25,0,0,0.0,0.0,0.0,0.0,,
2026-09-30T10:11:00,2026-09-30T10:10:00,6675.0,2026-10-19,6732.25,0,0,0.0,0.0,,0.0,,
2026-09-30T10:11:00,2026-09-30T10:10:00,6675.0,2026-10-20,6732.25,0,0,0.0,0.0,,0.0,,
2026-09-30T10:11:00,2026-09-30T10:10:00,6680.0,2026-10-16,6737.25,0,21,0.0,4357.5,,0.21875,,
2026-09-30T10:11:00,2026-09-30T10:10:00,6690.0,2026-10-16,6747.25,0,0,0.0,0.0,,0.0,,
2026-09-30T10:11:00,2026-09-30T10:10:00,6700.0,2026-10-12,6757.25,0,1,0.0,92.5,,0.003952569169960474,,
2026-09-30T10:11:00,2026-09-30T10:10:00,6700.0,2026-10-13,6757.25,0,8,0.0,940.0,0.0,0.023668639053254437,,
2026-09-30T10:11:00,2026-09-30T10:10:00,6700.0,2026-10-14,6757.25,0,102,0.0,15554.999999999998,,0.4880382775119617,,
2026-09-30T10:11:00,2026-09-30T10:10:00,6700.0,2026-10-15,6757.25,0,0,0.0,0.0,,0.0,,
2026-09-30T10:11:00,2026-09-30T10:10:00,6700.0,2026-10-16,6757.25,4,2,409280.0,430.00000000000006,0.0006567066163191594,0.0030911901081916537,,
2026-09-30T10:11:00,2026-09-30T10:10:00,6700.0,2026-10-19,6757.25,0,2,0.0,505.00000000000006,,0.030303030303030304,,
2026-09-30T10:11:00,2026-09-30T10:10:00,6700.0,2026-10-20,6757.25,0,0,0.0,0.0,,0.0,,
2026-09-30T10:11:00,2026-09-30T10:10:00,6710.0,2026-10-16,6767.25,0,0,0.0,0.0,0.0,0.0,,
2026-09-30T10:11:00,2026-09-30T10:10:00,6720.0,2026-10-16,6777.25,0,0,0.0,0.0,,0.0,,
2026-09-30T10:11:00,2026-09-30T10:10:00,6725.0,2026-10-12,6782.25,0,0,0.0,0.0,,0.0,,
2026-09-30T10:11:00,2026-09-30T10:10:00,6725.0,2026-10-13,6782.25,0,0,0.0,0.0,,0.0,,
2026-09-30T10:11:00,2026-09-30T10:10:00,6725.0,2026-10-14,6782.25,0,3,0.0,472.49999999999994,,0.75,,
2026-09-30T10:11:00,2026-09-30T10:10:00,6725.0,2026-10-15,6782.25,0,0,0.0,0.0,,0.0,,
2026-09-30T10:11:00,2026-09-30T10:10:00,6725.0,2026-10-16,6782.25,0,0,0.0,0.0,,0.0,,
2026-09-30T10:11:00,2026-09-30T10:10:00,6725.0,2026-10-19,6782.25,0,0,0.0,0.0,,0.0,,
2026-09-30T10:11:00,2026-09-30T10:10:00,6725.0,2026-10-20,6782.25,0,0,0.0,0.0,,0.0,,
2026-09-30T10:11:00,2026-09-30T10:10:00,6730.0,2026-10-16,6787.25,0,0,0.0,0.0,0.0,0.0,,
2026-09-30T10:11:00,2026-09-30T10:10:00,6740.0,2026-10-16,6797.25,0,0,0.0,0.0,,0.0,,
2026-09-30T10:11:00,2026-09-30T10:10:00,6750.0,2026-10-12,6807.25,0,0,0.0,0.0,,0.0,,
2026-09-30T10:11:00,2026-09-30T10:10:00,6750.0,2026-10-13,6807.25,0,0,0.0,0.0,,0.0,,
2026-09-30T10:11:00,2026-09-30T10:10:00,6750.0,2026-10-14,6807.25,0,1,0.0,165.0,,0.013333333333333334,,
2026-09-30T10:11:00,2026-09-30T10:10:00,6750.0,2026-10-15,6807.25,0,0,0.0,0.0,,0.0,,
2026-09-30T10:11:00,2026-09-30T10:10:00,6750.0,2026-10-16,6807.25,0,0,0.0,0.0,0.0,0.0,,
2026-09-30T10:11:00,2026-09-30T10:10:00,6750.0,2026-10-19,6807.25,0,0,0.0,0.0,,0.0,,
2026-09-30T10:11:00,2026-09-30T10:10:00,6750.0,2026-10-20,6807.25,0,1,0.0,310.0,,0.047619047619047616,,
2026-09-30T10:11:00,2026-09-30T10:10:00,6760.0,2026-10-16,6817.25,0,0,0.0,0.0,0.0,0.0,,
2026-09-30T10:11:00,2026-09-30T10:10:00,6770.0,2026-10-16,6827.25,0,0,0.0,0.0,0.0,0.0,,
2026-09-30T10:11:00,2026-09-30T10:10:00,6775.0,2026-10-12,6832.25,0,0,0.0,0.0,,0.0,,
2026-09-30T10:11:00,2026-09-30T10:10:00,6775.0,2026-10-13,6832.25,0,0,0.0,0.0,0.0,0.0,,
2026-09-30T10:11:00,2026-09-30T10:10:00,6775.0,2026-10-14,6832.25,0,0,0.0,0.0,,0.0,,
2026-09-30T10:11:00,2026-09-30T10:10:00,6775.0,2026-10-15,6832.25,0,0,0.0,0.0,,0.0,,
2026-09-30T10:11:00,2026-09-30T10:10:00,6775.0,2026-10-16,6832.25,0,0,0.0,0.0,0.0,0.0,,
2026-09-30T10:11:00,2026-09-30T10:10:00,6775.0,2026-10-19,6832.25,0,5,0.0,1437.5,,0.25,,
2026-09-30T10:11:00,2026-09-30T10:10:00,6775.0,2026-10-20,6832.25,0,1,0.0,320.0,,0.09090909090909091,,
2026-09-30T10:11:00,2026-09-30T10:10:00,6780.0,2026-10-16,6837.25,0,0,0.0,0.0,,0.0,,
2026-09-30T10:11:00,2026-09-30T10:10:00,6790.0,2026-10-16,6847.25,0,0,0.0,0.0,,0.0,,
2026-09-30T10:11:00,2026-09-30T10:10:00,6800.0,2026-10-12,6857.25,0,0,0.0,0.0,0.0,0.0,,
2026-09-30T10:11:00,2026-09-30T10:10:00,6800.0,2026-10-13,6857.25,0,0,0.0,0.0,,0.0,,
2026-09-30T10:11:00,2026-09-30T10:10:00,6800.0,2026-10-14,6857.25,0,6,0.0,1080.0,,0.03550295857988166,,
2026-09-30T10:11:00,2026-09-30T10:10:00,6800.0,2026-10-15,6857.25,0,2,0.0,434.99999999999994,,0.03571428571428571,,
2026-09-30T10:11:00,2026-09-30T10:10:00,6800.0,2026-10-16,6857.25,0,325,0.0,79625.00000000001,0.0,0.023710512876632377,,
2026-09-30T10:11:00,2026-09-30T10:10:00,6800.0,2026-10-19,6857.25,0,4,0.0,1210.0000000000002,,0.02531645569620253,,
2026-09-30T10:11:00,2026-09-30T10:10:00,6800.0,2026-10-20,6857.25,0,3,0.0,1019.9999999999999,,0.1,,
2026-09-30T10:11:00,2026-09-30T10:10:00,6810.0,2026-10-16,6867.25,0,0,0.0,0.0,0.0,0.0,,
2026-09-30T10:11:00,2026-09-30T10:10:00,6820.0,2026-10-16,6877.25,0,0,0.0,0.0,0.0,0.0,,
2026-09-30T10:11:00,2026-09-30T10:10:00,6825.0,2026-10-12,6882.25,0,0,0.0,0.0,,0.0,,
2026-09-30T10:11:00,2026-09-30T10:10:00,6825.0,2026-10-13,6882.25,0,0,0.0,0.0,,0.0,,
2026-09-30T10:11:00,2026-09-30T10:10:00,6825.0,2026-10-14,6882.25,0,0,0.0,0.0,,0.0,,
2026-09-30T10:11:00,2026-09-30T10:10:00,6825.0,2026-10-15,6882.25,0,1,0.0,227.50000000000003,,0.02631578947368421,,
2026-09-30T10:11:00,2026-09-30T10:10:00,6825.0,2026-10-16,6882.25,0,0,0.0,0.0,0.0,0.0,,
2026-09-30T10:11:00,2026-09-30T10:10:00,6825.0,2026-10-19,6882.25,0,2,0.0,640.0,0.0,0.029411764705882353,,
2026-09-30T10:11:00,2026-09-30T10:10:00,6825.0,2026-10-20,6882.25,0,1,0.0,355.0,,0.05,,
2026-09-30T10:11:00,2026-09-30T10:10:00,6830.0,2026-10-16,6887.25,0,0,0.0,0.0,0.0,0.0,,
2026-09-30T10:11:00,2026-09-30T10:10:00,6840.0,2026-10-16,6897.25,0,0,0.0,0.0,0.0,0.0,,
2026-09-30T10:11:00,2026-09-30T10:10:00,6850.0,2026-10-12,6907.25,0,0,0.0,0.0,,0.0,,
2026-09-30T10:11:00,2026-09-30T10:10:00,6850.0,2026-10-13,6907.25,0,0,0.0,0.0,,0.0,,
2026-09-30T10:11:00,2026-09-30T10:10:00,6850.0,2026-10-14,6907.25,0,2,0.0,390.0,,0.015748031496062992,,
2026-09-30T10:11:00,2026-09-30T10:10:00,6850.0,2026-10-15,6907.25,0,0,0.0,0.0,0.0,0.0,,
2026-09-30T10:11:00,2026-09-30T10:10:00,6850.0,2026-10-16,6907.25,0,0,0.0,0.0,0.0,0.0,,
2026-09-30T10:11:00,2026-09-30T10:10:00,6850.0,2026-10-19,6907.25,0,0,0.0,0.0,0.0,0.0,,
2026-09-30T10:11:00,2026-09-30T10:10:00,6850.0,2026-10-20,6907.25,0,2,0.0,740.0,,0.05263157894736842,,
2026-09-30T10:11:00,2026-09-30T10:10:00,6860.0,2026-10-16,6917.25,0,1,0.0,284.99999999999994,0.0,0.02,,
2026-09-30T10:11:00,2026-09-30T10:10:00,6865.0,2026-10-16,6922.25,0,0,0.0,0.0,,,,
2026-09-30T10:11:00,2026-09-30T10:10:00,6870.0,2026-10-16,6927.25,0,0,0.0,0.0,,0.0,,
2026-09-30T10:11:00,2026-09-30T10:10:00,6875.0,2026-10-12,6932.25,0,0,0.0,0.0,0.0,0.0,,
2026-09-30T10:11:00,2026-09-30T10:10:00,6875.0,2026-10-13,6932.25,0,0,0.0,0.0,,0.0,,
2026-09-30T10:11:00,2026-09-30T10:10:00,6875.0,2026-10-14,6932.25,0,0,0.0,0.0,,0.0,,
2026-09-30T10:11:00,2026-09-30T10:10:00,6875.0,2026-10-15,6932.25,0,0,0.0,0.0,,0.0,,
2026-09-30T10:11:00,2026-09-30T10:10:00,6875.0,2026-10-16,6932.25,0,7,0.0,2047.4999999999998,0.0,0.042682926829268296,,
2026-09-30T10:11:00,2026-09-30T10:10:00,6875.0,2026-10-19,6932.25,0,4,0.0,1400.0,0.0,0.0273972602739726,,
2026-09-30T10:11:00,2026-09-30T10:10:00,6875.0,2026-10-20,6932.25,0,2,0.0,780.0,0.0,0.06896551724137931,,
2026-09-30T10:11:00,2026-09-30T10:10:00,6880.0,2026-10-16,6937.25,0,0,0.0,0.0,,0.0,,
2026-09-30T10:11:00,2026-09-30T10:10:00,6885.0,2026-10-16,6942.25,0,0,0.0,0.0,,,,
2026-09-30T10:11:00,2026-09-30T10:10:00,6890.0,2026-10-16,6947.25,0,6,0.0,1815.0000000000002,0.0,0.03821656050955414,,
2026-09-30T10:11:00,2026-09-30T10:10:00,6895.0,2026-10-16,6952.25,0,0,0.0,0.0,,0.0,,
2026-09-30T10:11:00,2026-09-30T10:10:00,6900.0,2026-10-12,6957.25,0,12,0.0,1560.0000000000002,0.0,0.1016949152542373,,
2026-09-30T10:11:00,2026-09-30T10:10:00,6900.0,2026-10-13,6957.25,0,2,0.0,330.0,0.0,0.03389830508474576,,
2026-09-30T10:11:00,2026-09-30T10:10:00,6900.0,2026-10-14,6957.25,0,0,0.0,0.0,,0.0,,
2026-09-30T10:11:00,2026-09-30T10:10:00,6900.0,2026-10-15,6957.25,0,0,0.0,0.0,,0.0,,
2026-09-30T10:11:00,2026-09-30T10:10:00,6900.0,2026-10-16,6957.25,0,4284,0.0,1253070.0,0.0,0.2073070408903944,,
2026-09-30T10:11:00,2026-09-30T10:10:00,6900.0,2026-10-19,6957.25,0,4,0.0,1440.0,,0.011904761904761904,,
2026-09-30T10:11:00,2026-09-30T10:10:00,6900.0,2026-10-20,6957.25,0,0,0.0,0.0,0.0,0.0,,
2026-09-30T10:11:00,2026-09-30T10:10:00,6905.0,2026-10-16,6962.25,0,0,0.0,0.0,,0.0,,
2026-09-30T10:11:00,2026-09-30T10:10:00,6910.0,2026-10-16,6967.25,0,0,0.0,0.0,0.0,0.0,,
2026-09-30T10:11:00,2026-09-30T10:10:00,6915.0,2026-10-16,6972.25,0,0,0.0,0.0,,0.0,,
2026-09-30T10:11:00,2026-09-30T10:10:00,6920.0,2026-10-16,6977.25,0,412,0.0,127720.0,,0.2178741406663141,,
2026-09-30T10:11:00,2026-09-30T10:10:00,6925.0,2026-10-12,6982.25,0,0,0.0,0.0,,0.0,,
2026-09-30T10:11:00,2026-09-30T10:10:00,6925.0,2026-10-13,6982.25,0,0,0.0,0.0,,0.0,,
2026-09-30T10:11:00,2026-09-30T10:10:00,6925.0,2026-10-14,6982.25,0,0,0.0,0.0,,0.0,,
2026-09-30T10:11:00,2026-09-30T10:10:00,6925.0,2026-10-15,6982.25,0,0,0.0,0.0,,0.0,,
2026-09-30T10:11:00,2026-09-30T10:10:00,6925.0,2026-10-16,6982.25,0,3231,0.0,1001610.0,0.0,0.40332043440269627,,
2026-09-30T10:11:00,2026-09-30T10:10:00,6925.0,2026-10-19,6982.25,0,0,0.0,0.0,,0.0,,
2026-09-30T10:11:00,2026-09-30T10:10:00,6925.0,2026-10-20,6982.25,0,0,0.0,0.0,,0.0,,
2026-09-30T10:11:00,2026-09-30T10:10:00,6930.0,2026-10-16,6987.25,0,0,0.0,0.0,0.0,0.0,,
2026-09-30T10:11:00,2026-09-30T10:10:00,6935.0,2026-10-16,6992.25,0,0,0.0,0.0,,,,
2026-09-30T10:11:00,2026-09-30T10:10:00,6940.0,2026-10-16,6997.25,0,0,0.0,0.0,0.0,0.0,,
2026-09-30T10:11:00,2026-09-30T10:10:00,6945.0,2026-10-16,7002.25,0,0,0.0,0.0,,0.0,,
2026-09-30T10:11:00,2026-09-30T10:10:00,6950.0,2026-10-12,7007.25,0,10,0.0,1450.0,,0.058823529411764705,,
2026-09-30T10:11:00,2026-09-30T10:10:00,6950.0,2026-10-13,7007.25,0,1,0.0,185.0,,0.0043859649122807015,,
2026-09-30T10:11:00,2026-09-30T10:10:00,6950.0,2026-10-14,7007.25,0,0,0.0,0.0,,0.0,,
2026-09-30T10:11:00,2026-09-30T10:10:00,6950.0,2026-10-15,7007.25,0,0,0.0,0.0,0.0,0.0,,
2026-09-30T10:11:00,2026-09-30T10:10:00,6950.0,2026-10-16,7007.25,0,1,0.0,325.0,0.0,0.00016283992835043154,,
2026-09-30T10:11:00,2026-09-30T10:10:00,6950.0,2026-10-19,7007.25,0,3,0.0,1200.0,,0.028846153846153848,,
2026-09-30T10:11:00,2026-09-30T10:10:00,6950.0,2026-10-20,7007.25,0,0,0.0,0.0,,0.0,,
2026-09-30T10:11:00,2026-09-30T10:10:00,6955.0,2026-10-16,7012.25,0,0,0.0,0.0,,,,
2026-09-30T10:11:00,2026-09-30T10:10:00,6960.0,2026-10-16,7017.25,0,0,0.0,0.0,0.0,0.0,,
2026-09-30T10:11:00,2026-09-30T10:10:00,6965.0,2026-10-16,7022.25,0,0,0.0,0.0,,,,
2026-09-30T10:11:00,2026-09-30T10:10:00,6970.0,2026-10-16,7027.25,0,0,0.0,0.0,0.0,0.0,,
2026-09-30T10:11:00,2026-09-30T10:10:00,6975.0,2026-10-12,7032.25,0,0,0.0,0.0,0.0,0.0,,
2026-09-30T10:11:00,2026-09-30T10:10:00,6975.0,2026-10-13,7032.25,0,0,0.0,0.0,,0.0,,
2026-09-30T10:11:00,2026-09-30T10:10:00,6975.0,2026-10-14,7032.25,0,0,0.0,0.0,0.0,0.0,,
2026-09-30T10:11:00,2026-09-30T10:10:00,6975.0,2026-10-15,7032.25,0,0,0.0,0.0,0.0,0.0,,
2026-09-30T10:11:00,2026-09-30T10:10:00,6975.0,2026-10-16,7032.25,0,311,0.0,105739.99999999999,0.0,0.12580906148867313,,
2026-09-30T10:11:00,2026-09-30T10:10:00,6975.0,2026-10-19,7032.25,0,0,0.0,0.0,0.0,0.0,,
2026-09-30T10:11:00,2026-09-30T10:10:00,6975.0,2026-10-20,7032.25,0,0,0.0,0.0,0.0,0.0,,
2026-09-30T10:11:00,2026-09-30T10:10:00,6980.0,2026-10-16,7037.25,1,0,74495.0,0.0,,0.0,,
2026-09-30T10:11:00,2026-09-30T10:10:00,6985.0,2026-10-16,7042.25,0,0,0.0,0.0,,,,
2026-09-30T10:11:00,2026-09-30T10:10:00,6990.0,2026-10-16,7047.25,0,0,0.0,0.0,0.0,0.0,,
2026-09-30T10:11:00,2026-09-30T10:10:00,6995.0,2026-10-16,7052.25,0,0,0.0,0.0,0.0,0.0,,
2026-09-30T10:11:00,2026-09-30T10:10:00,7000.0,2026-10-12,7057.25,0,28,0.0,4480.0,0.0,0.04314329738058552,,
2026-09-30T10:11:00,2026-09-30T10:10:00,7000.0,2026-10-13,7057.25,0,1001,0.0,205204.99999999997,0.0,0.49286065977351057,,
2026-09-30T10:11:00,2026-09-30T10:10:00,7000.0,2026-10-14,7057.25,0,0,0.0,0.0,0.0,0.0,,
2026-09-30T10:11:00,2026-09-30T10:10:00,7000.0,2026-10-15,7057.25,0,5,0.0,1625.0,0.0,0.03067484662576687,,
2026-09-30T10:11:00,2026-09-30T10:10:00,7000.0,2026-10-16,7057.25,13167,30,954739170.0000001,11400.0,0.06371889548107355,0.016611295681063124,,
2026-09-30T10:11:00,2026-09-30T10:10:00,7000.0,2026-10-19,7057.25,0,0,0.0,0.0,0.0,0.0,,
2026-09-30T10:11:00,2026-09-30T10:10:00,7000.0,2026-10-20,7057.25,0,0,0.0,0.0,0.0,0.0,,
2026-09-30T10:11:00,2026-09-30T10:10:00,7005.0,2026-10-16,7062.25,1,0,72010.0,0.0,1.0,0.0,,
2026-09-30T10:11:00,2026-09-30T10:10:00,7010.0,2026-10-16,7067.25,0,0,0.0,0.0,,0.0,,
2026-09-30T10:11:00,2026-09-30T10:10:00,7015.0,2026-10-16,7072.25,0,9,0.0,3375.0,0.0,0.025787965616045846,,
2026-09-30T10:11:00,2026-09-30T10:10:00,7020.0,2026-10-16,7077.25,0,1,0.0,380.0,,0.0006788866259334691,,
2026-09-30T10:11:00,2026-09-30T10:10:00,7025.0,2026-10-12,7082.25,0,4,0.0,680.0,,0.07142857142857142,,
2026-09-30T10:11:00,2026-09-30T10:10:00,7025.0,2026-10-13,7082.25,0,0,0.0,0.0,,0.0,,
2026-09-30T10:11:00,2026-09-30T10:10:00,7025.0,2026-10-14,7082.25,0,0,0.0,0.0,,0.0,,
2026-09-30T10:11:00,2026-09-30T10:10:00,7025.0,2026-10-15,7082.25,0,220,0.0,74800.0,,0.47413793103448276,,
2026-09-30T10:11:00,2026-09-30T10:10:00,7025.0,2026-10-16,7082.25,0,80,0.0,30400.0,0.0,0.091324200913242,,
2026-09-30T10:11:00,2026-09-30T10:10:00,7025.0,2026-10-19,7082.25,0,0,0.0,0.0,,0.0,,
2026-09-30T10:11:00,2026-09-30T10:10:00,7025.0,2026-10-20,7082.25,0,0,0.0,0.0,,0.0,,
2026-09-30T10:11:00,2026-09-30T10:10:00,7030.0,2026-10-16,7087.25,0,0,0.0,0.0,0.0,0.0,,
2026-09-30T10:11:00,2026-09-30T10:10:00,7035.0,2026-10-16,7092.25,0,8,0.0,3120.0,,0.05263157894736842,,
2026-09-30T10:11:00,2026-09-30T10:10:00,7040.0,2026-10-16,7097.25,0,0,0.0,0.0,,0.0,,
2026-09-30T10:11:00,2026-09-30T10:10:00,7045.0,2026-10-16,7102.25,0,0,0.0,0.0,0.0,0.0,,
2026-09-30T10:11:00,2026-09-30T10:10:00,7050.0,2026-10-12,7107.25,0,26,0.0,4680.0,0.0,0.15476190476190477,,
2026-09-30T10:11:00,2026-09-30T10:10:00,7050.0,2026-10-13,7107.25,0,1,0.0,227.50000000000003,0.0,0.010526315789473684,,
2026-09-30T10:11:00,2026-09-30T10:10:00,7050.0,2026-10-14,7107.25,0,145,0.0,43500.0,,0.23015873015873015,,
2026-09-30T10:11:00,2026-09-30T10:10:00,7050.0,2026-10-15,7107.25,0,1702,0.0,629740.0,,4.849002849002849,,
2026-09-30T10:11:00,2026-09-30T10:10:00,7050.0,2026-10-16,7107.25,1,543,67555.0,222629.99999999997,0.16666666666666666,0.062284927735719205,,
2026-09-30T10:11:00,2026-09-30T10:10:00,7050.0,2026-10-19,7107.25,0,0,0.0,0.0,,0.0,,
2026-09-30T10:11:00,2026-09-30T10:10:00,7050.0,2026-10-20,7107.25,0,0,0.0,0.0,,0.0,,
2026-09-30T10:11:00,2026-09-30T10:10:00,7055.0,2026-10-16,7112.25,0,1,0.0,409.99999999999994,0.0,0.0136986301369863,,
2026-09-30T10:11:00,2026-09-30T10:10:00,7060.0,2026-10-16,7117.25,0,65,0.0,27299.999999999993,,0.0683491062039958,,
2026-09-30T10:11:00,2026-09-30T10:10:00,7065.0,2026-10-16,7122.25,0,1,0.0,445.0,,0.018518518518518517,,
2026-09-30T10:11:00,2026-09-30T10:10:00,7070.0,2026-10-16,7127.25,0,60,0.0,25800.000000000007,0.0,0.05628517823639775,,
2026-09-30T10:11:00,2026-09-30T10:10:00,7075.0,2026-10-12,7132.25,0,6,0.0,1139.9999999999998,,0.07317073170731707,,
2026-09-30T10:11:00,2026-09-30T10:10:00,7075.0,2026-10-13,7132.25,0,0,0.0,0.0,,0.0,,
2026-09-30T10:11:00,2026-09-30T10:10:00,7075.0,2026-10-14,7132.25,0,47,0.0,15040.0,,0.6266666666666667,,
2026-09-30T10:11:00,2026-09-30T10:10:00,7075.0,2026-10-15,7132.25,0,220,0.0,85800.0,,0.3963963963963964,,
2026-09-30T10:11:00,2026-09-30T10:10:00,7075.0,2026-10-16,7132.25,0,70,0.0,30450.0,0.0,0.05922165820642978,,
2026-09-30T10:11:00,2026-09-30T10:10:00,7075.0,2026-10-19,7132.25,0,2,0.0,1080.0,,0.004914004914004914,,
2026-09-30T10:11:00,2026-09-30T10:10:00,7075.0,2026-10-20,7132.25,0,0,0.0,0.0,,0.0,,
2026-09-30T10:11:00,2026-09-30T10:10:00,7080.0,2026-10-16,7137.25,0,1,0.0,440.00000000000006,0.0,0.0035842293906810036,,
2026-09-30T10:11:00,2026-09-30T10:10:00,7085.0,2026-10-16,7142.25,0,0,0.0,0.0,,0.0,,
2026-09-30T10:11:00,2026-09-30T10:10:00,7090.0,2026-10-16,7147.25,0,2,0.0,950.0,,0.016666666666666666,,
2026-09-30T10:11:00,2026-09-30T10:10:00,7095.0,2026-10-16,7152.25,0,1,0.0,480.00000000000006,,0.015384615384615385,,
2026-09-30T10:11:00,2026-09-30T10:10:00,7100.0,2026-10-12,7157.25,0,41,0.0,8405.0,,0.031857031857031856,,
2026-09-30T10:11:00,2026-09-30T10:10:00,7100.0,2026-10-13,7157.25,0,3,0.0,787.5,0.0,0.046875,,
2026-09-30T10:11:00,2026-09-30T10:10:00,7100.0,2026-10-14,7157.25,0,238,0.0,80920.0,,0.3238095238095238,,
2026-09-30T10:11:00,2026-09-30T10:10:00,7100.0,2026-10-15,7157.25,0,10,0.0,4199.999999999999,0.0,0.03164556962025317,,
2026-09-30T10:11:00,2026-09-30T10:10:00,7100.0,2026-10-16,7157.25,0,63,0.0,30870.000000000004,0.0,0.019681349578256794,,
2026-09-30T10:11:00,2026-09-30T10:10:00,7100.0,2026-10-19,7157.25,0,32,0.0,18560.000000000004,,0.0893854748603352,,
2026-09-30T10:11:00,2026-09-30T10:10:00,7100.0,2026-10-20,7157.25,0,0,0.0,0.0,,0.0,,
2026-09-30T10:11:00,2026-09-30T10:10:00,7105.0,2026-10-16,7162.25,0,0,0.0,0.0,0.0,0.0,,
2026-09-30T10:11:00,2026-09-30T10:10:00,7110.0,2026-10-16,7167.25,0,10,0.0,4750.0,0.0,0.0004535353077237063,,
2026-09-30T10:11:00,2026-09-30T10:10:00,7115.0,2026-10-16,7172.25,0,0,0.0,0.0,,0.0,,
2026-09-30T10:11:00,2026-09-30T10:10:00,7120.0,2026-10-16,7177.25,0,7,0.0,3639.999999999999,0.0,0.11475409836065574,,
2026-09-30T10:11:00,2026-09-30T10:10:00,7125.0,2026-10-12,7182.25,0,0,0.0,0.0,,0.0,,
2026-09-30T10:11:00,2026-09-30T10:10:00,7125.0,2026-10-13,7182.25,0,4,0.0,1120.0,,0.02857142857142857,,
2026-09-30T10:11:00,2026-09-30T10:10:00,7125.0,2026-10-14,7182.25,0,46,0.0,17020.0,,0.6216216216216216,,
2026-09-30T10:11:00,2026-09-30T10:10:00,7125.0,2026-10-15,7182.25,0,2,0.0,900.0,,0.03225806451612903,,
2026-09-30T10:11:00,2026-09-30T10:10:00,7125.0,2026-10-16,7182.25,0,0,0.0,0.0,0.0,0.0,,
2026-09-30T10:11:00,2026-09-30T10:10:00,7125.0,2026-10-19,7182.25,0,10,0.0,6199.999999999999,,0.02506265664160401,,
2026-09-30T10:11:00,2026-09-30T10:10:00,7125.0,2026-10-20,7182.25,0,0,0.0,0.0,,0.0,,
2026-09-30T10:11:00,2026-09-30T10:10:00,7130.0,2026-10-16,7187.25,0,66,0.0,34980.00000000001,0.0,0.5689655172413793,,
2026-09-30T10:11:00,2026-09-30T10:10:00,7135.0,2026-10-16,7192.25,0,2,0.0,1080.0,,0.020202020202020204,,
2026-09-30T10:11:00,2026-09-30T10:10:00,7140.0,2026-10-16,7197.25,0,2,0.0,1100.0,,0.007462686567164179,,
2026-09-30T10:11:00,2026-09-30T10:10:00,7145.0,2026-10-16,7202.25,0,0,0.0,0.0,,0.0,,
2026-09-30T10:11:00,2026-09-30T10:10:00,7150.0,2026-10-12,7207.25,0,4,0.0,939.9999999999999,,0.016877637130801686,,
2026-09-30T10:11:00,2026-09-30T10:10:00,7150.0,2026-10-13,7207.25,0,0,0.0,0.0,0.0,0.0,,
2026-09-30T10:11:00,2026-09-30T10:10:00,7150.0,2026-10-14,7207.25,0,79,0.0,31600.0,,0.5851851851851851,,
2026-09-30T10:11:00,2026-09-30T10:10:00,7150.0,2026-10-15,7207.25,0,1,0.0,480.00000000000006,0.0,0.008849557522123894,,
2026-09-30T10:11:00,2026-09-30T10:10:00,7150.0,2026-10-16,7207.25,0,6,0.0,3359.9999999999995,0.0,0.005964214711729622,,
2026-09-30T10:11:00,2026-09-30T10:10:00,7150.0,2026-10-19,7207.25,0,1,0.0,669.9999999999999,,0.00980392156862745,,
2026-09-30T10:11:00,2026-09-30T10:10:00,7150.0,2026-10-20,7207.25,0,59,0.0,44250.0,0.0,1.1346153846153846,,
2026-09-30T10:11:00,2026-09-30T10:10:00,7155.0,2026-10-16,7212.25,0,0,0.0,0.0,0.0,0.0,,
2026-09-30T10:11:00,2026-09-30T10:10:00,7160.0,2026-10-16,7217.25,0,0,0.0,0.0,0.0,0.0,,
2026-09-30T10:11:00,2026-09-30T10:10:00,7165.0,2026-10-16,7222.25,0,0,0.0,0.0,,0.0,,
2026-09-30T10:11:00,2026-09-30T10:10:00,7170.0,2026-10-16,7227.25,0,2,0.0,1200.0,,0.011904761904761904,,
2026-09-30T10:11:00,2026-09-30T10:10:00,7175.0,2026-10-12,7232.25,0,7,0.0,1784.9999999999998,0.0,0.045454545454545456,,
2026-09-30T10:11:00,2026-09-30T10:10:00,7175.0,2026-10-13,7232.25,0,0,0.0,0.0,,0.0,,
2026-09-30T10:11:00,2026-09-30T10:10:00,7175.0,2026-10-14,7232.25,0,16,0.0,6880.000000000001,,0.13114754098360656,,
2026-09-30T10:11:00,2026-09-30T10:10:00,7175.0,2026-10-15,7232.25,0,1,0.0,519.9999999999999,,0.007462686567164179,,
2026-09-30T10:11:00,2026-09-30T10:10:00,7175.0,2026-10-16,7232.25,0,0,0.0,0.0,0.0,0.0,,
2026-09-30T10:11:00,2026-09-30T10:10:00,7175.0,2026-10-19,7232.25,0,0,0.0,0.0,,0.0,,
2026-09-30T10:11:00,2026-09-30T10:10:00,7175.0,2026-10-20,7232.25,0,14,0.0,11340.0,,0.5185185185185185,,
2026-09-30T10:11:00,2026-09-30T10:10:00,7180.0,2026-10-16,7237.25,0,0,0.0,0.0,,0.0,,
2026-09-30T10:11:00,2026-09-30T10:10:00,7185.0,2026-10-16,7242.25,0,21,0.0,13230.000000000002,0.0,0.30434782608695654,,
2026-09-30T10:11:00,2026-09-30T10:10:00,7190.0,2026-10-16,7247.25,0,56,0.0,35840.0,0.0,0.30601092896174864,,
2026-09-30T10:11:00,2026-09-30T10:10:00,7195.0,2026-10-16,7252.25,0,0,0.0,0.0,0.0,0.0,,
2026-09-30T10:11:00,2026-09-30T10:10:00,7200.0,2026-10-12,7257.25,0,21,0.0,5827.500000000001,0.0,0.043933054393305436,,
2026-09-30T10:11:00,2026-09-30T10:10:00,7200.0,2026-10-13,7257.25,0,1009,0.0,363240.0,,0.45084897229669346,,
2026-09-30T10:11:00,2026-09-30T10:10:00,7200.0,2026-10-14,7257.25,0,30,0.0,14099.999999999996,,0.11494252873563218,,
2026-09-30T10:11:00,2026-09-30T10:10:00,7200.0,2026-10-15,7257.25,0,5,0.0,2800.0,0.0,0.012626262626262626,,
2026-09-30T10:11:00,2026-09-30T10:10:00,7200.0,2026-10-16,7257.25,0,1326,0.0,828750.0,0.0,0.06047338897249966,,
2026-09-30T10:11:00,2026-09-30T10:10:00,7200.0,2026-10-19,7257.25,0,0,0.0,0.0,0.0,0.0,,
2026-09-30T10:11:00,2026-09-30T10:10:00,7200.0,2026-10-20,7257.25,0,35,0.0,30625.0,,0.5555555555555556,,
2026-09-30T10:11:00,2026-09-30T10:10:00,7205.0,2026-10-16,7262.25,0,10,0.0,6700.0,0.0,0.0970873786407767,,
2026-09-30T10:11:00,2026-09-30T10:10:00,7210.0,2026-10-16,7267.25,0,0,0.0,0.0,0.0,0.0,,
2026-09-30T10:11:00,2026-09-30T10:10:00,7215.0,2026-10-16,7272.25,0,0,0.0,0.0,0.0,0.0,,
2026-09-30T10:11:00,2026-09-30T10:10:00,7220.0,2026-10-12,7277.25,0,0,0.0,0.0,,,,
2026-09-30T10:11:00,2026-09-30T10:10:00,7220.0,2026-10-13,7277.25,0,0,0.0,0.0,,,,
2026-09-30T10:11:00,2026-09-30T10:10:00,7220.0,2026-10-16,7277.25,0,0,0.0,0.0,0.0,0.0,,
2026-09-30T10:11:00,2026-09-30T10:10:00,7225.0,2026-10-12,7282.25,0,4,0.0,1210.0000000000002,0.0,0.07272727272727272,,
2026-09-30T10:11:00,2026-09-30T10:10:00,7225.0,2026-10-13,7282.25,0,5,0.0,1950.0,,0.02617801047120419,,
2026-09-30T10:11:00,2026-09-30T10:10:00,7225.0,2026-10-14,7282.25,0,18,0.0,9180.0,0.0,0.23376623376623376,,
2026-09-30T10:11:00,2026-09-30T10:10:00,7225.0,2026-10-15,7282.25,0,21,0.0,13019.999999999998,,0.16279069767441862,,
2026-09-30T10:11:00,2026-09-30T10:10:00,7225.0,2026-10-16,7282.25,0,29,0.0,20880.0,0.0,0.043674698795180725,,
2026-09-30T10:11:00,2026-09-30T10:10:00,7225.0,2026-10-19,7282.25,0,0,0.0,0.0,0.0,0.0,,
2026-09-30T10:11:00,2026-09-30T10:10:00,7225.0,2026-10-20,7282.25,0,0,0.0,0.0,,0.0,,
2026-09-30T10:11:00,2026-09-30T10:10:00,7230.0,2026-10-12,7287.25,0,0,0.0,0.0,,,,
2026-09-30T10:11:00,2026-09-30T10:10:00,7230.0,2026-10-13,7287.25,0,0,0.0,0.0,,,,
2026-09-30T10:11:00,2026-09-30T10:10:00,7230.0,2026-10-16,7287.25,0,32,0.0,23360.000000000004,0.0,0.05351170568561873,,
2026-09-30T10:11:00,2026-09-30T10:10:00,7235.0,2026-10-16,7292.25,0,0,0.0,0.0,0.0,0.0,,
2026-09-30T10:11:00,2026-09-30T10:10:00,7240.0,2026-10-12,7297.25,0,0,0.0,0.0,,,,
2026-09-30T10:11:00,2026-09-30T10:10:00,7240.0,2026-10-13,7297.25,0,0,0.0,0.0,,,,
2026-09-30T10:11:00,2026-09-30T10:10:00,7240.0,2026-10-16,7297.25,0,75,0.0,53625.0,0.0,0.14591439688715954,,
2026-09-30T10:11:00,2026-09-30T10:10:00,7245.0,2026-10-16,7302.25,0,0,0.0,0.0,0.0,0.0,,
2026-09-30T10:11:00,2026-09-30T10:10:00,7250.0,2026-10-12,7307.25,0,5,0.0,1675.0,0.0,0.012345679012345678,,
2026-09-30T10:11:00,2026-09-30T10:10:00,7250.0,2026-10-13,7307.25,0,11,0.0,4730.000000000001,0.0,0.03914590747330961,,
2026-09-30T10:11:00,2026-09-30T10:10:00,7250.0,2026-10-14,7307.25,0,368,0.0,206079.99999999997,0.0,0.8440366972477065,,
2026-09-30T10:11:00,2026-09-30T10:10:00,7250.0,2026-10-15,7307.25,0,46,0.0,30820.0,0.0,0.7301587301587301,,
2026-09-30T10:11:00,2026-09-30T10:10:00,7250.0,2026-10-16,7307.25,0,23,0.0,18170.0,0.0,0.008715422508525956,,
2026-09-30T10:11:00,2026-09-30T10:10:00,7250.0,2026-10-19,7307.25,0,1,0.0,925.0,0.0,0.004830917874396135,,
2026-09-30T10:11:00,2026-09-30T10:10:00,7250.0,2026-10-20,7307.25,0,0,0.0,0.0,,0.0,,
2026-09-30T10:11:00,2026-09-30T10:10:00,7255.0,2026-10-16,7312.25,0,0,0.0,0.0,0.0,0.0,,
2026-09-30T10:11:00,2026-09-30T10:10:00,7260.0,2026-10-12,7317.25,0,0,0.0,0.0,,0.0,,
2026-09-30T10:11:00,2026-09-30T10:10:00,7260.0,2026-10-13,7317.25,0,0,0.0,0.0,,,,
2026-09-30T10:11:00,2026-09-30T10:10:00,7260.0,2026-10-14,7317.25,0,0,0.0,0.0,,0.0,,
2026-09-30T10:11:00,2026-09-30T10:10:00,7260.0,2026-10-16,7317.25,0,1,0.0,819.9999999999999,0.0,0.0033222591362126247,,
2026-09-30T10:11:00,2026-09-30T10:10:00,7265.0,2026-10-16,7322.25,0,0,0.0,0.0,0.0,0.0,,
2026-09-30T10:11:00,2026-09-30T10:10:00,7270.0,2026-10-12,7327.25,0,0,0.0,0.0,,0.0,,
2026-09-30T10:11:00,2026-09-30T10:10:00,7270.0,2026-10-13,7327.25,0,0,0.0,0.0,,0.0,,
2026-09-30T10:11:00,2026-09-30T10:10:00,7270.0,2026-10-14,7327.25,0,120,0.0,73200.0,,9.23076923076923,,
2026-09-30T10:11:00,2026-09-30T10:10:00,7270.0,2026-10-16,7327.25,1,3,46050.0,2550.0,0.005319148936170213,0.006342494714587738,,
2026-09-30T10:11:00,2026-09-30T10:10:00,7275.0,2026-10-12,7332.25,0,5,0.0,1850.0,0.0,0.015337423312883436,,
2026-09-30T10:11:00,2026-09-30T10:10:00,7275.0,2026-10-13,7332.25,0,11,0.0,5225.0,0.0,0.06790123456790123,,
2026-09-30T10:11:00,2026-09-30T10:10:00,7275.0,2026-10-14,7332.25,0,11,0.0,6819.999999999999,0.0,0.015736766809728183,,
2026-09-30T10:11:00,2026-09-30T10:10:00,7275.0,2026-10-15,7332.25,0,18,0.0,13320.000000000002,0.0,0.1978021978021978,,
2026-09-30T10:11:00,2026-09-30T10:10:00,7275.0,2026-10-16,7332.25,0,10,0.0,8649.999999999998,0.0,0.00816326530612245,,
2026-09-30T10:11:00,2026-09-30T10:10:00,7275.0,2026-10-19,7332.25,0,16,0.0,16240.0,,0.07048458149779736,,
2026-09-30T10:11:00,2026-09-30T10:10:00,7275.0,2026-10-20,7332.25,0,1,0.0,1135.0,0.0,0.02040816326530612,,
2026-09-30T10:11:00,2026-09-30T10:10:00,7280.0,2026-10-12,7337.25,0,1,0.0,380.0,,0.041666666666666664,,
2026-09-30T10:11:00,2026-09-30T10:10:00,7280.0,2026-10-13,7337.25,0,0,0.0,0.0,,0.0,,
2026-09-30T10:11:00,2026-09-30T10:10:00,7280.0,2026-10-14,7337.25,0,0,0.0,0.0,0.0,0.0,,
2026-09-30T10:11:00,2026-09-30T10:10:00,7280.0,2026-10-16,7337.25,0,18,0.0,15029.999999999998,0.0,0.02181818181818182,,
2026-09-30T10:11:00,2026-09-30T10:10:00,7285.0,2026-10-16,7342.25,0,51,0.0,45900.0,0.0,0.11159737417943107,,
2026-09-30T10:11:00,2026-09-30T10:10:00,7290.0,2026-10-12,7347.25,0,0,0.0,0.0,,0.0,,
2026-09-30T10:11:00,2026-09-30T10:10:00,7290.0,2026-10-13,7347.25,0,0,0.0,0.0,,0.0,,
2026-09-30T10:11:00,2026-09-30T10:10:00,7290.0,2026-10-14,7347.25,0,0,0.0,0.0,,0.0,,
2026-09-30T10:11:00,2026-09-30T10:10:00,7290.0,2026-10-15,7347.25,0,0,0.0,0.0,,,,
2026-09-30T10:11:00,2026-09-30T10:10:00,7290.0,2026-10-16,7347.25,0,42,0.0,38640.0,0.0,0.10396039603960396,,
2026-09-30T10:11:00,2026-09-30T10:10:00,7290.0,2026-10-19,7347.25,0,0,0.0,0.0,,,,
2026-09-30T10:11:00,2026-09-30T10:10:00,7290.0,2026-10-20,7347.25,0,0,0.0,0.0,,,,
2026-09-30T10:11:00,2026-09-30T10:10:00,7295.0,2026-10-16,7352.25,0,33,0.0,30855.000000000007,,0.12,,
2026-09-30T10:11:00,2026-09-30T10:10:00,7300.0,2026-10-12,7357.25,0,15,0.0,6299.999999999998,0.0,0.030364372469635626,,
2026-09-30T10:11:00,2026-09-30T10:10:00,7300.0,2026-10-13,7357.25,0,0,0.0,0.0,0.0,0.0,,
2026-09-30T10:11:00,2026-09-30T10:10:00,7300.0,2026-10-14,7357.25,0,51,0.0,35190.0,0.0,0.2833333333333333,,
2026-09-30T10:11:00,2026-09-30T10:10:00,7300.0,2026-10-15,7357.25,0,6,0.0,4920.0,0.0,0.017804154302670624,,
2026-09-30T10:11:00,2026-09-30T10:10:00,7300.0,2026-10-16,7357.25,0,65,0.0,62075.0,0.0,0.03722794959908362,,
2026-09-30T10:11:00,2026-09-30T10:10:00,7300.0,2026-10-19,7357.25,0,17,0.0,18955.0,,0.06513409961685823,,
2026-09-30T10:11:00,2026-09-30T10:10:00,7300.0,2026-10-20,7357.25,0,1,0.0,1245.0,,0.006134969325153374,,
2026-09-30T10:11:00,2026-09-30T10:10:00,7305.0,2026-10-16,7362.25,0,2,0.0,1950.0,0.0,0.0196078431372549,,
2026-09-30T10:11:00,2026-09-30T10:10:00,7310.0,2026-10-12,7367.25,0,0,0.0,0.0,,0.0,,
2026-09-30T10:11:00,2026-09-30T10:10:00,7310.0,2026-10-13,7367.25,0,0,0.0,0.0,,0.0,,
2026-09-30T10:11:00,2026-09-30T10:10:00,7310.0,2026-10-14,7367.25,0,0,0.0,0.0,,0.0,,
2026-09-30T10:11:00,2026-09-30T10:10:00,7310.0,2026-10-15,7367.25,0,4,0.0,3420.0000000000005,,0.4,,
2026-09-30T10:11:00,2026-09-30T10:10:00,7310.0,2026-10-16,7367.25,0,2,0.0,1989.9999999999998,0.0,0.007751937984496124,,
2026-09-30T10:11:00,2026-09-30T10:10:00,7310.0,2026-10-19,7367.25,0,0,0.0,0.0,,0.0,,
2026-09-30T10:11:00,2026-09-30T10:10:00,7310.0,2026-10-20,7367.25,0,2,0.0,2590.0,,,,
2026-09-30T10:11:00,2026-09-30T10:10:00,7315.0,2026-10-16,7372.25,0,0,0.0,0.0,0.0,0.0,,
2026-09-30T10:11:00,2026-09-30T10:10:00,7320.0,2026-10-12,7377.25,0,2,0.0,919.9999999999999,0.0,0.09523809523809523,,
2026-09-30T10:11:00,2026-09-30T10:10:00,7320.0,2026-10-13,7377.25,0,0,0.0,0.0,,0.0,,
2026-09-30T10:11:00,2026-09-30T10:10:00,7320.0,2026-10-14,7377.25,0,0,0.0,0.0,,0.0,,
2026-09-30T10:11:00,2026-09-30T10:10:00,7320.0,2026-10-15,7377.25,0,14,0.0,12529.999999999998,,,,
2026-09-30T10:11:00,2026-09-30T10:10:00,7320.0,2026-10-16,7377.25,0,3,0.0,3120.0000000000005,0.0,0.010273972602739725,,
2026-09-30T10:11:00,2026-09-30T10:10:00,7320.0,2026-10-19,7377.25,0,0,0.0,0.0,,,,
2026-09-30T10:11:00,2026-09-30T10:10:00,7320.0,2026-10-20,7377.25,0,0,0.0,0.0,,,,
2026-09-30T10:11:00,2026-09-30T10:10:00,7325.0,2026-10-12,7382.25,0,18,0.0,8460.0,0.0,0.06792452830188679,,
2026-09-30T10:11:00,2026-09-30T10:10:00,7325.0,2026-10-13,7382.25,0,8,0.0,4759.999999999999,,0.07692307692307693,,
2026-09-30T10:11:00,2026-09-30T10:10:00,7325.0,2026-10-14,7382.25,0,28,0.0,21559.999999999996,,0.1320754716981132,,
2026-09-30T10:11:00,2026-09-30T10:10:00,7325.0,2026-10-15,7382.25,0,38,0.0,34770.0,,0.11411411411411411,,
2026-09-30T10:11:00,2026-09-30T10:10:00,7325.0,2026-10-16,7382.25,0,0,0.0,0.0,0.0,0.0,,
2026-09-30T10:11:00,2026-09-30T10:10:00,7325.0,2026-10-19,7382.25,0,121,0.0,149435.0,,0.3457142857142857,,
2026-09-30T10:11:00,2026-09-30T10:10:00,7325.0,2026-10-20,7382.25,0,1,0.0,1365.0,,0.006134969325153374,,
2026-09-30T10:11:00,2026-09-30T10:10:00,7330.0,2026-10-12,7387.25,0,0,0.0,0.0,,0.0,,
2026-09-30T10:11:00,2026-09-30T10:10:00,7330.0,2026-10-13,7387.25,0,2,0.0,1220.0,,0.03225806451612903,,
2026-09-30T10:11:00,2026-09-30T10:10:00,7330.0,2026-10-14,7387.25,0,0,0.0,0.0,,0.0,,
2026-09-30T10:11:00,2026-09-30T10:10:00,7330.0,2026-10-15,7387.25,0,2,0.0,1870.0,,0.4,,
2026-09-30T10:11:00,2026-09-30T10:10:00,7330.0,2026-10-16,7387.25,0,71,0.0,72775.0,0.0,0.10872894333843798,,
2026-09-30T10:11:00,2026-09-30T10:10:00,7330.0,2026-10-19,7387.25,0,0,0.0,0.0,,,,
2026-09-30T10:11:00,2026-09-30T10:10:00,7330.0,2026-10-20,7387.25,0,2,0.0,2790.0,,,,
2026-09-30T10:11:00,2026-09-30T10:10:00,7335.0,2026-10-16,7392.25,0,0,0.0,0.0,0.0,0.0,,
2026-09-30T10:11:00,2026-09-30T10:10:00,7340.0,2026-10-12,7397.25,0,1,0.0,509.99999999999994,,0.025,,
2026-09-30T10:11:00,2026-09-30T10:10:00,7340.0,2026-10-13,7397.25,0,0,0.0,0.0,,0.0,,
2026-09-30T10:11:00,2026-09-30T10:10:00,7340.0,2026-10-14,7397.25,0,2,0.0,1650.0,,0.029411764705882353,,
2026-09-30T10:11:00,2026-09-30T10:10:00,7340.0,2026-10-15,7397.25,0,1,0.0,975.0,,0.02040816326530612,,
2026-09-30T10:11:00,2026-09-30T10:10:00,7340.0,2026-10-16,7397.25,0,145,0.0,154425.0,0.0,0.04692556634304207,,
2026-09-30T10:11:00,2026-09-30T10:10:00,7340.0,2026-10-19,7397.25,0,3,0.0,3945.0000000000005,,0.08823529411764706,,
2026-09-30T10:11:00,2026-09-30T10:10:00,7340.0,2026-10-20,7397.25,0,2,0.0,2910.0,,,,
2026-09-30T10:11:00,2026-09-30T10:10:00,7345.0,2026-10-16,7402.25,0,1,0.0,1095.0,0.0,0.0012853470437017994,,
2026-09-30T10:11:00,2026-09-30T10:10:00,7350.0,2026-10-12,7407.25,0,4,0.0,2140.0,,0.011904761904761904,,
2026-09-30T10:11:00,2026-09-30T10:10:00,7350.0,2026-10-13,7407.25,0,5,0.0,3350.0,0.0,0.013550135501355014,,
2026-09-30T10:11:00,2026-09-30T10:10:00,7350.0,2026-10-14,7407.25,0,128,0.0,110720.0,,0.45714285714285713,,
2026-09-30T10:11:00,2026-09-30T10:10:00,7350.0,2026-10-15,7407.25,0,6,0.0,6150.0,0.0,0.02120141342756184,,
2026-09-30T10:11:00,2026-09-30T10:10:00,7350.0,2026-10-16,7407.25,1,83,38360.0,97940.00000000001,0.007936507936507936,0.02508310667875491,,
2026-09-30T10:11:00,2026-09-30T10:10:00,7350.0,2026-10-19,7407.25,0,72,0.0,98280.0,,0.3076923076923077,,
2026-09-30T10:11:00,2026-09-30T10:10:00,7350.0,2026-10-20,7407.25,0,7,0.0,10605.0,0.0,0.031818181818181815,,
2026-09-30T10:11:00,2026-09-30T10:10:00,7355.0,2026-10-16,7412.25,0,23,0.0,27715.000000000004,0.0,0.2911392405063291,,
2026-09-30T10:11:00,2026-09-30T10:10:00,7360.0,2026-10-12,7417.25,0,23,0.0,12879.999999999998,,0.2839506172839506,,
2026-09-30T10:11:00,2026-09-30T10:10:00,7360.0,2026-10-13,7417.25,0,0,0.0,0.0,,0.0,,
2026-09-30T10:11:00,2026-09-30T10:10:00,7360.0,2026-10-14,7417.25,0,1,0.0,905.0000000000001,,0.07692307692307693,,
2026-09-30T10:11:00,2026-09-30T10:10:00,7360.0,2026-10-15,7417.25,0,0,0.0,0.0,,0.0,,
2026-09-30T10:11:00,2026-09-30T10:10:00,7360.0,2026-10-16,7417.25,0,2,0.0,2470.0000000000005,0.0,0.012121212121212121,,
2026-09-30T10:11:00,2026-09-30T10:10:00,7360.0,2026-10-19,7417.25,0,0,0.0,0.0,,,,
2026-09-30T10:11:00,2026-09-30T10:10:00,7360.0,2026-10-20,7417.25,0,0,0.0,0.0,,,,
2026-09-30T10:11:00,2026-09-30T10:10:00,7365.0,2026-10-12,7422.25,0,0,0.0,0.0,,,,
2026-09-30T10:11:00,2026-09-30T10:10:00,7365.0,2026-10-13,7422.25,0,0,0.0,0.0,,,,
2026-09-30T10:11:00,2026-09-30T10:10:00,7365.0,2026-10-16,7422.25,0,20,0.0,25200.0,0.0,0.14388489208633093,,
2026-09-30T10:11:00,2026-09-30T10:10:00,7370.0,2026-10-12,7427.25,0,16,0.0,9600.0,0.0,0.06299212598425197,,
2026-09-30T10:11:00,2026-09-30T10:10:00,7370.0,2026-10-13,7427.25,0,1,0.0,750.0,,0.06666666666666667,,
2026-09-30T10:11:00,2026-09-30T10:10:00,7370.0,2026-10-14,7427.25,0,3,0.0,2865.0,,0.08571428571428572,,
2026-09-30T10:11:00,2026-09-30T10:10:00,7370.0,2026-10-15,7427.25,0,0,0.0,0.0,,0.0,,
2026-09-30T10:11:00,2026-09-30T10:10:00,7370.0,2026-10-16,7427.25,0,2,0.0,2580.0,0.0,0.00749063670411985,,
2026-09-30T10:11:00,2026-09-30T10:10:00,7370.0,2026-10-19,7427.25,0,0,0.0,0.0,,0.0,,
2026-09-30T10:11:00,2026-09-30T10:10:00,7370.0,2026-10-20,7427.25,0,0,0.0,0.0,,,,
2026-09-30T10:11:00,2026-09-30T10:10:00,7375.0,2026-10-12,7432.25,0,12,0.0,7319.999999999999,0.0,0.041237113402061855,,
2026-09-30T10:11:00,2026-09-30T10:10:00,7375.0,2026-10-13,7432.25,0,5,0.0,3850.0,0.0,0.02717391304347826,,
2026-09-30T10:11:00,2026-09-30T10:10:00,7375.0,2026-10-14,7432.25,0,45,0.0,43875.0,,0.24456521739130435,,
2026-09-30T10:11:00,2026-09-30T10:10:00,7375.0,2026-10-15,7432.25,0,2,0.0,2300.0,0.0,0.014925373134328358,,
2026-09-30T10:11:00,2026-09-30T10:10:00,7375.0,2026-10-16,7432.25,1,8,36085.0,10560.0,0.004901960784313725,0.010178117048346057,,
2026-09-30T10:11:00,2026-09-30T10:10:00,7375.0,2026-10-19,7432.25,0,1,0.0,1525.0,,0.004608294930875576,,
2026-09-30T10:11:00,2026-09-30T10:10:00,7375.0,2026-10-20,7432.25,0,2,0.0,3350.0,,0.02,,
2026-09-30T10:11:00,2026-09-30T10:10:00,7380.0,2026-10-12,7437.25,0,5,0.0,3150.0000000000005,,0.10416666666666667,,
2026-09-30T10:11:00,2026-09-30T10:10:00,7380.0,2026-10-13,7437.25,0,4,0.0,3160.0,,0.017467248908296942,,
2026-09-30T10:11:00,2026-09-30T10:10:00,7380.0,2026-10-14,7437.25,0,45,0.0,45225.00000000001,,2.6470588235294117,,
2026-09-30T10:11:00,2026-09-30T10:10:00,7380.0,2026-10-15,7437.25,0,0,0.0,0.0,,0.0,,
2026-09-30T10:11:00,2026-09-30T10:10:00,7380.0,2026-10-16,7437.25,0,43,0.0,58050.0,0.0,0.054707379134860054,,
2026-09-30T10:11:00,2026-09-30T10:10:00,7380.0,2026-10-19,7437.25,0,1,0.0,1555.0,,0.08333333333333333,,
2026-09-30T10:11:00,2026-09-30T10:10:00,7380.0,2026-10-20,7437.25,1,2,36129.99999999999,3420.0000000000005,,0.4,,
2026-09-30T10:11:00,2026-09-30T10:10:00,7385.0,2026-10-12,7442.25,0,0,0.0,0.0,,,,
2026-09-30T10:11:00,2026-09-30T10:10:00,7385.0,2026-10-13,7442.25,0,0,0.0,0.0,,,,
2026-09-30T10:11:00,2026-09-30T10:10:00,7385.0,2026-10-16,7442.25,0,59,0.0,81420.0,0.0,0.5267857142857143,,
2026-09-30T10:11:00,2026-09-30T10:10:00,7390.0,2026-10-12,7447.25,0,5,0.0,3350.0,,0.04132231404958678,,
2026-09-30T10:11:00,2026-09-30T10:10:00,7390.0,2026-10-13,7447.25,0,0,0.0,0.0,,0.0,,
2026-09-30T10:11:00,2026-09-30T10:10:00,7390.0,2026-10-14,7447.25,0,2,0.0,2110.0,,0.0625,,
2026-09-30T10:11:00,2026-09-30T10:10:00,7390.0,2026-10-15,7447.25,0,1,0.0,1235.0,,0.024390243902439025,,
2026-09-30T10:11:00,2026-09-30T10:10:00,7390.0,2026-10-16,7447.25,0,2,0.0,2829.9999999999995,0.0,0.007380073800738007,,
2026-09-30T10:11:00,2026-09-30T10:10:00,7390.0,2026-10-19,7447.25,0,10,0.0,16250.0,,0.8333333333333334,,
2026-09-30T10:11:00,2026-09-30T10:10:00,7390.0,2026-10-20,7447.25,0,12,0.0,21360.000000000004,,0.5,,
2026-09-30T10:11:00,2026-09-30T10:10:00,7395.0,2026-10-12,7452.25,0,10,0.0,6900.0,,2.5,,
2026-09-30T10:11:00,2026-09-30T10:10:00,7395.0,2026-10-13,7452.25,0,0,0.0,0.0,,,,
2026-09-30T10:11:00,2026-09-30T10:10:00,7395.0,2026-10-16,7452.25,0,25,0.0,36250.0,0.0,0.15822784810126583,,
2026-09-30T10:11:00,2026-09-30T10:10:00,7400.0,2026-10-12,7457.25,0,13,0.0,9230.0,0.0,0.01906158357771261,,
2026-09-30T10:11:00,2026-09-30T10:10:00,7400.0,2026-10-13,7457.25,0,7,0.0,6160.000000000001,,0.022950819672131147,,
2026-09-30T10:11:00,2026-09-30T10:10:00,7400.0,2026-10-14,7457.25,1,71,33120.0,78810.0,1.0,0.2581818181818182,,
2026-09-30T10:11:00,2026-09-30T10:10:00,7400.0,2026-10-15,7457.25,0,4,0.0,5200.0,0.0,0.027777777777777776,,
2026-09-30T10:11:00,2026-09-30T10:10:00,7400.0,2026-10-16,7457.25,0,102,0.0,150960.0,0.0,0.0186847407950174,,
2026-09-30T10:11:00,2026-09-30T10:10:00,7400.0,2026-10-19,7457.25,0,20,0.0,33900.00000000001,0.0,0.03663003663003663,,
2026-09-30T10:11:00,2026-09-30T10:10:00,7400.0,2026-10-20,7457.25,0,25,0.0,46500.00000000001,0.0,0.16025641025641027,,
2026-09-30T10:11:00,2026-09-30T10:10:00,7405.0,2026-10-12,7462.25,0,7,0.0,5110.000000000001,,3.5,,
2026-09-30T10:11:00,2026-09-30T10:10:00,7405.0,2026-10-13,7462.25,0,0,0.0,0.0,,,,
2026-09-30T10:11:00,2026-09-30T10:10:00,7405.0,2026-10-16,7462.25,0,17,0.0,25839.999999999996,0.0,0.0776255707762557,,
2026-09-30T10:11:00,2026-09-30T10:10:00,7410.0,2026-10-12,7467.25,0,36,0.0,27000.0,0.0,0.3050847457627119,,
2026-09-30T10:11:00,2026-09-30T10:10:00,7410.0,2026-10-13,7467.25,30,4,953550.0,3720.0000000000005,,0.08,,
2026-09-30T10:11:00,2026-09-30T10:10:00,7410.0,2026-10-14,7467.25,0,55,0.0,64350.0,,0.7333333333333333,,
2026-09-30T10:11:00,2026-09-30T10:10:00,7410.0,2026-10-15,7467.25,0,10,0.0,13650.0,,0.17543859649122806,,
2026-09-30T10:11:00,2026-09-30T10:10:00,7410.0,2026-10-16,7467.25,0,0,0.0,0.0,0.0,0.0,,
2026-09-30T10:11:00,2026-09-30T10:10:00,7410.0,2026-10-19,7467.25,0,0,0.0,0.0,,0.0,,
2026-09-30T10:11:00,2026-09-30T10:10:00,7410.0,2026-10-20,7467.25,0,3,0.0,5820.0,0.0,0.04054054054054054,,
2026-09-30T10:11:00,2026-09-30T10:10:00,7415.0,2026-10-12,7472.25,0,24,0.0,18600.0,,,,
2026-09-30T10:11:00,2026-09-30T10:10:00,7415.0,2026-10-13,7472.25,0,0,0.0,0.0,,,,
2026-09-30T10:11:00,2026-09-30T10:10:00,7415.0,2026-10-16,7472.25,0,8,0.0,12720.0,0.0,0.045714285714285714,,
2026-09-30T10:11:00,2026-09-30T10:10:00,7420.0,2026-10-12,7477.25,0,3,0.0,2400.0,,0.03333333333333333,,
2026-09-30T10:11:00,2026-09-30T10:10:00,7420.0,2026-10-13,7477.25,0,12,0.0,11819.999999999998,0.0,0.16,,
2026-09-30T10:11:00,2026-09-30T10:10:00,7420.0,2026-10-14,7477.25,0,16,0.0,19760.0,0.0,0.16326530612244897,,
2026-09-30T10:11:00,2026-09-30T10:10:00,7420.0,2026-10-15,7477.25,0,0,0.0,0.0,,0.0,,
2026-09-30T10:11:00,2026-09-30T10:10:00,7420.0,2026-10-16,7477.25,0,9,0.0,14669.999999999998,0.0,0.04568527918781726,,
2026-09-30T10:11:00,2026-09-30T10:10:00,7420.0,2026-10-19,7477.25,0,0,0.0,0.0,,0.0,,
2026-09-30T10:11:00,2026-09-30T10:10:00,7420.0,2026-10-20,7477.25,0,11,0.0,22329.999999999996,0.0,0.6875,,
2026-09-30T10:11:00,2026-09-30T10:10:00,7425.0,2026-10-12,7482.25,0,80,0.0,66400.0,,0.299625468164794,,
2026-09-30T10:11:00,2026-09-30T10:10:00,7425.0,2026-10-13,7482.25,0,3,0.0,3029.9999999999995,0.0,0.022900763358778626,,
2026-09-30T10:11:00,2026-09-30T10:10:00,7425.0,2026-10-14,7482.25,0,34,0.0,43010.0,,0.29310344827586204,,
2026-09-30T10:11:00,2026-09-30T10:10:00,7425.0,2026-10-15,7482.25,0,11,0.0,16169.999999999998,0.0,0.06470588235294118,,
2026-09-30T10:11:00,2026-09-30T10:10:00,7425.0,2026-10-16,7482.25,0,8,0.0,13360.000000000002,0.0,0.025078369905956112,,
2026-09-30T10:11:00,2026-09-30T10:10:00,7425.0,2026-10-19,7482.25,0,0,0.0,0.0,0.0,0.0,,
2026-09-30T10:11:00,2026-09-30T10:10:00,7425.0,2026-10-20,7482.25,0,0,0.0,0.0,,0.0,,
2026-09-30T10:11:00,2026-09-30T10:10:00,7430.0,2026-10-12,7487.25,0,1,0.0,850.0,,0.014705882352941176,,
2026-09-30T10:11:00,2026-09-30T10:10:00,7430.0,2026-10-13,7487.25,0,5,0.0,5200.0,,0.054945054945054944,,
2026-09-30T10:11:00,2026-09-30T10:10:00,7430.0,2026-10-14,7487.25,0,29,0.0,37845.00000000001,,2.9,,
2026-09-30T10:11:00,2026-09-30T10:10:00,7430.0,2026-10-15,7487.25,0,1,0.0,1505.0,0.0,0.017241379310344827,,
2026-09-30T10:11:00,2026-09-30T10:10:00,7430.0,2026-10-16,7487.25,0,7,0.0,11970.000000000002,0.0,0.013059701492537313,,
2026-09-30T10:11:00,2026-09-30T10:10:00,7430.0,2026-10-19,7487.25,0,0,0.0,0.0,0.0,0.0,,
2026-09-30T10:11:00,2026-09-30T10:10:00,7430.0,2026-10-20,7487.25,0,11,0.0,23320.000000000004,,0.8461538461538461,,
2026-09-30T10:11:00,2026-09-30T10:10:00,7435.0,2026-10-12,7492.25,0,0,0.0,0.0,,,,
2026-09-30T10:11:00,2026-09-30T10:10:00,7435.0,2026-10-13,7492.25,0,0,0.0,0.0,,,,
2026-09-30T10:11:00,2026-09-30T10:10:00,7435.0,2026-10-16,7492.25,0,4,0.0,7000.0,0.0,0.007054673721340388,,
2026-09-30T10:11:00,2026-09-30T10:10:00,7440.0,2026-10-12,7497.25,0,4,0.0,3640.0,0.0,0.043010752688172046,,
2026-09-30T10:11:00,2026-09-30T10:10:00,7440.0,2026-10-13,7497.25,0,2,0.0,2210.0,,0.016,,
2026-09-30T10:11:00,2026-09-30T10:10:00,7440.0,2026-10-14,7497.25,0,12,0.0,16500.0,0.0,0.022684310018903593,,
2026-09-30T10:11:00,2026-09-30T10:10:00,7440.0,2026-10-15,7497.25,0,3,0.0,4755.0,0.0,0.061224489795918366,,
2026-09-30T10:11:00,2026-09-30T10:10:00,7440.0,2026-10-16,7497.25,0,26,0.0,44200.0,0.0,0.038011695906432746,,
2026-09-30T10:11:00,2026-09-30T10:10:00,7440.0,2026-10-19,7497.25,0,0,0.0,0.0,,0.0,,
2026-09-30T10:11:00,2026-09-30T10:10:00,7440.0,2026-10-20,7497.25,0,0,0.0,0.0,0.0,0.0,,
2026-09-30T10:11:00,2026-09-30T10:10:00,7445.0,2026-10-12,7502.25,0,0,0.0,0.0,,0.0,,
2026-09-30T10:11:00,2026-09-30T10:10:00,7445.0,2026-10-13,7502.25,0,0,0.0,0.0,,,,
2026-09-30T10:11:00,2026-09-30T10:10:00,7445.0,2026-10-16,7502.25,0,13,0.0,23920.0,0.0,0.08441558441558442,,
2026-09-30T10:11:00,2026-09-30T10:10:00,7450.0,2026-10-12,7507.25,2,30,55629.99999999999,29100.0,0.07407407407407407,0.07874015748031496,,
2026-09-30T10:11:00,2026-09-30T10:10:00,7450.0,2026-10-13,7507.25,0,7,0.0,8189.999999999999,0.0,0.06086956521739131,,
2026-09-30T10:11:00,2026-09-30T10:10:00,7450.0,2026-10-14,7507.25,0,65,0.0,94575.0,0.0,0.625,,
2026-09-30T10:11:00,2026-09-30T10:10:00,7450.0,2026-10-15,7507.25,0,20,0.0,33500.0,0.0,0.10526315789473684,,
2026-09-30T10:11:00,2026-09-30T10:10:00,7450.0,2026-10-16,7507.25,0,124,0.0,234360.0,0.0,0.07725856697819315,,
2026-09-30T10:11:00,2026-09-30T10:10:00,7450.0,2026-10-19,7507.25,0,6,0.0,12780.000000000002,0.0,0.03428571428571429,,
2026-09-30T10:11:00,2026-09-30T10:10:00,7450.0,2026-10-20,7507.25,0,1,0.0,2315.0,0.0,0.008928571428571428,,
2026-09-30T10:11:00,2026-09-30T10:10:00,7455.0,2026-10-12,7512.25,2,0,54690.0,0.0,,0.0,,
2026-09-30T10:11:00,2026-09-30T10:10:00,7455.0,2026-10-13,7512.25,0,8,0.0,9640.0,,,,
2026-09-30T10:11:00,2026-09-30T10:10:00,7455.0,2026-10-16,7512.25,0,2,0.0,3670.0000000000005,0.0,0.0038910505836575876,,
2026-09-30T10:11:00,2026-09-30T10:10:00,7460.0,2026-10-12,7517.25,0,35,0.0,36050.0,,0.4430379746835443,,
2026-09-30T10:11:00,2026-09-30T10:10:00,7460.0,2026-10-13,7517.25,0,3,0.0,3734.9999999999995,,0.041666666666666664,,
2026-09-30T10:11:00,2026-09-30T10:10:00,7460.0,2026-10-14,7517.25,0,23,0.0,35305.0,0.0,0.017597551644988524,,
2026-09-30T10:11:00,2026-09-30T10:10:00,7460.0,2026-10-15,7517.25,0,10,0.0,17650.0,0.0,0.3225806451612903,,
2026-09-30T10:11:00,2026-09-30T10:10:00,7460.0,2026-10-16,7517.25,0,2,0.0,3760.0,0.0,0.0030165912518853697,,
2026-09-30T10:11:00,2026-09-30T10:10:00,7460.0,2026-10-19,7517.25,0,20,0.0,44700.0,0.0,0.18867924528301888,,
2026-09-30T10:11:00,2026-09-30T10:10:00,7460.0,2026-10-20,7517.25,0,0,0.0,0.0,,0.0,,
2026-09-30T10:11:00,2026-09-30T10:10:00,7465.0,2026-10-12,7522.25,0,5,0.0,5325.0,,2.5,,
2026-09-30T10:11:00,2026-09-30T10:10:00,7465.0,2026-10-13,7522.25,0,0,0.0,0.0,,,,
2026-09-30T10:11:00,2026-09-30T10:10:00,7465.0,2026-10-16,7522.25,0,0,0.0,0.0,0.0,0.0,,
2026-09-30T10:11:00,2026-09-30T10:10:00,7470.0,2026-10-12,7527.25,0,11,0.0,12100.0,0.0,0.09649122807017543,,
2026-09-30T10:11:00,2026-09-30T10:10:00,7470.0,2026-10-13,7527.25,0,3,0.0,3959.9999999999995,0.0,0.02040816326530612,,
2026-09-30T10:11:00,2026-09-30T10:10:00,7470.0,2026-10-14,7527.25,0,30,0.0,48750.0,,0.16574585635359115,,
2026-09-30T10:11:00,2026-09-30T10:10:00,7470.0,2026-10-15,7527.25,0,11,0.0,20404.999999999996,0.0,0.9166666666666666,,
2026-09-30T10:11:00,2026-09-30T10:10:00,7470.0,2026-10-16,7527.25,0,17,0.0,35360.0,0.0,0.035269709543568464,,
2026-09-30T10:11:00,2026-09-30T10:10:00,7470.0,2026-10-19,7527.25,0,0,0.0,0.0,0.0,0.0,,
2026-09-30T10:11:00,2026-09-30T10:10:00,7470.0,2026-10-20,7527.25,0,1,0.0,2535.0,0.0,0.07692307692307693,,
2026-09-30T10:11:00,2026-09-30T10:10:00,7475.0,2026-10-12,7532.25,0,18,0.0,20430.0,0.0,0.06666666666666667,,
2026-09-30T10:11:00,2026-09-30T10:10:00,7475.0,2026-10-13,7532.25,0,0,0.0,0.0,,0.0,,
2026-09-30T10:11:00,2026-09-30T10:10:00,7475.0,2026-10-14,7532.25,0,21,0.0,35175.0,0.0,0.15555555555555556,,
2026-09-30T10:11:00,2026-09-30T10:10:00,7475.0,2026-10-15,7532.25,0,10,0.0,19049.999999999996,0.0,0.08333333333333333,,
2026-09-30T10:11:00,2026-09-30T10:10:00,7475.0,2026-10-16,7532.25,0,14,0.0,29959.999999999996,0.0,0.012612612612612612,,
2026-09-30T10:11:00,2026-09-30T10:10:00,7475.0,2026-10-19,7532.25,0,44,0.0,105380.00000000001,0.0,0.36666666666666664,,
2026-09-30T10:11:00,2026-09-30T10:10:00,7475.0,2026-10-20,7532.25,0,1,0.0,2595.0000000000005,0.0,0.02702702702702703,,
2026-09-30T10:11:00,2026-09-30T10:10:00,7480.0,2026-10-12,7537.25,0,1,0.0,1180.0,0.0,0.009174311926605505,,
2026-09-30T10:11:00,2026-09-30T10:10:00,7480.0,2026-10-13,7537.25,0,4,0.0,5620.0,,0.013157894736842105,,
2026-09-30T10:11:00,2026-09-30T10:10:00,7480.0,2026-10-14,7537.25,0,36,0.0,61920.00000000001,0.0,0.4235294117647059,,
2026-09-30T10:11:00,2026-09-30T10:10:00,7480.0,2026-10-15,7537.25,0,12,0.0,23520.0,,0.46153846153846156,,
2026-09-30T10:11:00,2026-09-30T10:10:00,7480.0,2026-10-16,7537.25,0,22,0.0,48179.99999999999,0.0,0.07236842105263158,,
2026-09-30T10:11:00,2026-09-30T10:10:00,7480.0,2026-10-19,7537.25,0,3,0.0,7364.999999999999,,0.07692307692307693,,
2026-09-30T10:11:00,2026-09-30T10:10:00,7480.0,2026-10-20,7537.25,0,0,0.0,0.0,,0.0,,
2026-09-30T10:11:00,2026-09-30T10:10:00,7485.0,2026-10-12,7542.25,0,1,0.0,1220.0,,,,
2026-09-30T10:11:00,2026-09-30T10:10:00,7485.0,2026-10-13,7542.25,0,1,0.0,1445.0,,,,
2026-09-30T10:11:00,2026-09-30T10:10:00,7485.0,2026-10-16,7542.25,0,2,0.0,4500.0,0.0,0.011904761904761904,,
2026-09-30T10:11:00,2026-09-30T10:10:00,7490.0,2026-10-12,7547.25,0,1,0.0,1260.0,0.0,0.008064516129032258,,
2026-09-30T10:11:00,2026-09-30T10:10:00,7490.0,2026-10-13,7547.25,0,1,0.0,1495.0,0.0,0.004219409282700422,,
2026-09-30T10:11:00,2026-09-30T10:10:00,7490.0,2026-10-14,7547.25,0,36,0.0,65700.0,0.0,0.6545454545454545,,
2026-09-30T10:11:00,2026-09-30T10:10:00,7490.0,2026-10-15,7547.25,0,12,0.0,24780.0,,0.0594059405940594,,
2026-09-30T10:11:00,2026-09-30T10:10:00,7490.0,2026-10-16,7547.25,0,5,0.0,10975.0,0.0,0.0024813895781637717,,
2026-09-30T10:11:00,2026-09-30T10:10:00,7490.0,2026-10-19,7547.25,0,70,0.0,180250.0,,0.6140350877192983,,
2026-09-30T10:11:00,2026-09-30T10:10:00,7490.0,2026-10-20,7547.25,0,3,0.0,8340.0,0.0,0.08333333333333333,,
2026-09-30T10:11:00,2026-09-30T10:10:00,7495.0,2026-10-12,7552.25,0,11,0.0,14300.0,,0.5,,
2026-09-30T10:11:00,2026-09-30T10:10:00,7495.0,2026-10-13,7552.25,0,1,0.0,1540.0,,,,
2026-09-30T10:11:00,2026-09-30T10:10:00,7495.0,2026-10-16,7552.25,0,3,0.0,7094.999999999999,0.0,0.005128205128205128,,
2026-09-30T10:11:00,2026-09-30T10:10:00,7500.0,2026-10-12,7557.25,0,52,0.0,70200.0,0.0,0.1087866108786611,,
2026-09-30T10:11:00,2026-09-30T10:10:00,7500.0,2026-10-13,7557.25,0,10,0.0,15900.0,0.0,0.02865329512893983,,
2026-09-30T10:11:00,2026-09-30T10:10:00,7500.0,2026-10-14,7557.25,4,82,95820.0,158259.99999999997,0.2,0.056241426611796985,,
2026-09-30T10:11:00,2026-09-30T10:10:00,7500.0,2026-10-15,7557.25,0,6,0.0,13110.000000000002,0.0,0.02214022140221402,,
2026-09-30T10:11:00,2026-09-30T10:10:00,7500.0,2026-10-16,7557.25,8,121,197800.0,294030.0,0.034934497816593885,0.03283582089552239,,
2026-09-30T10:11:00,2026-09-30T10:10:00,7500.0,2026-10-19,7557.25,0,74,0.0,200169.99999999997,0.0,0.13214285714285715,,
2026-09-30T10:11:00,2026-09-30T10:10:00,7500.0,2026-10-20,7557.25,0,93,0.0,271095.0,0.0,1.2077922077922079,,
2026-09-30T10:11:00,2026-09-30T10:10:00,7505.0,2026-10-12,7562.25,0,0,0.0,0.0,,,,
2026-09-30T10:11:00,2026-09-30T10:10:00,7505.0,2026-10-13,7562.25,0,14,0.0,22959.999999999996,,,,
2026-09-30T10:11:00,2026-09-30T10:10:00,7505.0,2026-10-16,7562.25,0,6,0.0,14939.999999999998,0.0,0.047619047619047616,,
2026-09-30T10:11:00,2026-09-30T10:10:00,7510.0,2026-10-12,7567.25,0,4,0.0,5760.0,0.0,0.014760147601476014,,
2026-09-30T10:11:00,2026-09-30T10:10:00,7510.0,2026-10-13,7567.25,30,4,678600.0,6780.000000000001,30.0,0.0136986301369863,,
2026-09-30T10:11:00,2026-09-30T10:10:00,7510.0,2026-10-14,7567.25,0,13,0.0,26585.000000000004,0.0,0.21311475409836064,,
2026-09-30T10:11:00,2026-09-30T10:10:00,7510.0,2026-10-15,7567.25,2,1,46670.00000000001,2304.9999999999995,0.045454545454545456,0.017857142857142856,,
2026-09-30T10:11:00,2026-09-30T10:10:00,7510.0,2026-10-16,7567.25,0,6,0.0,15329.999999999998,0.0,0.02575107296137339,,
2026-09-30T10:11:00,2026-09-30T10:10:00,7510.0,2026-10-19,7567.25,0,3,0.0,8519.999999999998,0.0,0.043478260869565216,,
2026-09-30T10:11:00,2026-09-30T10:10:00,7510.0,2026-10-20,7567.25,0,0,0.0,0.0,0.0,0.0,,
2026-09-30T10:11:00,2026-09-30T10:10:00,7515.0,2026-10-12,7572.25,0,21,0.0,31395.0,,2.1,,
2026-09-30T10:11:00,2026-09-30T10:10:00,7515.0,2026-10-13,7572.25,0,3,0.0,5235.000000000001,,,,
2026-09-30T10:11:00,2026-09-30T10:10:00,7515.0,2026-10-16,7572.25,28,5,651840.0,13100.0,0.24561403508771928,0.032467532467532464,,
2026-09-30T10:11:00,2026-09-30T10:10:00,7520.0,2026-10-12,7577.25,0,10,0.0,15450.0,0.0,0.03225806451612903,,
2026-09-30T10:11:00,2026-09-30T10:10:00,7520.0,2026-10-13,7577.25,0,5,0.0,9024.999999999998,,0.14705882352941177,,
2026-09-30T10:11:00,2026-09-30T10:10:00,7520.0,2026-10-14,7577.25,0,5,0.0,10825.0,,0.0024582104228121925,,
2026-09-30T10:11:00,2026-09-30T10:10:00,7520.0,2026-10-15,7577.25,0,7,0.0,17080.0,,0.1346153846153846,,
2026-09-30T10:11:00,2026-09-30T10:10:00,7520.0,2026-10-16,7577.25,0,6,0.0,16139.999999999998,0.0,0.03278688524590164,,
2026-09-30T10:11:00,2026-09-30T10:10:00,7520.0,2026-10-19,7577.25,0,0,0.0,0.0,0.0,0.0,,
2026-09-30T10:11:00,2026-09-30T10:10:00,7520.0,2026-10-20,7577.25,0,1,0.0,3200.0,,0.025,,
2026-09-30T10:11:00,2026-09-30T10:10:00,7525.0,2026-10-12,7582.25,0,83,0.0,132800.0,0.0,0.2686084142394822,,
2026-09-30T10:11:00,2026-09-30T10:10:00,7525.0,2026-10-13,7582.25,0,3,0.0,5595.0,0.0,0.04838709677419355,,
2026-09-30T10:11:00,2026-09-30T10:10:00,7525.0,2026-10-14,7582.25,0,21,0.0,46935.0,0.0,0.08974358974358974,,
2026-09-30T10:11:00,2026-09-30T10:10:00,7525.0,2026-10-15,7582.25,0,13,0.0,32564.999999999996,0.0,0.22807017543859648,,
2026-09-30T10:11:00,2026-09-30T10:10:00,7525.0,2026-10-16,7582.25,0,34,0.0,93840.00000000001,0.0,0.04265997490589712,,
2026-09-30T10:11:00,2026-09-30T10:10:00,7525.0,2026-10-19,7582.25,0,8,0.0,24439.999999999996,0.0,0.013377926421404682,,
2026-09-30T10:11:00,2026-09-30T10:10:00,7525.0,2026-10-20,7582.25,0,2,0.0,6550.0,0.0,0.05405405405405406,,
2026-09-30T10:11:00,2026-09-30T10:10:00,7530.0,2026-10-12,7587.25,0,3,0.0,4964.999999999999,0.0,0.011111111111111112,,
2026-09-30T10:11:00,2026-09-30T10:10:00,7530.0,2026-10-13,7587.25,0,0,0.0,0.0,0.0,0.0,,
2026-09-30T10:11:00,2026-09-30T10:10:00,7530.0,2026-10-14,7587.25,0,13,0.0,29964.999999999996,0.0,0.07142857142857142,,
2026-09-30T10:11:00,2026-09-30T10:10:00,7530.0,2026-10-15,7587.25,0,0,0.0,0.0,0.0,0.0,,
2026-09-30T10:11:00,2026-09-30T10:10:00,7530.0,2026-10-16,7587.25,0,5,0.0,14200.0,0.0,0.012853470437017995,,
2026-09-30T10:11:00,2026-09-30T10:10:00,7530.0,2026-10-19,7587.25,0,8,0.0,25080.0,0.0,0.12698412698412698,,
2026-09-30T10:11:00,2026-09-30T10:10:00,7530.0,2026-10-20,7587.25,0,8,0.0,26839.999999999996,0.0,0.4,,
2026-09-30T10:11:00,2026-09-30T10:10:00,7535.0,2026-10-12,7592.25,0,0,0.0,0.0,,0.0,,
2026-09-30T10:11:00,2026-09-30T10:10:00,7535.0,2026-10-13,7592.25,0,0,0.0,0.0,0.0,0.0,,
2026-09-30T10:11:00,2026-09-30T10:10:00,7535.0,2026-10-14,7592.25,0,2,0.0,4730.0,,,,
2026-09-30T10:11:00,2026-09-30T10:10:00,7535.0,2026-10-15,7592.25,0,31,0.0,82305.0,,0.7948717948717948,,
2026-09-30T10:11:00,2026-09-30T10:10:00,7535.0,2026-10-16,7592.25,2,70,43410.0,203700.0,0.020202020202020204,0.21406727828746178,,
2026-09-30T10:11:00,2026-09-30T10:10:00,7535.0,2026-10-19,7592.25,0,0,0.0,0.0,,0.0,,
2026-09-30T10:11:00,2026-09-30T10:10:00,7535.0,2026-10-20,7592.25,0,1,0.0,3435.0,,,,
2026-09-30T10:11:00,2026-09-30T10:10:00,7540.0,2026-10-12,7597.25,0,25,0.0,44375.0,0.0,0.02620545073375262,,
2026-09-30T10:11:00,2026-09-30T10:10:00,7540.0,2026-10-13,7597.25,0,2,0.0,4109.999999999999,,0.025,,
2026-09-30T10:11:00,2026-09-30T10:10:00,7540.0,2026-10-14,7597.25,0,6,0.0,14670.000000000002,,0.25,,
2026-09-30T10:11:00,2026-09-30T10:10:00,7540.0,2026-10-15,7597.25,0,7,0.0,19075.0,0.0,0.029661016949152543,,
2026-09-30T10:11:00,2026-09-30T10:10:00,7540.0,2026-10-16,7597.25,0,17,0.0,50829.99999999999,0.0,0.09770114942528736,,
2026-09-30T10:11:00,2026-09-30T10:10:00,7540.0,2026-10-19,7597.25,0,23,0.0,75785.0,0.0,0.5,,
2026-09-30T10:11:00,2026-09-30T10:10:00,7540.0,2026-10-20,7597.25,0,4,0.0,14080.000000000002,0.0,0.12121212121212122,,
2026-09-30T10:11:00,2026-09-30T10:10:00,7545.0,2026-10-12,7602.25,0,1,0.0,1845.0000000000002,,,,
2026-09-30T10:11:00,2026-09-30T10:10:00,7545.0,2026-10-13,7602.25,0,0,0.0,0.0,,0.0,,
2026-09-30T10:11:00,2026-09-30T10:10:00,7545.0,2026-10-14,7602.25,0,5,0.0,12575.0,0.0,0.8333333333333334,,
2026-09-30T10:11:00,2026-09-30T10:10:00,7545.0,2026-10-15,7602.25,0,0,0.0,0.0,,,,
2026-09-30T10:11:00,2026-09-30T10:10:00,7545.0,2026-10-16,7602.25,4,6,83500.0,18420.0,0.125,0.05042016806722689,,
2026-09-30T10:11:00,2026-09-30T10:10:00,7545.0,2026-10-19,7602.25,0,0,0.0,0.0,,0.0,,
2026-09-30T10:11:00,2026-09-30T10:10:00,7545.0,2026-10-20,7602.25,0,0,0.0,0.0,,,,
2026-09-30T10:11:00,2026-09-30T10:10:00,7550.0,2026-10-12,7607.25,0,49,0.0,93344.99999999999,0.0,0.16896551724137931,,
2026-09-30T10:11:00,2026-09-30T10:10:00,7550.0,2026-10-13,7607.25,0,32,0.0,70080.0,0.0,0.15458937198067632,,
2026-09-30T10:11:00,2026-09-30T10:10:00,7550.0,2026-10-14,7607.25,0,24,0.0,62280.00000000001,0.0,0.12834224598930483,,
2026-09-30T10:11:00,2026-09-30T10:10:00,7550.0,2026-10-15,7607.25,0,9,0.0,25965.000000000004,0.0,0.03734439834024896,,
2026-09-30T10:11:00,2026-09-30T10:10:00,7550.0,2026-10-16,7607.25,1,113,20465.0,355950.0,0.0010162601626016261,0.018030955800223392,,
2026-09-30T10:11:00,2026-09-30T10:10:00,7550.0,2026-10-19,7607.25,0,32,0.0,110719.99999999999,0.0,0.11387900355871886,,
2026-09-30T10:11:00,2026-09-30T10:10:00,7550.0,2026-10-20,7607.25,0,2,0.0,7380.000000000001,0.0,0.025,,
2026-09-30T10:11:00,2026-09-30T10:10:00,7555.0,2026-10-12,7612.25,0,10,0.0,19750.0,0.0,1.1111111111111112,,
2026-09-30T10:11:00,2026-09-30T10:10:00,7555.0,2026-10-13,7612.25,0,0,0.0,0.0,,0.0,,
2026-09-30T10:11:00,2026-09-30T10:10:00,7555.0,2026-10-14,7612.25,0,10,0.0,26650.0,,3.3333333333333335,,
2026-09-30T10:11:00,2026-09-30T10:10:00,7555.0,2026-10-15,7612.25,0,17,0.0,50404.99999999999,,0.7083333333333334,,
2026-09-30T10:11:00,2026-09-30T10:10:00,7555.0,2026-10-16,7612.25,0,5,0.0,15500.0,0.0,0.014577259475218658,,
2026-09-30T10:11:00,2026-09-30T10:10:00,7555.0,2026-10-19,7612.25,0,0,0.0,0.0,,0.0,,
2026-09-30T10:11:00,2026-09-30T10:10:00,7555.0,2026-10-20,7612.25,0,2,0.0,7559.999999999999,,,,
2026-09-30T10:11:00,2026-09-30T10:10:00,7560.0,2026-10-12,7617.25,0,0,0.0,0.0,0.0,0.0,,
2026-09-30T10:11:00,2026-09-30T10:10:00,7560.0,2026-10-13,7617.25,0,0,0.0,0.0,0.0,0.0,,
2026-09-30T10:11:00,2026-09-30T10:10:00,7560.0,2026-10-14,7617.25,0,9,0.0,24750.0,0.0,0.2571428571428571,,
2026-09-30T10:11:00,2026-09-30T10:10:00,7560.0,2026-10-15,7617.25,2,0,38170.0,0.0,0.2,0.0,,
2026-09-30T10:11:00,2026-09-30T10:10:00,7560.0,2026-10-16,7617.25,0,9,0.0,29880.0,0.0,0.0313588850174216,,
2026-09-30T10:11:00,2026-09-30T10:10:00,7560.0,2026-10-19,7617.25,0,2,0.0,7280.000000000001,0.0,0.03571428571428571,,
2026-09-30T10:11:00,2026-09-30T10:10:00,7560.0,2026-10-20,7617.25,0,0,0.0,0.0,0.0,0.0,,
2026-09-30T10:11:00,2026-09-30T10:10:00,7565.0,2026-10-12,7622.25,0,3,0.0,6345.0,,0.022556390977443608,,
2026-09-30T10:11:00,2026-09-30T10:10:00,7565.0,2026-10-13,7622.25,0,4,0.0,9680.0,,0.13793103448275862,,
2026-09-30T10:11:00,2026-09-30T10:10:00,7565.0,2026-10-14,7622.25,0,22,0.0,62370.00000000001,,3.142857142857143,,
2026-09-30T10:11:00,2026-09-30T10:10:00,7565.0,2026-10-15,7622.25,0,2,0.0,6280.0,,0.08,,
2026-09-30T10:11:00,2026-09-30T10:10:00,7565.0,2026-10-16,7622.25,0,24,0.0,81840.00000000001,0.0,0.1038961038961039,,
2026-09-30T10:11:00,2026-09-30T10:10:00,7565.0,2026-10-19,7622.25,0,0,0.0,0.0,,0.0,,
2026-09-30T10:11:00,2026-09-30T10:10:00,7565.0,2026-10-20,7622.25,0,2,0.0,7940.000000000001,,,,
2026-09-30T10:11:00,2026-09-30T10:10:00,7570.0,2026-10-12,7627.25,0,4,0.0,8780.000000000002,0.0,0.04938271604938271,,
2026-09-30T10:11:00,2026-09-30T10:10:00,7570.0,2026-10-13,7627.25,0,1,0.0,2495.0000000000005,0.0,0.012345679012345678,,
2026-09-30T10:11:00,2026-09-30T10:10:00,7570.0,2026-10-14,7627.25,0,6,0.0,17520.0,0.0,0.05825242718446602,,
2026-09-30T10:11:00,2026-09-30T10:10:00,7570.0,2026-10-15,7627.25,0,2,0.0,6470.0,0.0,0.018691588785046728,,
2026-09-30T10:11:00,2026-09-30T10:10:00,7570.0,2026-10-16,7627.25,0,1,0.0,3359.9999999999995,0.0,0.0013831258644536654,,
2026-09-30T10:11:00,2026-09-30T10:10:00,7570.0,2026-10-19,7627.25,0,6,0.0,22920.0,0.0,0.1,,
2026-09-30T10:11:00,2026-09-30T10:10:00,7570.0,2026-10-20,7627.25,0,0,0.0,0.0,0.0,0.0,,
2026-09-30T10:11:00,2026-09-30T10:10:00,7575.0,2026-10-12,7632.25,0,5,0.0,11375.0,0.0,0.024875621890547265,,
2026-09-30T10:11:00,2026-09-30T10:10:00,7575.0,2026-10-13,7632.25,0,9,0.0,23175.0,0.0,0.01601423487544484,,
2026-09-30T10:11:00,2026-09-30T10:10:00,7575.0,2026-10-14,7632.25,2,19,35079.99999999999,57190.0,0.3333333333333333,0.06440677966101695,,
2026-09-30T10:11:00,2026-09-30T10:10:00,7575.0,2026-10-15,7632.25,2,2,35690.0,6640.000000000001,0.07692307692307693,0.016,,
2026-09-30T10:11:00,2026-09-30T10:10:00,7575.0,2026-10-16,7632.25,0,31,0.0,111600.0,0.0,0.030067895247332686,,
2026-09-30T10:11:00,2026-09-30T10:10:00,7575.0,2026-10-19,7632.25,0,21,0.0,82320.0,0.0,0.14583333333333334,,
2026-09-30T10:11:00,2026-09-30T10:10:00,7575.0,2026-10-20,7632.25,0,1,0.0,4159.999999999999,0.0,0.004366812227074236,,
2026-09-30T10:11:00,2026-09-30T10:10:00,7580.0,2026-10-12,7637.25,0,15,0.0,35324.99999999999,0.0,0.15463917525773196,,
2026-09-30T10:11:00,2026-09-30T10:10:00,7580.0,2026-10-13,7637.25,0,2,0.0,5330.0,0.0,0.0392156862745098,,
2026-09-30T10:11:00,2026-09-30T10:10:00,7580.0,2026-10-14,7637.25,0,5,0.0,15525.0,0.0,0.08064516129032258,,
2026-09-30T10:11:00,2026-09-30T10:10:00,7580.0,2026-10-15,7637.25,4,2,69820.0,6830.0,0.023952095808383235,0.016,,
2026-09-30T10:11:00,2026-09-30T10:10:00,7580.0,2026-10-16,7637.25,1,29,18005.0,107009.99999999999,0.011494252873563218,0.04434250764525994,,
2026-09-30T10:11:00,2026-09-30T10:10:00,7580.0,2026-10-19,7637.25,0,0,0.0,0.0,0.0,0.0,,
2026-09-30T10:11:00,2026-09-30T10:10:00,7580.0,2026-10-20,7637.25,0,1,0.0,4265.0,0.0,0.03333333333333333,,
2026-09-30T10:11:00,2026-09-30T10:10:00,7585.0,2026-10-12,7642.25,0,3,0.0,7319.999999999999,,0.061224489795918366,,
2026-09-30T10:11:00,2026-09-30T10:10:00,7585.0,2026-10-13,7642.25,0,1,0.0,2754.9999999999995,0.0,0.0025906735751295338,,
2026-09-30T10:11:00,2026-09-30T10:10:00,7585.0,2026-10-14,7642.25,0,32,0.0,102240.00000000001,0.0,1.3333333333333333,,
2026-09-30T10:11:00,2026-09-30T10:10:00,7585.0,2026-10-15,7642.25,0,0,0.0,0.0,0.0,0.0,,
2026-09-30T10:11:00,2026-09-30T10:10:00,7585.0,2026-10-16,7642.25,0,5,0.0,18950.0,0.0,0.03125,,
2026-09-30T10:11:00,2026-09-30T10:10:00,7585.0,2026-10-19,7642.25,0,0,0.0,0.0,,,,
2026-09-30T10:11:00,2026-09-30T10:10:00,7585.0,2026-10-20,7642.25,0,0,0.0,0.0,,,,
2026-09-30T10:11:00,2026-09-30T10:10:00,7590.0,2026-10-12,7647.25,0,1,0.0,2525.0,0.0,0.00847457627118644,,
2026-09-30T10:11:00,2026-09-30T10:10:00,7590.0,2026-10-13,7647.25,0,11,0.0,31295.000000000004,0.0,0.07746478873239436,,
2026-09-30T10:11:00,2026-09-30T10:10:00,7590.0,2026-10-14,7647.25,0,6,0.0,19770.0,0.0,0.049586776859504134,,
2026-09-30T10:11:00,2026-09-30T10:10:00,7590.0,2026-10-15,7647.25,0,4,0.0,14460.0,0.0,0.047058823529411764,,
2026-09-30T10:11:00,2026-09-30T10:10:00,7590.0,2026-10-16,7647.25,0,7,0.0,27300.0,0.0,0.0170316301703163,,
2026-09-30T10:11:00,2026-09-30T10:10:00,7590.0,2026-10-19,7647.25,0,14,0.0,59219.99999999999,0.0,0.11475409836065574,,
2026-09-30T10:11:00,2026-09-30T10:10:00,7590.0,2026-10-20,7647.25,0,1,0.0,4480.0,0.0,0.02040816326530612,,
2026-09-30T10:11:00,2026-09-30T10:10:00,7595.0,2026-10-12,7652.25,0,7,0.0,18305.0,0.0,0.020289855072463767,,
2026-09-30T10:11:00,2026-09-30T10:10:00,7595.0,2026-10-13,7652.25,0,0,0.0,0.0,0.0,0.0,,
2026-09-30T10:11:00,2026-09-30T10:10:00,7595.0,2026-10-14,7652.25,2,29,31870.000000000004,98455.0,,0.5087719298245614,,
2026-09-30T10:11:00,2026-09-30T10:10:00,7595.0,2026-10-15,7652.25,0,1,0.0,3720.0000000000005,,0.5,,
2026-09-30T10:11:00,2026-09-30T10:10:00,7595.0,2026-10-16,7652.25,6,2,100920.0,8000.0,0.10344827586206896,0.011904761904761904,,
2026-09-30T10:11:00,2026-09-30T10:10:00,7595.0,2026-10-19,7652.25,0,2,0.0,8680.000000000002,,2.0,,
2026-09-30T10:11:00,2026-09-30T10:10:00,7595.0,2026-10-20,7652.25,0,0,0.0,0.0,,,,
2026-09-30T10:11:00,2026-09-30T10:10:00,7600.0,2026-10-12,7657.25,3,74,43740.0,200910.0,0.00804289544235925,0.1284722222222222,,
2026-09-30T10:11:00,2026-09-30T10:10:00,7600.0,2026-10-13,7657.25,0,30,0.0,91050.0,0.0,0.07159904534606205,,
2026-09-30T10:11:00,2026-09-30T10:10:00,7600.0,2026-10-14,7657.25,7,21,108675.0,73395.0,0.15217391304347827,0.10144927536231885,,
2026-09-30T10:11:00,2026-09-30T10:10:00,7600.0,2026-10-15,7657.25,5,26,79350.0,99450.0,0.011389521640091117,0.04727272727272727,,
2026-09-30T10:11:00,2026-09-30T10:10:00,7600.0,2026-10-16,7657.25,12,1164,197100.0,4603620.0,0.012232415902140673,0.07570239334027055,,
2026-09-30T10:11:00,2026-09-30T10:10:00,7600.0,2026-10-19,7657.25,1,10,16825.0,44450.0,0.010638297872340425,0.029585798816568046,,
2026-09-30T10:11:00,2026-09-30T10:10:00,7600.0,2026-10-20,7657.25,0,27,0.0,126900.0,0.0,0.14594594594594595,,
2026-09-30T10:11:00,2026-09-30T10:10:00,7605.0,2026-10-12,7662.25,0,1,0.0,2815.0,0.0,0.0021413276231263384,,
2026-09-30T10:11:00,2026-09-30T10:10:00,7605.0,2026-10-13,7662.25,0,5,0.0,15700.0,0.0,0.45454545454545453,,
2026-09-30T10:11:00,2026-09-30T10:10:00,7605.0,2026-10-14,7662.25,0,26,0.0,93600.0,0.0,1.7333333333333334,,
2026-09-30T10:11:00,2026-09-30T10:10:00,7605.0,2026-10-15,7662.25,0,4,0.0,15760.000000000002,0.0,2.0,,
2026-09-30T10:11:00,2026-09-30T10:10:00,7605.0,2026-10-16,7662.25,26,30,416520.0,121950.0,0.3170731707317073,0.09202453987730061,,
2026-09-30T10:11:00,2026-09-30T10:10:00,7605.0,2026-10-19,7662.25,0,0,0.0,0.0,0.0,,,
2026-09-30T10:11:00,2026-09-30T10:10:00,7605.0,2026-10-20,7662.25,0,0,0.0,0.0,,,,
2026-09-30T10:11:00,2026-09-30T10:10:00,7610.0,2026-10-12,7667.25,3,47,41340.0,137005.0,0.03896103896103896,0.44339622641509435,,
2026-09-30T10:11:00,2026-09-30T10:10:00,7610.0,2026-10-13,7667.25,0,16,0.0,51920.00000000001,0.0,0.1702127659574468,,
2026-09-30T10:11:00,2026-09-30T10:10:00,7610.0,2026-10-14,7667.25,8,68,117959.99999999999,252619.99999999997,0.11594202898550725,0.7555555555555555,,
2026-09-30T10:11:00,2026-09-30T10:10:00,7610.0,2026-10-15,7667.25,0,5,0.0,20250.0,0.0,0.11904761904761904,,
2026-09-30T10:11:00,2026-09-30T10:10:00,7610.0,2026-10-16,7667.25,0,0,0.0,0.0,0.0,0.0,,
2026-09-30T10:11:00,2026-09-30T10:10:00,7610.0,2026-10-19,7667.25,0,7,0.0,32759.999999999996,0.0,0.07446808510638298,,
2026-09-30T10:11:00,2026-09-30T10:10:00,7610.0,2026-10-20,7667.25,0,1,0.0,4930.0,0.0,0.008928571428571428,,
2026-09-30T10:11:00,2026-09-30T10:10:00,7615.0,2026-10-12,7672.25,0,9,0.0,27180.0,0.0,0.009544008483563097,,
2026-09-30T10:11:00,2026-09-30T10:10:00,7615.0,2026-10-13,7672.25,0,0,0.0,0.0,0.0,0.0,,
2026-09-30T10:11:00,2026-09-30T10:10:00,7615.0,2026-10-14,7672.25,6,5,86190.00000000001,19150.0,,0.5555555555555556,,
2026-09-30T10:11:00,2026-09-30T10:10:00,7615.0,2026-10-15,7672.25,1,0,14700.0,0.0,,0.0,,
2026-09-30T10:11:00,2026-09-30T10:10:00,7615.0,2026-10-16,7672.25,0,46,0.0,204929.99999999997,0.0,0.30666666666666664,,
2026-09-30T10:11:00,2026-09-30T10:10:00,7615.0,2026-10-19,7672.25,0,37,0.0,177600.0,,,,
2026-09-30T10:11:00,2026-09-30T10:10:00,7615.0,2026-10-20,7672.25,0,0,0.0,0.0,,,,
2026-09-30T10:11:00,2026-09-30T10:10:00,7620.0,2026-10-12,7677.25,1,44,12994.999999999998,137500.0,0.016666666666666666,0.4444444444444444,,
2026-09-30T10:11:00,2026-09-30T10:10:00,7620.0,2026-10-13,7677.25,0,41,0.0,142065.0,0.0,0.27702702702702703,,
2026-09-30T10:11:00,2026-09-30T10:10:00,7620.0,2026-10-14,7677.25,19,38,265715.0,149720.00000000003,0.36538461538461536,0.4418604651162791,,
2026-09-30T10:11:00,2026-09-30T10:10:00,7620.0,2026-10-15,7677.25,0,0,0.0,0.0,0.0,0.0,,
2026-09-30T10:11:00,2026-09-30T10:10:00,7620.0,2026-10-16,7677.25,0,44,0.0,201300.0,0.0,0.13793103448275862,,
2026-09-30T10:11:00,2026-09-30T10:10:00,7620.0,2026-10-19,7677.25,0,6,0.0,29550.0,0.0,0.14634146341463414,,
2026-09-30T10:11:00,2026-09-30T10:10:00,7620.0,2026-10-20,7677.25,0,22,0.0,113959.99999999999,0.0,0.5365853658536586,,
2026-09-30T10:11:00,2026-09-30T10:10:00,7625.0,2026-10-12,7682.25,0,34,0.0,110330.00000000001,0.0,0.13438735177865613,,
2026-09-30T10:11:00,2026-09-30T10:10:00,7625.0,2026-10-13,7682.25,2,11,26070.0,39435.0,0.043478260869565216,0.14473684210526316,,
2026-09-30T10:11:00,2026-09-30T10:10:00,7625.0,2026-10-14,7682.25,2,69,27179.999999999996,280139.99999999994,0.045454545454545456,0.8734177215189873,,
2026-09-30T10:11:00,2026-09-30T10:10:00,7625.0,2026-10-15,7682.25,0,1,0.0,4409.999999999999,0.0,0.006493506493506494,,
2026-09-30T10:11:00,2026-09-30T10:10:00,7625.0,2026-10-16,7682.25,0,46,0.0,216200.0,0.0,0.05336426914153132,,
2026-09-30T10:11:00,2026-09-30T10:10:00,7625.0,2026-10-19,7682.25,0,25,0.0,126250.0,0.0,0.08038585209003216,,
2026-09-30T10:11:00,2026-09-30T10:10:00,7625.0,2026-10-20,7682.25,0,10,0.0,53100.0,0.0,0.05,,
2026-09-30T10:11:00,2026-09-30T10:10:00,7630.0,2026-10-12,7687.25,0,11,0.0,36959.99999999999,0.0,0.10784313725490197,,
2026-09-30T10:11:00,2026-09-30T10:10:00,7630.0,2026-10-13,7687.25,0,3,0.0,11115.0,0.0,0.04477611940298507,,
2026-09-30T10:11:00,2026-09-30T10:10:00,7630.0,2026-10-14,7687.25,17,40,224739.99999999997,167600.00000000003,0.2698412698412698,0.625,,
2026-09-30T10:11:00,2026-09-30T10:10:00,7630.0,2026-10-15,7687.25,0,6,0.0,27240.000000000004,0.0,0.12,,
2026-09-30T10:11:00,2026-09-30T10:10:00,7630.0,2026-10-16,7687.25,8,215,113080.0,1038450.0,0.030303030303030304,0.4488517745302714,,
2026-09-30T10:11:00,2026-09-30T10:10:00,7630.0,2026-10-19,7687.25,1,17,14560.000000000002,88059.99999999999,0.01818181818181818,0.20238095238095238,,
2026-09-30T10:11:00,2026-09-30T10:10:00,7630.0,2026-10-20,7687.25,0,10,0.0,54400.0,0.0,0.1388888888888889,,
2026-09-30T10:11:00,2026-09-30T10:10:00,7635.0,2026-10-12,7692.25,0,15,0.0,52275.0,0.0,0.32608695652173914,,
2026-09-30T10:11:00,2026-09-30T10:10:00,7635.0,2026-10-13,7692.25,0,0,0.0,0.0,0.0,0.0,,
2026-09-30T10:11:00,2026-09-30T10:10:00,7635.0,2026-10-14,7692.25,17,4,218450.0,17280.0,1.2142857142857142,0.21052631578947367,,
2026-09-30T10:11:00,2026-09-30T10:10:00,7635.0,2026-10-15,7692.25,5,2,66075.0,9350.0,,0.3333333333333333,,
2026-09-30T10:11:00,2026-09-30T10:10:00,7635.0,2026-10-16,7692.25,10,3,137650.0,14880.000000000002,0.07462686567164178,0.02631578947368421,,
2026-09-30T10:11:00,2026-09-30T10:10:00,7635.0,2026-10-19,7692.25,0,0,0.0,0.0,,,,
2026-09-30T10:11:00,2026-09-30T10:10:00,7635.0,2026-10-20,7692.25,0,0,0.0,0.0,,,,
2026-09-30T10:11:00,2026-09-30T10:10:00,7640.0,2026-10-12,7697.25,0,20,0.0,72100.0,0.0,0.08771929824561403,,
2026-09-30T10:11:00,2026-09-30T10:10:00,7640.0,2026-10-13,7697.25,8,1,95200.0,3954.9999999999995,0.4444444444444444,0.014705882352941176,,
2026-09-30T10:11:00,2026-09-30T10:10:00,7640.0,2026-10-14,7697.25,5,15,62400.0,66750.0,0.045454545454545456,0.23809523809523808,,
2026-09-30T10:11:00,2026-09-30T10:10:00,7640.0,2026-10-15,7697.25,1,36,12850.0,172800.0,0.041666666666666664,0.8,,
2026-09-30T10:11:00,2026-09-30T10:10:00,7640.0,2026-10-16,7697.25,0,35,0.0,178325.0,0.0,0.10324483775811209,,
2026-09-30T10:11:00,2026-09-30T10:10:00,7640.0,2026-10-19,7697.25,0,98,0.0,534590.0,0.0,0.47572815533980584,,
2026-09-30T10:11:00,2026-09-30T10:10:00,7640.0,2026-10-20,7697.25,0,33,0.0,188429.99999999997,0.0,0.7021276595744681,,
2026-09-30T10:11:00,2026-09-30T10:10:00,7645.0,2026-10-12,7702.25,0,0,0.0,0.0,0.0,0.0,,
2026-09-30T10:11:00,2026-09-30T10:10:00,7645.0,2026-10-13,7702.25,9,1,103770.0,4090.0000000000005,0.5,0.008620689655172414,,
2026-09-30T10:11:00,2026-09-30T10:10:00,7645.0,2026-10-14,7702.25,11,63,133320.0,289170.0,2.75,3.7058823529411766,,
2026-09-30T10:11:00,2026-09-30T10:10:00,7645.0,2026-10-15,7702.25,0,8,0.0,39560.0,0.0,2.0,,
2026-09-30T10:11:00,2026-09-30T10:10:00,7645.0,2026-10-16,7702.25,1,41,12875.0,214635.0,0.0017985611510791368,0.3942307692307692,,
2026-09-30T10:11:00,2026-09-30T10:10:00,7645.0,2026-10-19,7702.25,0,8,0.0,44760.0,,0.8888888888888888,,
2026-09-30T10:11:00,2026-09-30T10:10:00,7645.0,2026-10-20,7702.25,1,0,13819.999999999998,0.0,,,,
2026-09-30T10:11:00,2026-09-30T10:10:00,7650.0,2026-10-12,7707.25,3,84,32220.000000000004,325500.0,0.009287925696594427,0.20588235294117646,,
2026-09-30T10:11:00,2026-09-30T10:10:00,7650.0,2026-10-13,7707.25,251,4,2803670.0,16900.0,4.5636363636363635,0.043010752688172046,,
2026-09-30T10:11:00,2026-09-30T10:10:00,7650.0,2026-10-14,7707.25,19,74,223440.0,350020.0,0.3392857142857143,0.17090069284064666,,
2026-09-30T10:11:00,2026-09-30T10:10:00,7650.0,2026-10-15,7707.25,4,24,48520.0,122160.00000000001,0.047058823529411764,0.13559322033898305,,
2026-09-30T10:11:00,2026-09-30T10:10:00,7650.0,2026-10-16,7707.25,25,1982,317125.0,10326219.999999998,0.034818941504178275,0.1455319773845363,,
2026-09-30T10:11:00,2026-09-30T10:10:00,7650.0,2026-10-19,7707.25,15,27,196799.99999999997,154980.00000000003,0.11194029850746269,0.108,,
2026-09-30T10:11:00,2026-09-30T10:10:00,7650.0,2026-10-20,7707.25,2,18,26939.999999999996,108000.0,0.11764705882352941,0.13043478260869565,,
2026-09-30T10:11:00,2026-09-30T10:10:00,7655.0,2026-10-12,7712.25,0,49,0.0,196489.99999999997,0.0,0.3202614379084967,,
2026-09-30T10:11:00,2026-09-30T10:10:00,7655.0,2026-10-13,7712.25,0,4,0.0,17460.0,0.0,0.04597701149425287,,
2026-09-30T10:11:00,2026-09-30T10:10:00,7655.0,2026-10-14,7712.25,10,4,114150.0,19500.0,0.7142857142857143,0.25,,
2026-09-30T10:11:00,2026-09-30T10:10:00,7655.0,2026-10-15,7712.25,2,0,23560.0,0.0,0.6666666666666666,0.0,,
2026-09-30T10:11:00,2026-09-30T10:10:00,7655.0,2026-10-16,7712.25,4,4,48700.0,21439.999999999996,0.020100502512562814,0.007575757575757576,,
2026-09-30T10:11:00,2026-09-30T10:10:00,7655.0,2026-10-19,7712.25,0,0,0.0,0.0,,0.0,,
2026-09-30T10:11:00,2026-09-30T10:10:00,7655.0,2026-10-20,7712.25,0,0,0.0,0.0,,,,
2026-09-30T10:11:00,2026-09-30T10:10:00,7660.0,2026-10-12,7717.25,4,53,40140.0,220479.99999999997,0.035398230088495575,0.39552238805970147,,
2026-09-30T10:11:00,2026-09-30T10:10:00,7660.0,2026-10-13,7717.25,6,3,62759.99999999999,13560.000000000002,0.1276595744680851,0.015873015873015872,,
2026-09-30T10:11:00,2026-09-30T10:10:00,7660.0,2026-10-14,7717.25,12,30,132719.99999999997,150750.0,0.5714285714285714,0.44776119402985076,,
2026-09-30T10:11:00,2026-09-30T10:10:00,7660.0,2026-10-15,7717.25,1,2,11440.0,10780.000000000002,0.04,0.0196078431372549,,
2026-09-30T10:11:00,2026-09-30T10:10:00,7660.0,2026-10-16,7717.25,7,2,83895.0,11019.999999999998,0.06862745098039216,0.0025477707006369425,,
2026-09-30T10:11:00,2026-09-30T10:10:00,7660.0,2026-10-19,7717.25,0,10,0.0,60400.0,0.0,0.1111111111111111,,
2026-09-30T10:11:00,2026-09-30T10:10:00,7660.0,2026-10-20,7717.25,0,13,0.0,81965.0,0.0,0.21666666666666667,,
2026-09-30T10:11:00,2026-09-30T10:10:00,7665.0,2026-10-12,7722.25,0,5,0.0,21525.0,0.0,0.07936507936507936,,
2026-09-30T10:11:00,2026-09-30T10:10:00,7665.0,2026-10-13,7722.25,0,118,0.0,551060.0,0.0,1.903225806451613,,
2026-09-30T10:11:00,2026-09-30T10:10:00,7665.0,2026-10-14,7722.25,0,58,0.0,300439.99999999994,0.0,1.4146341463414633,,
2026-09-30T10:11:00,2026-09-30T10:10:00,7665.0,2026-10-15,7722.25,4,15,44360.0,83100.00000000001,0.0851063829787234,3.0,,
2026-09-30T10:11:00,2026-09-30T10:10:00,7665.0,2026-10-16,7722.25,7,20,81514.99999999999,116600.0,0.04487179487179487,0.0796812749003984,,
2026-09-30T10:11:00,2026-09-30T10:10:00,7665.0,2026-10-19,7722.25,0,0,0.0,0.0,,0.0,,
2026-09-30T10:11:00,2026-09-30T10:10:00,7665.0,2026-10-20,7722.25,0,1,0.0,6459.999999999999,,,,
2026-09-30T10:11:00,2026-09-30T10:10:00,7670.0,2026-10-12,7727.25,0,83,0.0,370595.0,0.0,0.4029126213592233,,
2026-09-30T10:11:00,2026-09-30T10:10:00,7670.0,2026-10-13,7727.25,0,1,0.0,4820.0,0.0,0.0037593984962406013,,
2026-09-30T10:11:00,2026-09-30T10:10:00,7670.0,2026-10-14,7727.25,0,153,0.0,817020.0000000001,0.0,3.477272727272727,,
2026-09-30T10:11:00,2026-09-30T10:10:00,7670.0,2026-10-15,7727.25,0,10,0.0,57000.0,0.0,0.2,,
2026-09-30T10:11:00,2026-09-30T10:10:00,7670.0,2026-10-16,7727.25,12,46,135660.0,275540.0,0.05429864253393665,0.15753424657534246,,
2026-09-30T10:11:00,2026-09-30T10:10:00,7670.0,2026-10-19,7727.25,3,13,35250.0,82680.0,0.03,0.104,,
2026-09-30T10:11:00,2026-09-30T10:10:00,7670.0,2026-10-20,7727.25,3,12,36270.00000000001,79440.00000000001,0.3333333333333333,0.1875,,
2026-09-30T10:11:00,2026-09-30T10:10:00,7675.0,2026-10-12,7732.25,13,39,116935.00000000001,180180.00000000003,0.11206896551724138,0.060842433697347896,,
2026-09-30T10:11:00,2026-09-30T10:10:00,7675.0,2026-10-13,7732.25,5,248,47150.0,1236280.0,0.026595744680851064,1.2462311557788945,,
2026-09-30T10:11:00,2026-09-30T10:10:00,7675.0,2026-10-14,7732.25,9,82,90270.0,451000.0,0.0782608695652174,0.3203125,,
2026-09-30T10:11:00,2026-09-30T10:10:00,7675.0,2026-10-15,7732.25,18,6,187560.0,35220.00000000001,0.036511156186612576,0.08,,
2026-09-30T10:11:00,2026-09-30T10:10:00,7675.0,2026-10-16,7732.25,30,274,328950.0,1638520.0,0.042735042735042736,0.11397670549084858,,
2026-09-30T10:11:00,2026-09-30T10:10:00,7675.0,2026-10-19,7732.25,1,47,11410.0,306440.0,0.007352941176470588,0.41964285714285715,,
2026-09-30T10:11:00,2026-09-30T10:10:00,7675.0,2026-10-20,7732.25,0,2,0.0,13569.999999999998,0.0,0.019230769230769232,,
2026-09-30T10:11:00,2026-09-30T10:10:00,7680.0,2026-10-12,7737.25,4,121,34640.0,579590.0,0.04878048780487805,0.3457142857142857,,
2026-09-30T10:11:00,2026-09-30T10:10:00,7680.0,2026-10-13,7737.25,6,52,54600.0,267540.0,0.08695652173913043,0.2290748898678414,,
2026-09-30T10:11:00,2026-09-30T10:10:00,7680.0,2026-10-14,7737.25,1,104,9710.0,589680.0,0.03225806451612903,1.7333333333333334,,
2026-09-30T10:11:00,2026-09-30T10:10:00,7680.0,2026-10-15,7737.25,0,10,0.0,60400.0,0.0,0.05235602094240838,,
2026-09-30T10:11:00,2026-09-30T10:10:00,7680.0,2026-10-16,7737.25,16,42,170160.0,265650.0,0.06986899563318777,0.09813084112149532,,
2026-09-30T10:11:00,2026-09-30T10:10:00,7680.0,2026-10-19,7737.25,0,50,0.0,334249.99999999994,0.0,0.31645569620253167,,
2026-09-30T10:11:00,2026-09-30T10:10:00,7680.0,2026-10-20,7737.25,5,16,57150.0,111200.0,0.5555555555555556,0.3404255319148936,,
2026-09-30T10:11:00,2026-09-30T10:10:00,7685.0,2026-10-12,7742.25,1,0,8330.0,0.0,0.010309278350515464,0.0,,
2026-09-30T10:11:00,2026-09-30T10:10:00,7685.0,2026-10-13,7742.25,601,1,5270770.0,5320.0,12.26530612244898,0.022222222222222223,,
2026-09-30T10:11:00,2026-09-30T10:10:00,7685.0,2026-10-14,7742.25,3,2,28139.999999999996,11680.000000000002,0.11538461538461539,0.2857142857142857,,
2026-09-30T10:11:00,2026-09-30T10:10:00,7685.0,2026-10-15,7742.25,4,2,39080.0,12440.0,0.047058823529411764,0.09090909090909091,,
2026-09-30T10:11:00,2026-09-30T10:10:00,7685.0,2026-10-16,7742.25,49,39,505435.00000000006,253304.99999999997,0.2722222222222222,0.13732394366197184,,
2026-09-30T10:11:00,2026-09-30T10:10:00,7685.0,2026-10-19,7742.25,0,11,0.0,75570.0,0.0,0.6875,,
2026-09-30T10:11:00,2026-09-30T10:10:00,7685.0,2026-10-20,7742.25,0,0,0.0,0.0,,,,
2026-09-30T10:11:00,2026-09-30T10:10:00,7690.0,2026-10-12,7747.25,8,2,64120.00000000001,10280.000000000002,0.09876543209876543,0.006802721088435374,,
2026-09-30T10:11:00,2026-09-30T10:10:00,7690.0,2026-10-13,7747.25,4,7,33800.0,38500.0,0.06557377049180328,0.06862745098039216,,
2026-09-30T10:11:00,2026-09-30T10:10:00,7690.0,2026-10-14,7747.25,8,113,72480.0,680825.0,0.05,1.591549295774648,,
2026-09-30T10:11:00,2026-09-30T10:10:00,7690.0,2026-10-15,7747.25,15,1,141825.0,6400.0,0.6521739130434783,0.041666666666666664,,
2026-09-30T10:11:00,2026-09-30T10:10:00,7690.0,2026-10-16,7747.25,51,29,509490.00000000006,193575.0,0.24056603773584906,0.125,,
2026-09-30T10:11:00,2026-09-30T10:10:00,7690.0,2026-10-19,7747.25,1,3,10430.0,21135.000000000004,0.014705882352941176,0.02608695652173913,,
2026-09-30T10:11:00,2026-09-30T10:10:00,7690.0,2026-10-20,7747.25,61,7,658190.0,51169.99999999999,5.083333333333333,0.022082018927444796,,
2026-09-30T10:11:00,2026-09-30T10:10:00,7695.0,2026-10-12,7752.25,2,10,15380.000000000002,53200.0,0.15384615384615385,0.14925373134328357,,
2026-09-30T10:11:00,2026-09-30T10:10:00,7695.0,2026-10-13,7752.25,1,7,8140.000000000001,39760.0,0.016666666666666666,0.1891891891891892,,
2026-09-30T10:11:00,2026-09-30T10:10:00,7695.0,2026-10-14,7752.25,4,9,35000.0,55890.0,0.2,0.8181818181818182,,
2026-09-30T10:11:00,2026-09-30T10:10:00,7695.0,2026-10-15,7752.25,2,2,18270.0,13160.0,0.18181818181818182,0.021505376344086023,,
2026-09-30T10:11:00,2026-09-30T10:10:00,7695.0,2026-10-16,7752.25,40,15,387000.0,102825.00000000003,0.24691358024691357,0.04643962848297214,,
2026-09-30T10:11:00,2026-09-30T10:10:00,7695.0,2026-10-19,7752.25,30,0,303600.0,0.0,0.967741935483871,,,
2026-09-30T10:11:00,2026-09-30T10:10:00,7695.0,2026-10-20,7752.25,0,0,0.0,0.0,,,,
2026-09-30T10:11:00,2026-09-30T10:10:00,7700.0,2026-10-12,7757.25,27,24,199260.0,132240.0,0.02833158447009444,0.020185029436501262,,
2026-09-30T10:11:00,2026-09-30T10:10:00,7700.0,2026-10-13,7757.25,25,32,195625.0,188000.0,0.013594344752582926,0.07459207459207459,,
2026-09-30T10:11:00,2026-09-30T10:10:00,7700.0,2026-10-14,7757.25,56,479,472640.00000000006,3065600.0,0.5045045045045045,2.280952380952381,,
2026-09-30T10:11:00,2026-09-30T10:10:00,7700.0,2026-10-15,7757.25,15,39,132300.0,264030.0,0.030303030303030304,0.08552631578947369,,
2026-09-30T10:11:00,2026-09-30T10:10:00,7700.0,2026-10-16,7757.25,150,183,1404750.0,1289234.9999999998,0.1079913606911447,0.08798076923076924,,
2026-09-30T10:11:00,2026-09-30T10:10:00,7700.0,2026-10-19,7757.25,32,68,314080.0,504560.00000000006,0.22695035460992907,0.15632183908045977,,
2026-09-30T10:11:00,2026-09-30T10:10:00,7700.0,2026-10-20,7757.25,26,3,264030.0,23039.999999999996,0.5652173913043478,0.058823529411764705,,
2026-09-30T10:11:00,2026-09-30T10:10:00,7705.0,2026-10-12,7762.25,2,6,14160.0,34229.99999999999,0.08695652173913043,0.06896551724137931,,
2026-09-30T10:11:00,2026-09-30T10:10:00,7705.0,2026-10-13,7762.25,31,8,233120.00000000003,48560.0,0.38271604938271603,0.8,,
2026-09-30T10:11:00,2026-09-30T10:10:00,7705.0,2026-10-14,7762.25,19,4,154470.0,26380.0,1.1176470588235294,1.3333333333333333,,
2026-09-30T10:11:00,2026-09-30T10:10:00,7705.0,2026-10-15,7762.25,20,14,170500.0,97510.00000000001,1.6666666666666667,0.10687022900763359,,
2026-09-30T10:11:00,2026-09-30T10:10:00,7705.0,2026-10-16,7762.25,78,77,706290.0,557480.0,0.33766233766233766,0.3392070484581498,,
2026-09-30T10:11:00,2026-09-30T10:10:00,7705.0,2026-10-19,7762.25,3,0,28529.999999999996,0.0,0.0967741935483871,0.0,,
2026-09-30T10:11:00,2026-09-30T10:10:00,7705.0,2026-10-20,7762.25,0,1,0.0,7870.0,,,,
2026-09-30T10:11:00,2026-09-30T10:10:00,7710.0,2026-10-12,7767.25,64,6,433920.0,35460.0,0.05342237061769616,0.05454545454545454,,
2026-09-30T10:11:00,2026-09-30T10:10:00,7710.0,2026-10-13,7767.25,18,14,129960.00000000001,87850.0,0.1487603305785124,0.2028985507246377,,
2026-09-30T10:11:00,2026-09-30T10:10:00,7710.0,2026-10-14,7767.25,91,153,712530.0,1040400.0,0.1657559198542805,2.55,,
2026-09-30T10:11:00,2026-09-30T10:10:00,7710.0,2026-10-15,7767.25,83,223,682260.0,1598910.0,1.509090909090909,1.457516339869281,,
2026-09-30T10:11:00,2026-09-30T10:10:00,7710.0,2026-10-16,7767.25,128,24,1120640.0000000002,178440.0,0.3506849315068493,0.11822660098522167,,
2026-09-30T10:11:00,2026-09-30T10:10:00,7710.0,2026-10-19,7767.25,34,14,312800.0,109270.0,0.3177570093457944,0.18421052631578946,,
2026-09-30T10:11:00,2026-09-30T10:10:00,7710.0,2026-10-20,7767.25,6,0,57270.00000000001,0.0,0.15,0.0,,
2026-09-30T10:11:00,2026-09-30T10:10:00,7715.0,2026-10-12,7772.25,19,5,123310.00000000001,30600.0,0.5135135135135135,0.08928571428571429,,
2026-09-30T10:11:00,2026-09-30T10:10:00,7715.0,2026-10-13,7772.25,36,6,249300.0,38879.99999999999,0.6206896551724138,0.1935483870967742,,
2026-09-30T10:11:00,2026-09-30T10:10:00,7715.0,2026-10-14,7772.25,19,54,143260.0,378000.0,3.8,10.8,,
2026-09-30T10:11:00,2026-09-30T10:10:00,7715.0,2026-10-15,7772.25,96,234,760800.0,1726920.0,5.052631578947368,117.0,,
2026-09-30T10:11:00,2026-09-30T10:10:00,7715.0,2026-10-16,7772.25,95,35,788500.0,267400.0,0.2777777777777778,0.1174496644295302,,
2026-09-30T10:11:00,2026-09-30T10:10:00,7715.0,2026-10-19,7772.25,8,1,71240.0,8005.0,,0.5,,
2026-09-30T10:11:00,2026-09-30T10:10:00,7715.0,2026-10-20,7772.25,11,9,101695.0,74385.0,,,,
2026-09-30T10:11:00,2026-09-30T10:10:00,7720.0,2026-10-12,7777.25,35,6,217350.0,37979.99999999999,0.036382536382536385,0.17142857142857143,,
2026-09-30T10:11:00,2026-09-30T10:10:00,7720.0,2026-10-13,7777.25,75,25,498000.0,167250.00000000003,1.3636363636363635,0.6944444444444444,,
2026-09-30T10:11:00,2026-09-30T10:10:00,7720.0,2026-10-14,7777.25,37,82,268250.0,591630.0,0.3217391304347826,5.125,,
2026-09-30T10:11:00,2026-09-30T10:10:00,7720.0,2026-10-15,7777.25,74,8,565360.0,60720.00000000001,0.4774193548387097,0.4444444444444444,,
2026-09-30T10:11:00,2026-09-30T10:10:00,7720.0,2026-10-16,7777.25,17,23,136169.99999999997,180550.0,0.05573770491803279,0.04852320675105485,,
2026-09-30T10:11:00,2026-09-30T10:10:00,7720.0,2026-10-19,7777.25,20,2,172200.0,16430.0,0.30303030303030304,0.03278688524590164,,
2026-09-30T10:11:00,2026-09-30T10:10:00,7720.0,2026-10-20,7777.25,28,46,250740.0,389850.0,0.8,0.3770491803278688,,
2026-09-30T10:11:00,2026-09-30T10:10:00,7725.0,2026-10-12,7782.25,11,25,65285.0,163999.99999999997,0.019855595667870037,0.048828125,,
2026-09-30T10:11:00,2026-09-30T10:10:00,7725.0,2026-10-13,7782.25,17,4,108205.0,27639.999999999996,0.3541666666666667,0.23529411764705882,,
2026-09-30T10:11:00,2026-09-30T10:10:00,7725.0,2026-10-14,7782.25,7,43,48790.0,319490.0,0.030042918454935622,1.131578947368421,,
2026-09-30T10:11:00,2026-09-30T10:10:00,7725.0,2026-10-15,7782.25,59,17,434239.99999999994,132600.0,0.34104046242774566,0.12408759124087591,,
2026-09-30T10:11:00,2026-09-30T10:10:00,7725.0,2026-10-16,7782.25,28,64,220779.99999999997,516160.00000000006,0.028397565922920892,0.13008130081300814,,
2026-09-30T10:11:00,2026-09-30T10:10:00,7725.0,2026-10-19,7782.25,8,52,66600.0,438100.0,0.07017543859649122,0.2857142857142857,,
2026-09-30T10:11:00,2026-09-30T10:10:00,7725.0,2026-10-20,7782.25,1,1,8665.0,8685.0,0.02631578947368421,0.007518796992481203,,
2026-09-30T10:11:00,2026-09-30T10:10:00,7730.0,2026-10-12,7787.25,10,37,56600.0,250860.0,0.06451612903225806,1.3703703703703705,,
2026-09-30T10:11:00,2026-09-30T10:10:00,7730.0,2026-10-13,7787.25,0,15,0.0,107100.0,0.0,0.5172413793103449,,
2026-09-30T10:11:00,2026-09-30T10:10:00,7730.0,2026-10-14,7787.25,97,17,649900.0,130219.99999999999,2.8529411764705883,0.5666666666666667,,
2026-09-30T10:11:00,2026-09-30T10:10:00,7730.0,2026-10-15,7787.25,25,3,177250.00000000003,24089.999999999996,0.22935779816513763,0.3,,
2026-09-30T10:11:00,2026-09-30T10:10:00,7730.0,2026-10-16,7787.25,24,23,182520.00000000003,190555.0,0.10300429184549356,0.09387755102040816,,
2026-09-30T10:11:00,2026-09-30T10:10:00,7730.0,2026-10-19,7787.25,6,9,48270.00000000001,77805.0,0.05555555555555555,0.2727272727272727,,
2026-09-30T10:11:00,2026-09-30T10:10:00,7730.0,2026-10-20,7787.25,0,46,0.0,409630.0,0.0,0.3865546218487395,,
2026-09-30T10:11:00,2026-09-30T10:10:00,7735.0,2026-10-12,7792.25,2,1,10800.0,7020.0,0.03389830508474576,0.05,,
2026-09-30T10:11:00,2026-09-30T10:10:00,7735.0,2026-10-13,7792.25,10,2,58300.0,14730.000000000002,0.18181818181818182,1.0,,
2026-09-30T10:11:00,2026-09-30T10:10:00,7735.0,2026-10-14,7792.25,4,2,25700.0,15780.000000000002,0.09090909090909091,1.0,,
2026-09-30T10:11:00,2026-09-30T10:10:00,7735.0,2026-10-15,7792.25,0,0,0.0,0.0,0.0,0.0,,
2026-09-30T10:11:00,2026-09-30T10:10:00,7735.0,2026-10-16,7792.25,0,27,0.0,229635.00000000003,0.0,0.13917525773195877,,
2026-09-30T10:11:00,2026-09-30T10:10:00,7735.0,2026-10-19,7792.25,0,0,0.0,0.0,0.0,,,
2026-09-30T10:11:00,2026-09-30T10:10:00,7735.0,2026-10-20,7792.25,0,0,0.0,0.0,,,,
2026-09-30T10:11:00,2026-09-30T10:10:00,7740.0,2026-10-12,7797.25,49,7,251860.00000000003,50819.99999999999,0.5157894736842106,0.17073170731707318,,
2026-09-30T10:11:00,2026-09-30T10:10:00,7740.0,2026-10-13,7797.25,10,4,55650.0,30460.000000000004,0.11627906976744186,0.13333333333333333,,
2026-09-30T10:11:00,2026-09-30T10:10:00,7740.0,2026-10-14,7797.25,40,0,246800.0,0.0,0.26143790849673204,0.0,,
2026-09-30T10:11:00,2026-09-30T10:10:00,7740.0,2026-10-15,7797.25,30,0,196650.00000000006,0.0,0.2054794520547945,0.0,,
2026-09-30T10:11:00,2026-09-30T10:10:00,7740.0,2026-10-16,7797.25,20,9,138100.00000000003,78615.0,0.027700831024930747,0.05421686746987952,,
2026-09-30T10:11:00,2026-09-30T10:10:00,7740.0,2026-10-19,7797.25,7,3,52500.0,27300.0,0.09090909090909091,0.13636363636363635,,
2026-09-30T10:11:00,2026-09-30T10:10:00,7740.0,2026-10-20,7797.25,2,5,15660.0,46725.0,0.08695652173913043,0.11363636363636363,,
2026-09-30T10:11:00,2026-09-30T10:10:00,7745.0,2026-10-12,7802.25,1,0,4890.000000000001,0.0,0.016129032258064516,0.0,,
2026-09-30T10:11:00,2026-09-30T10:10:00,7745.0,2026-10-13,7802.25,1,0,5320.0,0.0,0.03333333333333333,0.0,,
2026-09-30T10:11:00,2026-09-30T10:10:00,7745.0,2026-10-14,7802.25,9,0,53190.0,0.0,0.13846153846153847,0.0,,
2026-09-30T10:11:00,2026-09-30T10:10:00,7745.0,2026-10-15,7802.25,2,2,12600.0,17460.0,0.16666666666666666,0.2857142857142857,,
2026-09-30T10:11:00,2026-09-30T10:10:00,7745.0,2026-10-16,7802.25,11,3,74855.00000000001,26925.0,0.0763888888888889,0.034482758620689655,,
2026-09-30T10:11:00,2026-09-30T10:10:00,7745.0,2026-10-19,7802.25,0,0,0.0,0.0,0.0,,,
2026-09-30T10:11:00,2026-09-30T10:10:00,7745.0,2026-10-20,7802.25,0,0,0.0,0.0,,,,
2026-09-30T10:11:00,2026-09-30T10:10:00,7750.0,2026-10-12,7807.25,114,64,530100.0,496960.00000000006,0.1371841155234657,0.10884353741496598,,
2026-09-30T10:11:00,2026-09-30T10:10:00,7750.0,2026-10-13,7807.25,17,0,86190.00000000001,0.0,0.04709141274238227,0.0,,
2026-09-30T10:11:00,2026-09-30T10:10:00,7750.0,2026-10-14,7807.25,23,9,130180.0,77580.0,0.02274975272007913,0.009375,,
2026-09-30T10:11:00,2026-09-30T10:10:00,7750.0,2026-10-15,7807.25,16,4,96640.00000000001,35920.0,0.021447721179624665,0.007936507936507936,,
2026-09-30T10:11:00,2026-09-30T10:10:00,7750.0,2026-10-16,7807.25,59,1547,386154.99999999994,14000350.0,0.04143258426966292,0.18902737047898338,,
2026-09-30T10:11:00,2026-09-30T10:10:00,7750.0,2026-10-19,7807.25,2,32,13950.0,306080.0,0.005319148936170213,0.10355987055016182,,
2026-09-30T10:11:00,2026-09-30T10:10:00,7750.0,2026-10-20,7807.25,5,46,36525.0,451490.00000000006,0.004512635379061372,0.21100917431192662,,
2026-09-30T10:11:00,2026-09-30T10:10:00,7755.0,2026-10-12,7812.25,2,11,8840.0,88440.00000000001,0.046511627906976744,0.34375,,
2026-09-30T10:11:00,2026-09-30T10:10:00,7755.0,2026-10-13,7812.25,13,0,62790.0,0.0,1.8571428571428572,0.0,,
2026-09-30T10:11:00,2026-09-30T10:10:00,7755.0,2026-10-14,7812.25,41,0,222220.00000000003,0.0,0.5061728395061729,0.0,,
2026-09-30T10:11:00,2026-09-30T10:10:00,7755.0,2026-10-15,7812.25,1,0,5800.0,0.0,0.2,0.0,,
2026-09-30T10:11:00,2026-09-30T10:10:00,7755.0,2026-10-16,7812.25,12,6,75540.00000000001,56790.00000000001,0.075,0.03508771929824561,,
2026-09-30T10:11:00,2026-09-30T10:10:00,7755.0,2026-10-19,7812.25,9,0,60480.00000000001,0.0,2.25,,,
2026-09-30T10:11:00,2026-09-30T10:10:00,7760.0,2026-10-12,7817.25,1,160,4195.0,1329600.0,0.008403361344537815,0.898876404494382,,
2026-09-30T10:11:00,2026-09-30T10:10:00,7760.0,2026-10-13,7817.25,2,2,9200.0,17280.0,0.021505376344086023,0.058823529411764705,,
2026-09-30T10:11:00,2026-09-30T10:10:00,7760.0,2026-10-14,7817.25,43,20,223170.00000000003,182800.0,0.5375,0.35714285714285715,,
2026-09-30T10:11:00,2026-09-30T10:10:00,7760.0,2026-10-15,7817.25,1,2,5559.999999999999,19000.0,0.022222222222222223,0.25,,
2026-09-30T10:11:00,2026-09-30T10:10:00,7760.0,2026-10-16,7817.25,12,1,72600.0,9555.000000000002,0.0262582056892779,0.0029498525073746312,,
2026-09-30T10:11:00,2026-09-30T10:10:00,7760.0,2026-10-19,7817.25,3,3,19410.000000000004,30195.000000000004,0.03896103896103896,0.2,,
2026-09-30T10:11:00,2026-09-30T10:10:00,7760.0,2026-10-20,7817.25,11,0,74745.0,0.0,0.2558139534883721,0.0,,
2026-09-30T10:11:00,2026-09-30T10:10:00,7765.0,2026-10-12,7822.25,10,7,39750.0,60130.00000000001,0.38461538461538464,0.4117647058823529,,
2026-09-30T10:11:00,2026-09-30T10:10:00,7765.0,2026-10-13,7822.25,22,3,96359.99999999999,26760.000000000004,0.43137254901960786,1.0,,
2026-09-30T10:11:00,2026-09-30T10:10:00,7765.0,2026-10-14,7822.25,31,0,153605.0,0.0,2.3846153846153846,0.0,,
2026-09-30T10:11:00,2026-09-30T10:10:00,7765.0,2026-10-15,7822.25,5,0,26625.0,0.0,5.0,0.0,,
2026-09-30T10:11:00,2026-09-30T10:10:00,7765.0,2026-10-16,7822.25,23,12,133630.0,119760.00000000001,0.10550458715596331,0.07741935483870968,,
2026-09-30T10:11:00,2026-09-30T10:10:00,7770.0,2026-10-12,7827.25,43,27,161679.99999999997,239760.0,0.3739130434782609,0.34615384615384615,,
2026-09-30T10:11:00,2026-09-30T10:10:00,7770.0,2026-10-13,7827.25,12,9,49919.99999999999,82800.0,0.5454545454545454,0.6428571428571429,,
2026-09-30T10:11:00,2026-09-30T10:10:00,7770.0,2026-10-14,7827.25,13,2,61490.0,19360.0,0.24074074074074073,0.5,,
2026-09-30T10:11:00,2026-09-30T10:10:00,7770.0,2026-10-15,7827.25,1,0,5100.0,0.0,0.018867924528301886,0.0,,
2026-09-30T10:11:00,2026-09-30T10:10:00,7770.0,2026-10-16,7827.25,11,10,61379.99999999999,102450.0,0.029411764705882353,0.10309278350515463,,
2026-09-30T10:11:00,2026-09-30T10:10:00,7770.0,2026-10-19,7827.25,4,2,23960.000000000004,21160.0,0.0851063829787234,0.020202020202020204,,
2026-09-30T10:11:00,2026-09-30T10:10:00,7770.0,2026-10-20,7827.25,0,0,0.0,0.0,0.0,0.0,,
2026-09-30T10:11:00,2026-09-30T10:10:00,7775.0,2026-10-12,7832.25,60,0,213300.0,0.0,0.08995502248875563,0.0,,
2026-09-30T10:11:00,2026-09-30T10:10:00,7775.0,2026-10-13,7832.25,1,8,3950.0,75920.0,0.006493506493506494,0.4,,
2026-09-30T10:11:00,2026-09-30T10:10:00,7775.0,2026-10-14,7832.25,10,1,45200.0,9970.0,0.014265335235378032,0.02040816326530612,,
2026-09-30T10:11:00,2026-09-30T10:10:00,7775.0,2026-10-15,7832.25,36,0,175680.0,0.0,0.15584415584415584,0.0,,
2026-09-30T10:11:00,2026-09-30T10:10:00,7775.0,2026-10-16,7832.25,46,10,246100.0,105150.0,0.04368471035137702,0.021231422505307854,,
2026-09-30T10:11:00,2026-09-30T10:10:00,7775.0,2026-10-19,7832.25,0,0,0.0,0.0,0.0,0.0,,
2026-09-30T10:11:00,2026-09-30T10:10:00,7775.0,2026-10-20,7832.25,0,0,0.0,0.0,0.0,0.0,,
2026-09-30T10:11:00,2026-09-30T10:10:00,7780.0,2026-10-12,7837.25,5,5,16799.999999999996,47400.0,0.025,0.14285714285714285,,
2026-09-30T10:11:00,2026-09-30T10:10:00,7780.0,2026-10-13,7837.25,23,0,86135.0,0.0,0.5111111111111111,0.0,,
2026-09-30T10:11:00,2026-09-30T10:10:00,7780.0,2026-10-14,7837.25,4,1,17220.0,10250.0,0.0547945205479452,0.038461538461538464,,
2026-09-30T10:11:00,2026-09-30T10:10:00,7780.0,2026-10-15,7837.25,9,1,41985.0,10600.0,0.15517241379310345,0.5,,
2026-09-30T10:11:00,2026-09-30T10:10:00,7780.0,2026-10-16,7837.25,42,3,215460.0,32384.999999999996,0.10194174757281553,0.013636363636363636,,
2026-09-30T10:11:00,2026-09-30T10:10:00,7780.0,2026-10-19,7837.25,0,0,0.0,0.0,0.0,0.0,,
2026-09-30T10:11:00,2026-09-30T10:10:00,7780.0,2026-10-20,7837.25,1,0,5850.0,0.0,0.02857142857142857,0.0,,
2026-09-30T10:11:00,2026-09-30T10:10:00,7785.0,2026-10-12,7842.25,18,0,57150.0,0.0,0.0288,0.0,,
2026-09-30T10:11:00,2026-09-30T10:10:00,7785.0,2026-10-13,7842.25,0,0,0.0,0.0,0.0,0.0,,
2026-09-30T10:11:00,2026-09-30T10:10:00,7785.0,2026-10-14,7842.25,0,1,0.0,10550.0,0.0,1.0,,
2026-09-30T10:11:00,2026-09-30T10:10:00,7785.0,2026-10-15,7842.25,12,0,53519.99999999999,0.0,0.9230769230769231,,,
2026-09-30T10:11:00,2026-09-30T10:10:00,7785.0,2026-10-16,7842.25,5,15,24575.0,166200.00000000003,0.007112375533428165,0.2112676056338028,,
2026-09-30T10:11:00,2026-09-30T10:10:00,7790.0,2026-10-12,7847.25,14,5,42000.0,50550.0,0.0979020979020979,0.21739130434782608,,
2026-09-30T10:11:00,2026-09-30T10:10:00,7790.0,2026-10-13,7847.25,4,1,13460.0,10400.0,0.23529411764705882,0.25,,
2026-09-30T10:11:00,2026-09-30T10:10:00,7790.0,2026-10-14,7847.25,8,2,31200.0,21700.0,0.1951219512195122,0.08695652173913043,,
2026-09-30T10:11:00,2026-09-30T10:10:00,7790.0,2026-10-15,7847.25,8,1,34079.99999999999,11190.0,0.11940298507462686,0.125,,
2026-09-30T10:11:00,2026-09-30T10:10:00,7790.0,2026-10-16,7847.25,24,11,112919.99999999999,125069.99999999999,0.030927835051546393,0.1774193548387097,,
2026-09-30T10:11:00,2026-09-30T10:10:00,7790.0,2026-10-19,7847.25,0,0,0.0,0.0,0.0,0.0,,
2026-09-30T10:11:00,2026-09-30T10:10:00,7790.0,2026-10-20,7847.25,1,0,5400.0,0.0,0.043478260869565216,0.0,,
2026-09-30T10:11:00,2026-09-30T10:10:00,7795.0,2026-10-12,7852.25,3,8,8444.999999999998,83440.0,0.04918032786885246,0.26666666666666666,,
2026-09-30T10:11:00,2026-09-30T10:10:00,7795.0,2026-10-13,7852.25,12,2,38220.00000000001,21440.0,0.8571428571428571,2.0,,
2026-09-30T10:11:00,2026-09-30T10:10:00,7795.0,2026-10-14,7852.25,2,0,7430.0,0.0,1.0,,,
2026-09-30T10:11:00,2026-09-30T10:10:00,7795.0,2026-10-15,7852.25,21,0,85259.99999999999,0.0,0.03756708407871199,0.0,,
2026-09-30T10:11:00,2026-09-30T10:10:00,7795.0,2026-10-16,7852.25,24,15,108119.99999999999,174975.0,0.08888888888888889,0.23076923076923078,,
2026-09-30T10:11:00,2026-09-30T10:10:00,7800.0,2026-10-12,7857.25,99,1,262845.0,10755.000000000002,0.18401486988847585,0.005813953488372093,,
2026-09-30T10:11:00,2026-09-30T10:10:00,7800.0,2026-10-13,7857.25,11,50,33110.0,552250.0,0.06875,0.7142857142857143,,
2026-09-30T10:11:00,2026-09-30T10:10:00,7800.0,2026-10-14,7857.25,422,34,1487550.0,390320.0,0.34477124183006536,0.10461538461538461,,
2026-09-30T10:11:00,2026-09-30T10:10:00,7800.0,2026-10-15,7857.25,19,1,73530.0,11800.0,0.028358208955223882,0.2,,
2026-09-30T10:11:00,2026-09-30T10:10:00,7800.0,2026-10-16,7857.25,128,27,551040.0,323189.99999999994,0.05820827648931332,0.042789223454833596,,
2026-09-30T10:11:00,2026-09-30T10:10:00,7800.0,2026-10-19,7857.25,22,1,103180.00000000001,12270.0,0.04954954954954955,0.029411764705882353,,
2026-09-30T10:11:00,2026-09-30T10:10:00,7800.0,2026-10-20,7857.25,23,0,114539.99999999999,0.0,0.06865671641791045,0.0,,
2026-09-30T10:11:00,2026-09-30T10:10:00,7805.0,2026-10-12,7862.25,17,0,42415.0,0.0,0.2073170731707317,,,
2026-09-30T10:11:00,2026-09-30T10:10:00,7805.0,2026-10-13,7862.25,3,0,8519.999999999998,0.0,0.23076923076923078,,,
2026-09-30T10:11:00,2026-09-30T10:10:00,7805.0,2026-10-14,7862.25,2,1,6719.999999999999,11800.0,1.0,,,
2026-09-30T10:11:00,2026-09-30T10:10:00,7805.0,2026-10-15,7862.25,7,0,25830.000000000007,0.0,0.5833333333333334,,,
2026-09-30T10:11:00,2026-09-30T10:10:00,7805.0,2026-10-16,7862.25,17,10,69955.0,122750.0,0.06995884773662552,0.13513513513513514,,
2026-09-30T10:11:00,2026-09-30T10:10:00,7810.0,2026-10-12,7867.25,4,0,9380.000000000002,0.0,0.044444444444444446,0.0,,
2026-09-30T10:11:00,2026-09-30T10:10:00,7810.0,2026-10-13,7867.25,9,0,24120.0,0.0,0.2571428571428571,0.0,,
2026-09-30T10:11:00,2026-09-30T10:10:00,7810.0,2026-10-14,7867.25,9,1,28620.0,12130.0,0.17307692307692307,0.5,,
2026-09-30T10:11:00,2026-09-30T10:10:00,7810.0,2026-10-15,7867.25,22,0,77219.99999999999,0.0,0.24175824175824176,0.0,,
2026-09-30T10:11:00,2026-09-30T10:10:00,7810.0,2026-10-16,7867.25,30,12,117900.0,151019.99999999997,0.05199306759098787,0.1111111111111111,,
2026-09-30T10:11:00,2026-09-30T10:10:00,7810.0,2026-10-19,7867.25,1,0,4300.0,0.0,0.02857142857142857,0.0,,
2026-09-30T10:11:00,2026-09-30T10:10:00,7810.0,2026-10-20,7867.25,7,0,32130.000000000007,0.0,0.3888888888888889,0.0,,
2026-09-30T10:11:00,2026-09-30T10:10:00,7815.0,2026-10-12,7872.25,10,0,21950.000000000004,0.0,0.14705882352941177,,,
2026-09-30T10:11:00,2026-09-30T10:10:00,7815.0,2026-10-13,7872.25,2,0,5050.0,0.0,0.07142857142857142,,,
2026-09-30T10:11:00,2026-09-30T10:10:00,7815.0,2026-10-14,7872.25,0,0,0.0,0.0,0.0,,,
2026-09-30T10:11:00,2026-09-30T10:10:00,7815.0,2026-10-15,7872.25,4,1,13360.000000000002,12770.0,1.3333333333333333,,,
2026-09-30T10:11:00,2026-09-30T10:10:00,7815.0,2026-10-16,7872.25,954,14,3443939.9999999995,180670.00000000003,1.7798507462686568,0.3333333333333333,,
2026-09-30T10:11:00,2026-09-30T10:10:00,7820.0,2026-10-12,7877.25,10,0,20600.0,0.0,0.17543859649122806,0.0,,
2026-09-30T10:11:00,2026-09-30T10:10:00,7820.0,2026-10-13,7877.25,7,0,16660.0,0.0,0.0707070707070707,0.0,,
2026-09-30T10:11:00,2026-09-30T10:10:00,7820.0,2026-10-14,7877.25,2,0,5720.0,0.0,0.08333333333333333,0.0,,
2026-09-30T10:11:00,2026-09-30T10:10:00,7820.0,2026-10-15,7877.25,9,0,28575.0,0.0,0.16981132075471697,0.0,,
2026-09-30T10:11:00,2026-09-30T10:10:00,7820.0,2026-10-16,7877.25,37,0,132460.0,0.0,0.11280487804878049,0.0,,
2026-09-30T10:11:00,2026-09-30T10:10:00,7820.0,2026-10-19,7877.25,9,0,35370.0,0.0,0.23076923076923078,0.0,,
2026-09-30T10:11:00,2026-09-30T10:10:00,7820.0,2026-10-20,7877.25,0,0,0.0,0.0,0.0,,,
2026-09-30T10:11:00,2026-09-30T10:10:00,7825.0,2026-10-12,7882.25,70,0,135800.0,0.0,0.22435897435897437,0.0,,
2026-09-30T10:11:00,2026-09-30T10:10:00,7825.0,2026-10-13,7882.25,58,0,129919.99999999999,0.0,0.01782421634910879,0.0,,
2026-09-30T10:11:00,2026-09-30T10:10:00,7825.0,2026-10-14,7882.25,13,0,35230.0,0.0,0.06018518518518518,0.0,,
2026-09-30T10:11:00,2026-09-30T10:10:00,7825.0,2026-10-15,7882.25,92,0,277380.0,0.0,0.609271523178808,0.0,,
2026-09-30T10:11:00,2026-09-30T10:10:00,7825.0,2026-10-16,7882.25,39,8,127725.0,108520.0,0.00959409594095941,0.05128205128205128,,
2026-09-30T10:11:00,2026-09-30T10:10:00,7825.0,2026-10-19,7882.25,1,0,3759.9999999999995,0.0,0.001326259946949602,0.0,,
2026-09-30T10:11:00,2026-09-30T10:10:00,7825.0,2026-10-20,7882.25,11,0,44329.99999999999,0.0,0.28205128205128205,,,
2026-09-30T10:11:00,2026-09-30T10:10:00,7830.0,2026-10-12,7887.25,58,0,104689.99999999999,0.0,0.038900067069081154,0.0,,
2026-09-30T10:11:00,2026-09-30T10:10:00,7830.0,2026-10-13,7887.25,24,0,50400.0,0.0,0.5853658536585366,0.0,,
2026-09-30T10:11:00,2026-09-30T10:10:00,7830.0,2026-10-14,7887.25,12,0,30779.999999999996,0.0,0.5,0.0,,
2026-09-30T10:11:00,2026-09-30T10:10:00,7830.0,2026-10-15,7887.25,13,0,37245.0,0.0,0.22033898305084745,0.0,,
2026-09-30T10:11:00,2026-09-30T10:10:00,7830.0,2026-10-16,7887.25,84,0,273000.0,0.0,0.43523316062176165,0.0,,
2026-09-30T10:11:00,2026-09-30T10:10:00,7830.0,2026-10-19,7887.25,25,1,89750.00000000001,14160.0,0.49019607843137253,0.5,,
2026-09-30T10:11:00,2026-09-30T10:10:00,7830.0,2026-10-20,7887.25,3,0,11579.999999999998,0.0,0.03260869565217391,0.0,,
2026-09-30T10:11:00,2026-09-30T10:10:00,7835.0,2026-10-12,7892.25,35,0,58975.0,0.0,0.28225806451612906,0.0,,
2026-09-30T10:11:00,2026-09-30T10:10:00,7835.0,2026-10-13,7892.25,11,0,21725.0,0.0,2.2,,,
2026-09-30T10:11:00,2026-09-30T10:10:00,7835.0,2026-10-16,7892.25,28,0,86520.0,0.0,0.11428571428571428,0.0,,
2026-09-30T10:11:00,2026-09-30T10:10:00,7840.0,2026-10-12,7897.25,17,0,26775.0,0.0,0.013364779874213837,0.0,,
2026-09-30T10:11:00,2026-09-30T10:10:00,7840.0,2026-10-13,7897.25,3,0,5564.999999999999,0.0,0.15,0.0,,
2026-09-30T10:11:00,2026-09-30T10:10:00,7840.0,2026-10-14,7897.25,3,0,6869.999999999999,0.0,0.6,,,
2026-09-30T10:11:00,2026-09-30T10:10:00,7840.0,2026-10-15,7897.25,52,0,133900.0,0.0,2.4761904761904763,,,
2026-09-30T10:11:00,2026-09-30T10:10:00,7840.0,2026-10-16,7897.25,18,0,52919.99999999999,0.0,0.09326424870466321,0.0,,
2026-09-30T10:11:00,2026-09-30T10:10:00,7840.0,2026-10-19,7897.25,7,0,22890.000000000004,0.0,0.08139534883720931,0.0,,
2026-09-30T10:11:00,2026-09-30T10:10:00,7840.0,2026-10-20,7897.25,0,7,0.0,105070.0,0.0,3.5,,
2026-09-30T10:11:00,2026-09-30T10:10:00,7845.0,2026-10-12,7902.25,2,0,2960.0,0.0,0.0032520325203252032,,,
2026-09-30T10:11:00,2026-09-30T10:10:00,7845.0,2026-10-13,7902.25,3,0,5235.000000000001,0.0,0.6,0.0,,
2026-09-30T10:11:00,2026-09-30T10:10:00,7845.0,2026-10-16,7902.25,13,0,36400.0,0.0,0.1368421052631579,0.0,,
2026-09-30T10:11:00,2026-09-30T10:10:00,7850.0,2026-10-12,7907.25,128,0,176000.0,0.0,0.09602400600150038,0.0,,
2026-09-30T10:11:00,2026-09-30T10:10:00,7850.0,2026-10-13,7907.25,11,0,17985.000000000004,0.0,0.030985915492957747,0.0,,
2026-09-30T10:11:00,2026-09-30T10:10:00,7850.0,2026-10-14,7907.25,1393,1,2834755.0000000005,14955.000000000002,15.829545454545455,0.16666666666666666,,
2026-09-30T10:11:00,2026-09-30T10:10:00,7850.0,2026-10-15,7907.25,17,1,39185.0,15205.000000000002,0.059233449477351915,0.1,,
2026-09-30T10:11:00,2026-09-30T10:10:00,7850.0,2026-10-16,7907.25,96,2,255360.00000000003,30350.0,0.04440333024976873,0.002398081534772182,,
2026-09-30T10:11:00,2026-09-30T10:10:00,7850.0,2026-10-19,7907.25,43,0,127709.99999999999,0.0,0.1634980988593156,0.0,,
2026-09-30T10:11:00,2026-09-30T10:10:00,7850.0,2026-10-20,7907.25,0,0,0.0,0.0,0.0,0.0,,
2026-09-30T10:11:00,2026-09-30T10:10:00,7855.0,2026-10-16,7912.25,33,0,83160.00000000001,0.0,0.29464285714285715,0.0,,
2026-09-30T10:11:00,2026-09-30T10:10:00,7860.0,2026-10-12,7917.25,11,0,13144.999999999998,0.0,0.18333333333333332,0.0,,
2026-09-30T10:11:00,2026-09-30T10:10:00,7860.0,2026-10-13,7917.25,15,0,21525.0,0.0,0.16666666666666666,0.0,,
2026-09-30T10:11:00,2026-09-30T10:10:00,7860.0,2026-10-14,7917.25,78,0,141180.00000000003,0.0,2.2285714285714286,0.0,,
2026-09-30T10:11:00,2026-09-30T10:10:00,7860.0,2026-10-15,7917.25,5,0,10325.0,0.0,0.08196721311475409,,,
2026-09-30T10:11:00,2026-09-30T10:10:00,7860.0,2026-10-16,7917.25,10,1,23950.000000000004,16019.999999999998,0.03333333333333333,0.022727272727272728,,
2026-09-30T10:11:00,2026-09-30T10:10:00,7860.0,2026-10-19,7917.25,0,0,0.0,0.0,0.0,,,
2026-09-30T10:11:00,2026-09-30T10:10:00,7860.0,2026-10-20,7917.25,0,0,0.0,0.0,0.0,0.0,,
2026-09-30T10:11:00,2026-09-30T10:10:00,7865.0,2026-10-16,7922.25,35,0,79450.00000000001,0.0,0.29411764705882354,0.0,,
2026-09-30T10:11:00,2026-09-30T10:10:00,7870.0,2026-10-12,7927.25,18,0,18630.0,0.0,0.43902439024390244,,,
2026-09-30T10:11:00,2026-09-30T10:10:00,7870.0,2026-10-13,7927.25,7,0,8785.0,0.0,0.12962962962962962,,,
2026-09-30T10:11:00,2026-09-30T10:10:00,7870.0,2026-10-14,7927.25,46,1,73830.0,16514.999999999996,5.111111111111111,,,
2026-09-30T10:11:00,2026-09-30T10:10:00,7870.0,2026-10-15,7927.25,1,0,1845.0000000000002,0.0,0.09090909090909091,,,
2026-09-30T10:11:00,2026-09-30T10:10:00,7870.0,2026-10-16,7927.25,9,0,19350.0,0.0,0.02735562310030395,0.0,,
2026-09-30T10:11:00,2026-09-30T10:10:00,7870.0,2026-10-19,7927.25,0,0,0.0,0.0,0.0,,,
2026-09-30T10:11:00,2026-09-30T10:10:00,7870.0,2026-10-20,7927.25,3,0,7994.999999999999,0.0,0.6,0.0,,
2026-09-30T10:11:00,2026-09-30T10:10:00,7875.0,2026-10-12,7932.25,7,0,6720.0,0.0,0.012867647058823529,,,
2026-09-30T10:11:00,2026-09-30T10:10:00,7875.0,2026-10-13,7932.25,9,0,10575.0,0.0,0.09782608695652174,0.0,,
2026-09-30T10:11:00,2026-09-30T10:10:00,7875.0,2026-10-14,7932.25,42,0,63210.0,0.0,0.12389380530973451,0.0,,
2026-09-30T10:11:00,2026-09-30T10:10:00,7875.0,2026-10-15,7932.25,16,0,27839.999999999996,0.0,0.14678899082568808,0.0,,
2026-09-30T10:11:00,2026-09-30T10:10:00,7875.0,2026-10-16,7932.25,19,0,38760.0,0.0,0.013728323699421965,0.0,,
2026-09-30T10:11:00,2026-09-30T10:10:00,7875.0,2026-10-19,7932.25,5,0,11600.0,0.0,0.03759398496240601,,,
2026-09-30T10:11:00,2026-09-30T10:10:00,7875.0,2026-10-20,7932.25,8,0,20320.0,0.0,0.064,0.0,,
2026-09-30T10:11:00,2026-09-30T10:10:00,7880.0,2026-10-12,7937.25,2,0,1789.9999999999998,0.0,0.02531645569620253,0.0,,
2026-09-30T10:11:00,2026-09-30T10:10:00,7880.0,2026-10-13,7937.25,2,0,2190.0,0.0,0.0425531914893617,,,
2026-09-30T10:11:00,2026-09-30T10:10:00,7880.0,2026-10-14,7937.25,22,0,31130.0,0.0,0.3548387096774194,,,
2026-09-30T10:11:00,2026-09-30T10:10:00,7880.0,2026-10-15,7937.25,7,0,11515.000000000002,0.0,0.10294117647058823,,,
2026-09-30T10:11:00,2026-09-30T10:10:00,7880.0,2026-10-16,7937.25,19,0,36669.99999999999,0.0,0.06354515050167224,0.0,,
2026-09-30T10:11:00,2026-09-30T10:10:00,7880.0,2026-10-19,7937.25,6,0,13200.0,0.0,0.17142857142857143,,,
2026-09-30T10:11:00,2026-09-30T10:10:00,7880.0,2026-10-20,7937.25,0,0,0.0,0.0,0.0,,,
2026-09-30T10:11:00,2026-09-30T10:10:00,7885.0,2026-10-16,7942.25,31,1,53475.0,17860.000000000004,0.2605042016806723,0.14285714285714285,,
2026-09-30T10:11:00,2026-09-30T10:10:00,7890.0,2026-10-12,7947.25,5,0,3825.0,0.0,0.2,0.0,,
2026-09-30T10:11:00,2026-09-30T10:10:00,7890.0,2026-10-13,7947.25,2,0,1910.0000000000002,0.0,0.05555555555555555,,,
2026-09-30T10:11:00,2026-09-30T10:10:00,7890.0,2026-10-14,7947.25,58,0,72790.00000000001,0.0,5.2727272727272725,,,
2026-09-30T10:11:00,2026-09-30T10:10:00,7890.0,2026-10-15,7947.25,8,0,11680.000000000002,0.0,0.8888888888888888,,,
2026-09-30T10:11:00,2026-09-30T10:10:00,7890.0,2026-10-16,7947.25,0,0,0.0,0.0,0.0,0.0,,
2026-09-30T10:11:00,2026-09-30T10:10:00,7890.0,2026-10-19,7947.25,1,0,1985.0000000000002,0.0,0.2,,,
2026-09-30T10:11:00,2026-09-30T10:10:00,7890.0,2026-10-20,7947.25,3,0,6555.000000000001,0.0,0.6,,,
2026-09-30T10:11:00,2026-09-30T10:10:00,7895.0,2026-10-16,7952.25,6,0,9840.0,0.0,0.04225352112676056,0.0,,
2026-09-30T10:11:00,2026-09-30T10:10:00,7900.0,2026-10-12,7957.25,57,0,37620.0,0.0,0.10052910052910052,0.0,,
2026-09-30T10:11:00,2026-09-30T10:10:00,7900.0,2026-10-13,7957.25,13,0,10725.0,0.0,0.037463976945244955,,,
2026-09-30T10:11:00,2026-09-30T10:10:00,7900.0,2026-10-14,7957.25,70,0,77000.0,0.0,0.1715686274509804,0.0,,
2026-09-30T10:11:00,2026-09-30T10:10:00,7900.0,2026-10-15,7957.25,100,0,129500.0,0.0,0.33783783783783783,0.0,,
2026-09-30T10:11:00,2026-09-30T10:10:00,7900.0,2026-10-16,7957.25,105,1,162750.0,19089.999999999996,0.027301092043681748,0.001310615989515072,,
2026-09-30T10:11:00,2026-09-30T10:10:00,7900.0,2026-10-19,7957.25,22,0,39270.00000000001,0.0,0.06769230769230769,,,
2026-09-30T10:11:00,2026-09-30T10:10:00,7900.0,2026-10-20,7957.25,33,0,65175.0,0.0,0.4925373134328358,0.0,,
2026-09-30T10:11:00,2026-09-30T10:10:00,7905.0,2026-10-16,7962.25,16,0,23360.0,0.0,0.0975609756097561,0.0,,
2026-09-30T10:11:00,2026-09-30T10:10:00,7910.0,2026-10-12,7967.25,28,0,15820.000000000002,0.0,0.3146067415730337,,,
2026-09-30T10:11:00,2026-09-30T10:10:00,7910.0,2026-10-13,7967.25,11,0,7865.000000000001,0.0,0.2894736842105263,,,
2026-09-30T10:11:00,2026-09-30T10:10:00,7910.0,2026-10-14,7967.25,15,0,14475.0,0.0,0.30612244897959184,,,
2026-09-30T10:11:00,2026-09-30T10:10:00,7910.0,2026-10-15,7967.25,39,0,44654.99999999999,0.0,0.319672131147541,,,
2026-09-30T10:11:00,2026-09-30T10:10:00,7910.0,2026-10-16,7967.25,36,0,49680.0,0.0,0.10746268656716418,0.0,,
2026-09-30T10:11:00,2026-09-30T10:10:00,7910.0,2026-10-19,7967.25,0,0,0.0,0.0,0.0,,,
2026-09-30T10:11:00,2026-09-30T10:10:00,7910.0,2026-10-20,7967.25,30,0,53550.0,0.0,0.7142857142857143,,,
2026-09-30T10:11:00,2026-09-30T10:10:00,7915.0,2026-10-16,7972.25,20,0,26000.0,0.0,0.07936507936507936,0.0,,
2026-09-30T10:11:00,2026-09-30T10:10:00,7920.0,2026-10-12,7977.25,15,0,7275.0,0.0,0.061224489795918366,,,
2026-09-30T10:11:00,2026-09-30T10:10:00,7920.0,2026-10-13,7977.25,10,0,6250.0,0.0,0.5555555555555556,0.0,,
2026-09-30T10:11:00,2026-09-30T10:10:00,7920.0,2026-10-14,7977.25,40,0,34000.0,0.0,0.5063291139240507,,,
2026-09-30T10:11:00,2026-09-30T10:10:00,7920.0,2026-10-15,7977.25,2,0,2030.0,0.0,0.028169014084507043,,,
2026-09-30T10:11:00,2026-09-30T10:10:00,7920.0,2026-10-16,7977.25,32,0,39360.0,0.0,0.08421052631578947,0.0,,
2026-09-30T10:11:00,2026-09-30T10:10:00,7920.0,2026-10-19,7977.25,0,0,0.0,0.0,0.0,,,
2026-09-30T10:11:00,2026-09-30T10:10:00,7920.0,2026-10-20,7977.25,1,0,1610.0000000000002,0.0,0.023255813953488372,,,
2026-09-30T10:11:00,2026-09-30T10:10:00,7925.0,2026-10-12,7982.25,19,0,8550.0,0.0,0.019916142557651992,0.0,,
2026-09-30T10:11:00,2026-09-30T10:10:00,7925.0,2026-10-13,7982.25,16,0,9280.000000000002,0.0,0.10596026490066225,,,
2026-09-30T10:11:00,2026-09-30T10:10:00,7925.0,2026-10-14,7982.25,77,0,61215.0,0.0,0.27697841726618705,,,
2026-09-30T10:11:00,2026-09-30T10:10:00,7925.0,2026-10-15,7982.25,36,1,34380.0,21320.0,0.2517482517482518,,,
2026-09-30T10:11:00,2026-09-30T10:10:00,7925.0,2026-10-16,7982.25,22,0,25520.0,0.0,0.006320022981901752,0.0,,
2026-09-30T10:11:00,2026-09-30T10:10:00,7925.0,2026-10-19,7982.25,7,0,9520.0,0.0,0.0673076923076923,,,
2026-09-30T10:11:00,2026-09-30T10:10:00,7925.0,2026-10-20,7982.25,2,0,3050.0,0.0,0.03125,,,
2026-09-30T10:11:00,2026-09-30T10:10:00,7930.0,2026-10-12,7987.25,7,0,2939.9999999999995,0.0,0.35,,,
2026-09-30T10:11:00,2026-09-30T10:10:00,7930.0,2026-10-13,7987.25,2,0,1080.0,0.0,0.07142857142857142,,,
2026-09-30T10:11:00,2026-09-30T10:10:00,7930.0,2026-10-14,7987.25,23,0,17135.0,0.0,23.0,,,
2026-09-30T10:11:00,2026-09-30T10:10:00,7930.0,2026-10-15,7987.25,4,0,3579.9999999999995,0.0,,,,
2026-09-30T10:11:00,2026-09-30T10:10:00,7930.0,2026-10-16,7987.25,25,0,27500.0,0.0,0.07122507122507123,0.0,,
2026-09-30T10:11:00,2026-09-30T10:10:00,7935.0,2026-10-16,7992.25,19,0,19570.0,0.0,0.2087912087912088,0.0,,
2026-09-30T10:11:00,2026-09-30T10:10:00,7940.0,2026-10-12,7997.25,6,0,2160.0,0.0,0.21428571428571427,,,
2026-09-30T10:11:00,2026-09-30T10:10:00,7940.0,2026-10-13,7997.25,0,0,0.0,0.0,0.0,,,
2026-09-30T10:11:00,2026-09-30T10:10:00,7940.0,2026-10-14,7997.25,33,0,21615.000000000004,0.0,0.717391304347826,,,
2026-09-30T10:11:00,2026-09-30T10:10:00,7940.0,2026-10-15,7997.25,5,0,3975.0,0.0,0.10204081632653061,,,
2026-09-30T10:11:00,2026-09-30T10:10:00,7940.0,2026-10-16,7997.25,24,0,23400.0,0.0,0.06315789473684211,0.0,,
2026-09-30T10:11:00,2026-09-30T10:10:00,7945.0,2026-10-16,8002.25,0,0,0.0,0.0,0.0,0.0,,
2026-09-30T10:11:00,2026-09-30T10:10:00,7950.0,2026-10-12,8007.25,119,0,36890.0,0.0,0.1800302571860817,0.0,,
2026-09-30T10:11:00,2026-09-30T10:10:00,7950.0,2026-10-13,8007.25,206,0,83430.0,0.0,1.1256830601092895,,,
2026-09-30T10:11:00,2026-09-30T10:10:00,7950.0,2026-10-14,8007.25,155,0,89125.0,0.0,0.8857142857142857,,,
2026-09-30T10:11:00,2026-09-30T10:10:00,7950.0,2026-10-15,8007.25,33,0,23100.0,0.0,0.18333333333333332,,,
2026-09-30T10:11:00,2026-09-30T10:10:00,7950.0,2026-10-16,8007.25,70,0,60900.0,0.0,0.03659174072138003,0.0,,
2026-09-30T10:11:00,2026-09-30T10:10:00,7950.0,2026-10-19,8007.25,113,0,116390.00000000001,0.0,0.4035714285714286,,,
2026-09-30T10:11:00,2026-09-30T10:10:00,7950.0,2026-10-20,8007.25,1,0,1165.0,0.0,0.01098901098901099,,,
2026-09-30T10:11:00,2026-09-30T10:10:00,7955.0,2026-10-16,8012.25,8,0,6559.999999999999,0.0,0.026936026936026935,0.0,,
2026-09-30T10:11:00,2026-09-30T10:10:00,7960.0,2026-10-12,8017.25,10,0,2700.0,0.0,0.10309278350515463,,,
2026-09-30T10:11:00,2026-09-30T10:10:00,7960.0,2026-10-13,8017.25,0,0,0.0,0.0,0.0,,,
2026-09-30T10:11:00,2026-09-30T10:10:00,7960.0,2026-10-16,8017.25,1,0,769.9999999999999,0.0,0.0032258064516129032,0.0,,
2026-09-30T10:11:00,2026-09-30T10:10:00,7965.0,2026-10-16,8022.25,4,0,2920.0000000000005,0.0,0.023668639053254437,0.0,,
2026-09-30T10:11:00,2026-09-30T10:10:00,7970.0,2026-10-16,8027.25,38,0,26030.0,0.0,0.030063291139240507,0.0,,
2026-09-30T10:11:00,2026-09-30T10:10:00,7975.0,2026-10-12,8032.25,24,0,5339.999999999999,0.0,0.05228758169934641,0.0,,
2026-09-30T10:11:00,2026-09-30T10:10:00,7975.0,2026-10-13,8032.25,27,0,7830.0,0.0,0.3333333333333333,,,
2026-09-30T10:11:00,2026-09-30T10:10:00,7975.0,2026-10-14,8032.25,35,0,14525.0,0.0,0.18229166666666666,,,
2026-09-30T10:11:00,2026-09-30T10:10:00,7975.0,2026-10-15,8032.25,6,0,3090.0,0.0,0.061855670103092786,,,
2026-09-30T10:11:00,2026-09-30T10:10:00,7975.0,2026-10-16,8032.25,64,0,38079.99999999999,0.0,0.02006898714330511,0.0,,
2026-09-30T10:11:00,2026-09-30T10:10:00,7975.0,2026-10-19,8032.25,2,0,1570.0,0.0,0.0030581039755351682,0.0,,
2026-09-30T10:11:00,2026-09-30T10:10:00,7975.0,2026-10-20,8032.25,2,0,1789.9999999999998,0.0,0.019801980198019802,,,
2026-09-30T10:11:00,2026-09-30T10:10:00,7980.0,2026-10-16,8037.25,2,0,1130.0,0.0,0.003795066413662239,0.0,,
2026-09-30T10:11:00,2026-09-30T10:10:00,7985.0,2026-10-16,8042.25,1,0,575.0,0.0,0.001564945226917058,,,
2026-09-30T10:11:00,2026-09-30T10:10:00,7990.0,2026-10-16,8047.25,31,0,16895.0,0.0,0.02622673434856176,0.0,,
2026-09-30T10:11:00,2026-09-30T10:10:00,7995.0,2026-10-16,8052.25,12,0,6180.0,0.0,0.3333333333333333,,,
2026-09-30T10:11:00,2026-09-30T10:10:00,8000.0,2026-10-12,8057.25,18,0,2925.0,0.0,0.03870967741935484,0.0,,
2026-09-30T10:11:00,2026-09-30T10:10:00,8000.0,2026-10-13,8057.25,273,0,58012.5,0.0,1.75,,,
2026-09-30T10:11:00,2026-09-30T10:10:00,8000.0,2026-10-14,8057.25,154,0,47355.0,0.0,0.4375,,,
2026-09-30T10:11:00,2026-09-30T10:10:00,8000.0,2026-10-15,8057.25,54,0,20520.0,0.0,0.20689655172413793,,,
2026-09-30T10:11:00,2026-09-30T10:10:00,8000.0,2026-10-16,8057.25,206,1,99909.99999999999,28164.999999999996,0.07471889735219442,0.014285714285714285,,
2026-09-30T10:11:00,2026-09-30T10:10:00,8000.0,2026-10-19,8057.25,122,0,71980.0,0.0,0.24110671936758893,0.0,,
2026-09-30T10:11:00,2026-09-30T10:10:00,8000.0,2026-10-20,8057.25,1,0,680.0000000000001,0.0,0.002352941176470588,,,
2026-09-30T10:11:00,2026-09-30T10:10:00,8005.0,2026-10-16,8062.25,4,0,1839.9999999999998,0.0,0.07547169811320754,,,
2026-09-30T10:11:00,2026-09-30T10:10:00,8010.0,2026-10-16,8067.25,16,0,6880.000000000001,0.0,0.018411967779056387,0.0,,
2026-09-30T10:11:00,2026-09-30T10:10:00,8015.0,2026-10-16,8072.25,1,0,409.99999999999994,0.0,0.03125,,,
2026-09-30T10:11:00,2026-09-30T10:10:00,8020.0,2026-10-16,8077.25,5,0,1950.0,0.0,0.024271844660194174,0.0,,
2026-09-30T10:11:00,2026-09-30T10:10:00,8025.0,2026-10-12,8082.25,17,0,2082.5000000000005,0.0,0.07692307692307693,0.0,,
2026-09-30T10:11:00,2026-09-30T10:10:00,8025.0,2026-10-13,8082.25,2,0,315.0,0.0,0.01694915254237288,,,
2026-09-30T10:11:00,2026-09-30T10:10:00,8025.0,2026-10-14,8082.25,54,0,12419.999999999998,0.0,0.34838709677419355,,,
2026-09-30T10:11:00,2026-09-30T10:10:00,8025.0,2026-10-15,8082.25,11,0,3135.0,0.0,0.0625,0.0,,
2026-09-30T10:11:00,2026-09-30T10:10:00,8025.0,2026-10-16,8082.25,436,0,146060.0,0.0,0.19719583898688375,0.0,,
2026-09-30T10:11:00,2026-09-30T10:10:00,8025.0,2026-10-19,8082.25,17,0,7564.999999999999,0.0,0.04632152588555858,,,
2026-09-30T10:11:00,2026-09-30T10:10:00,8025.0,2026-10-20,8082.25,2,0,1039.9999999999998,0.0,0.006644518272425249,,,
2026-09-30T10:11:00,2026-09-30T10:10:00,8030.0,2026-10-16,8087.25,12,0,3840.0000000000005,0.0,0.008522727272727272,0.0,,
2026-09-30T10:11:00,2026-09-30T10:10:00,8035.0,2026-10-16,8092.25,0,0,0.0,0.0,0.0,,,
2026-09-30T10:11:00,2026-09-30T10:10:00,8040.0,2026-10-16,8097.25,97,1,30555.0,31989.999999999996,0.28869047619047616,0.2,,
2026-09-30T10:11:00,2026-09-30T10:10:00,8045.0,2026-10-16,8102.25,0,0,0.0,0.0,0.0,0.0,,
2026-09-30T10:11:00,2026-09-30T10:10:00,8050.0,2026-10-12,8107.25,12,0,1170.0,0.0,0.14285714285714285,,,
2026-09-30T10:11:00,2026-09-30T10:10:00,8050.0,2026-10-13,8107.25,0,0,0.0,0.0,0.0,,,
2026-09-30T10:11:00,2026-09-30T10:10:00,8050.0,2026-10-14,8107.25,61,0,10827.5,0.0,0.22344322344322345,,,
2026-09-30T10:11:00,2026-09-30T10:10:00,8050.0,2026-10-15,8107.25,2,0,444.99999999999994,0.0,0.02247191011235955,,,
2026-09-30T10:11:00,2026-09-30T10:10:00,8050.0,2026-10-16,8107.25,63,1,16380.000000000002,32955.0,0.0053639846743295016,0.058823529411764705,,
2026-09-30T10:11:00,2026-09-30T10:10:00,8050.0,2026-10-19,8107.25,2,0,690.0,0.0,0.0025974025974025974,,,
2026-09-30T10:11:00,2026-09-30T10:10:00,8050.0,2026-10-20,8107.25,2,0,810.0,0.0,0.0136986301369863,,,
2026-09-30T10:11:00,2026-09-30T10:10:00,8055.0,2026-10-16,8112.25,60,0,16349.999999999996,0.0,8.571428571428571,,,
2026-09-30T10:11:00,2026-09-30T10:10:00,8060.0,2026-10-16,8117.25,12,0,2820.0000000000005,0.0,0.018604651162790697,0.0,,
2026-09-30T10:11:00,2026-09-30T10:10:00,8065.0,2026-10-16,8122.25,0,0,0.0,0.0,0.0,,,
2026-09-30T10:11:00,2026-09-30T10:10:00,8070.0,2026-10-16,8127.25,9,0,2115.0,0.0,0.03225806451612903,,,
2026-09-30T10:11:00,2026-09-30T10:10:00,8075.0,2026-10-12,8132.25,15,0,1237.5,0.0,0.3333333333333333,,,
2026-09-30T10:11:00,2026-09-30T10:10:00,8075.0,2026-10-13,8132.25,1,0,100.0,0.0,0.002976190476190476,,,
2026-09-30T10:11:00,2026-09-30T10:10:00,8075.0,2026-10-14,8132.25,22,0,3135.0,0.0,0.21359223300970873,,,
2026-09-30T10:11:00,2026-09-30T10:10:00,8075.0,2026-10-15,8132.25,0,0,0.0,0.0,0.0,,,
2026-09-30T10:11:00,2026-09-30T10:10:00,8075.0,2026-10-16,8132.25,0,0,0.0,0.0,0.0,0.0,,
2026-09-30T10:11:00,2026-09-30T10:10:00,8075.0,2026-10-19,8132.25,0,0,0.0,0.0,0.0,0.0,,
2026-09-30T10:11:00,2026-09-30T10:10:00,8075.0,2026-10-20,8132.25,0,0,0.0,0.0,0.0,,,
2026-09-30T10:11:00,2026-09-30T10:10:00,8080.0,2026-10-16,8137.25,10,0,2150.0000000000005,0.0,0.032362459546925564,0.0,,
2026-09-30T10:11:00,2026-09-30T10:10:00,8085.0,2026-10-16,8142.25,0,0,0.0,0.0,0.0,,,
2026-09-30T10:11:00,2026-09-30T10:10:00,8090.0,2026-10-16,8147.25,0,0,0.0,0.0,0.0,,,
2026-09-30T10:11:00,2026-09-30T10:10:00,8095.0,2026-10-16,8152.25,0,0,0.0,0.0,0.0,,,
2026-09-30T10:11:00,2026-09-30T10:10:00,8100.0,2026-10-12,8157.25,1,0,70.0,0.0,0.0049504950495049506,,,
2026-09-30T10:11:00,2026-09-30T10:10:00,8100.0,2026-10-13,8157.25,1,0,85.00000000000001,0.0,0.03571428571428571,0.0,,
2026-09-30T10:11:00,2026-09-30T10:10:00,8100.0,2026-10-14,8157.25,31,0,3565.0,0.0,0.14027149321266968,,,
2026-09-30T10:11:00,2026-09-30T10:10:00,8100.0,2026-10-15,8157.25,3,0,427.50000000000006,0.0,0.02054794520547945,,,
2026-09-30T10:11:00,2026-09-30T10:10:00,8100.0,2026-10-16,8157.25,21,0,3780.0000000000005,0.0,0.03716814159292035,0.0,,
2026-09-30T10:11:00,2026-09-30T10:10:00,8100.0,2026-10-19,8157.25,60,0,13050.0,0.0,0.8333333333333334,0.0,,
2026-09-30T10:11:00,2026-09-30T10:10:00,8100.0,2026-10-20,8157.25,0,0,0.0,0.0,0.0,,,
2026-09-30T10:11:00,2026-09-30T10:10:00,8105.0,2026-10-16,8162.25,0,0,0.0,0.0,0.0,,,
2026-09-30T10:11:00,2026-09-30T10:10:00,8110.0,2026-10-16,8167.25,3,0,502.50000000000006,0.0,0.020134228187919462,0.0,,
2026-09-30T10:11:00,2026-09-30T10:10:00,8115.0,2026-10-16,8172.25,0,0,0.0,0.0,0.0,,,
2026-09-30T10:11:00,2026-09-30T10:10:00,8120.0,2026-10-16,8177.25,1,0,140.0,0.0,0.0031746031746031746,0.0,,
2026-09-30T10:11:00,2026-09-30T10:10:00,8125.0,2026-10-12,8182.25,0,0,0.0,0.0,0.0,,,
2026-09-30T10:11:00,2026-09-30T10:10:00,8125.0,2026-10-13,8182.25,0,0,0.0,0.0,0.0,,,
2026-09-30T10:11:00,2026-09-30T10:10:00,8125.0,2026-10-14,8182.25,5,0,487.5,0.0,0.38461538461538464,,,
2026-09-30T10:11:00,2026-09-30T10:10:00,8125.0,2026-10-15,8182.25,1,0,117.5,0.0,0.09090909090909091,,,
2026-09-30T10:11:00,2026-09-30T10:10:00,8125.0,2026-10-16,8182.25,0,0,0.0,0.0,0.0,,,
2026-09-30T10:11:00,2026-09-30T10:10:00,8125.0,2026-10-19,8182.25,0,0,0.0,0.0,0.0,,,
2026-09-30T10:11:00,2026-09-30T10:10:00,8125.0,2026-10-20,8182.25,2,0,405.0,0.0,0.13333333333333333,,,
2026-09-30T10:11:00,2026-09-30T10:10:00,8130.0,2026-10-16,8187.25,1,0,142.5,0.0,0.005917159763313609,0.0,,
2026-09-30T10:11:00,2026-09-30T10:10:00,8135.0,2026-10-16,8192.25,0,0,0.0,0.0,0.0,,,
2026-09-30T10:11:00,2026-09-30T10:10:00,8140.0,2026-10-16,8197.25,4,0,540.0,0.0,0.023809523809523808,0.0,,
2026-09-30T10:11:00,2026-09-30T10:10:00,8145.0,2026-10-16,8202.25,0,0,0.0,0.0,,,,
2026-09-30T10:11:00,2026-09-30T10:10:00,8150.0,2026-10-12,8207.25,0,0,0.0,0.0,0.0,,,
2026-09-30T10:11:00,2026-09-30T10:10:00,8150.0,2026-10-13,8207.25,2,0,129.99999999999997,0.0,1.0,,,
2026-09-30T10:11:00,2026-09-30T10:10:00,8150.0,2026-10-14,8207.25,4,0,330.0,0.0,0.8,,,
2026-09-30T10:11:00,2026-09-30T10:10:00,8150.0,2026-10-15,8207.25,2,0,200.0,0.0,0.14285714285714285,,,
2026-09-30T10:11:00,2026-09-30T10:10:00,8150.0,2026-10-16,8207.25,0,0,0.0,0.0,0.0,0.0,,
2026-09-30T10:11:00,2026-09-30T10:10:00,8150.0,2026-10-19,8207.25,60,0,8850.0,0.0,0.9836065573770492,,,
2026-09-30T10:11:00,2026-09-30T10:10:00,8150.0,2026-10-20,8207.25,0,0,0.0,0.0,0.0,,,
2026-09-30T10:11:00,2026-09-30T10:10:00,8155.0,2026-10-16,8212.25,0,0,0.0,0.0,0.0,,,
2026-09-30T10:11:00,2026-09-30T10:10:00,8160.0,2026-10-16,8217.25,1,0,117.5,0.0,0.004629629629629629,,,
2026-09-30T10:11:00,2026-09-30T10:10:00,8170.0,2026-10-16,8227.25,2,0,220.00000000000003,0.0,0.006535947712418301,0.0,,
2026-09-30T10:11:00,2026-09-30T10:10:00,8175.0,2026-10-12,8232.25,0,0,0.0,0.0,0.0,,,
2026-09-30T10:11:00,2026-09-30T10:10:00,8175.0,2026-10-13,8232.25,0,0,0.0,0.0,,,,
2026-09-30T10:11:00,2026-09-30T10:10:00,8175.0,2026-10-14,8232.25,1,0,72.50000000000001,0.0,1.0,,,
2026-09-30T10:11:00,2026-09-30T10:10:00,8175.0,2026-10-15,8232.25,0,0,0.0,0.0,0.0,,,
2026-09-30T10:11:00,2026-09-30T10:10:00,8175.0,2026-10-16,8232.25,256,0,27520.0,0.0,0.7901234567901234,0.0,,
2026-09-30T10:11:00,2026-09-30T10:10:00,8175.0,2026-10-19,8232.25,0,0,0.0,0.0,0.0,0.0,,
2026-09-30T10:11:00,2026-09-30T10:10:00,8175.0,2026-10-20,8232.25,0,0,0.0,0.0,0.0,,,
2026-09-30T10:11:00,2026-09-30T10:10:00,8180.0,2026-10-16,8237.25,1,0,105.0,0.0,0.006134969325153374,,,
2026-09-30T10:11:00,2026-09-30T10:10:00,8190.0,2026-10-16,8247.25,0,0,0.0,0.0,0.0,0.0,,
2026-09-30T10:11:00,2026-09-30T10:10:00,8200.0,2026-10-12,8257.25,1,0,45.0,0.0,0.006756756756756757,0.0,,
2026-09-30T10:11:00,2026-09-30T10:10:00,8200.0,2026-10-13,8257.25,0,0,0.0,0.0,0.0,,,
2026-09-30T10:11:00,2026-09-30T10:10:00,8200.0,2026-10-14,8257.25,0,0,0.0,0.0,0.0,,,
2026-09-30T10:11:00,2026-09-30T10:10:00,8200.0,2026-10-15,8257.25,1,0,77.49999999999999,0.0,0.058823529411764705,,,
2026-09-30T10:11:00,2026-09-30T10:10:00,8200.0,2026-10-16,8257.25,7,0,647.5,0.0,0.008393285371702638,0.0,,
2026-09-30T10:11:00,2026-09-30T10:10:00,8200.0,2026-10-19,8257.25,6,0,644.9999999999999,0.0,0.11764705882352941,,,
2026-09-30T10:11:00,2026-09-30T10:10:00,8200.0,2026-10-20,8257.25,0,0,0.0,0.0,0.0,,,
2026-09-30T10:11:00,2026-09-30T10:10:00,8210.0,2026-10-16,8267.25,0,0,0.0,0.0,0.0,,,
2026-09-30T10:11:00,2026-09-30T10:10:00,8220.0,2026-10-16,8277.25,4,0,340.00000000000006,0.0,0.04081632653061224,,,
2026-09-30T10:11:00,2026-09-30T10:10:00,8225.0,2026-10-12,8282.25,0,0,0.0,0.0,,,,
2026-09-30T10:11:00,2026-09-30T10:10:00,8225.0,2026-10-13,8282.25,1,0,50.0,0.0,0.3333333333333333,,,
2026-09-30T10:11:00,2026-09-30T10:10:00,8225.0,2026-10-14,8282.25,0,0,0.0,0.0,0.0,,,
2026-09-30T10:11:00,2026-09-30T10:10:00,8225.0,2026-10-15,8282.25,1,0,67.5,0.0,0.5,,,
2026-09-30T10:11:00,2026-09-30T10:10:00,8225.0,2026-10-16,8282.25,0,0,0.0,0.0,0.0,,,
2026-09-30T10:11:00,2026-09-30T10:10:00,8225.0,2026-10-19,8282.25,0,0,0.0,0.0,,,,
2026-09-30T10:11:00,2026-09-30T10:10:00,8225.0,2026-10-20,8282.25,0,0,0.0,0.0,0.0,,,
2026-09-30T10:11:00,2026-09-30T10:10:00,8230.0,2026-10-16,8287.25,1,0,80.0,0.0,0.003968253968253968,,,
2026-09-30T10:11:00,2026-09-30T10:10:00,8240.0,2026-10-16,8297.25,0,0,0.0,0.0,0.0,,,
2026-09-30T10:11:00,2026-09-30T10:10:00,8250.0,2026-10-12,8307.25,1,0,40.0,0.0,0.008,,,
2026-09-30T10:11:00,2026-09-30T10:10:00,8250.0,2026-10-13,8307.25,2,0,90.0,0.0,0.6666666666666666,,,
2026-09-30T10:11:00,2026-09-30T10:10:00,8250.0,2026-10-14,8307.25,0,0,0.0,0.0,,,,
2026-09-30T10:11:00,2026-09-30T10:10:00,8250.0,2026-10-15,8307.25,0,0,0.0,0.0,,,,
2026-09-30T10:11:00,2026-09-30T10:10:00,8250.0,2026-10-16,8307.25,0,0,0.0,0.0,0.0,0.0,,
2026-09-30T10:11:00,2026-09-30T10:10:00,8250.0,2026-10-19,8307.25,15,0,1237.5,0.0,2.5,,,
2026-09-30T10:11:00,2026-09-30T10:10:00,8250.0,2026-10-20,8307.25,0,0,0.0,0.0,0.0,,,
2026-09-30T10:11:00,2026-09-30T10:10:00,8260.0,2026-10-16,8317.25,3,0,209.99999999999997,0.0,0.05084745762711865,,,
2026-09-30T10:11:00,2026-09-30T10:10:00,8270.0,2026-10-16,8327.25,0,0,0.0,0.0,0.0,,,
2026-09-30T10:11:00,2026-09-30T10:10:00,8275.0,2026-10-12,8332.25,0,0,0.0,0.0,,,,
2026-09-30T10:11:00,2026-09-30T10:10:00,8275.0,2026-10-13,8332.25,0,0,0.0,0.0,,,,
2026-09-30T10:11:00,2026-09-30T10:10:00,8275.0,2026-10-14,8332.25,0,0,0.0,0.0,0.0,,,
2026-09-30T10:11:00,2026-09-30T10:10:00,8275.0,2026-10-15,8332.25,0,0,0.0,0.0,,,,
2026-09-30T10:11:00,2026-09-30T10:10:00,8275.0,2026-10-16,8332.25,0,0,0.0,0.0,0.0,0.0,,
2026-09-30T10:11:00,2026-09-30T10:10:00,8275.0,2026-10-19,8332.25,0,0,0.0,0.0,,,,
2026-09-30T10:11:00,2026-09-30T10:10:00,8275.0,2026-10-20,8332.25,0,0,0.0,0.0,0.0,,,
2026-09-30T10:11:00,2026-09-30T10:10:00,8280.0,2026-10-16,8337.25,0,0,0.0,0.0,0.0,0.0,,
2026-09-30T10:11:00,2026-09-30T10:10:00,8290.0,2026-10-16,8347.25,0,0,0.0,0.0,0.0,,,
2026-09-30T10:11:00,2026-09-30T10:10:00,8300.0,2026-10-12,8357.25,0,0,0.0,0.0,0.0,0.0,,
2026-09-30T10:11:00,2026-09-30T10:10:00,8300.0,2026-10-13,8357.25,0,0,0.0,0.0,0.0,,,
2026-09-30T10:11:00,2026-09-30T10:10:00,8300.0,2026-10-14,8357.25,0,0,0.0,0.0,0.0,,,
2026-09-30T10:11:00,2026-09-30T10:10:00,8300.0,2026-10-15,8357.25,0,0,0.0,0.0,0.0,,,
2026-09-30T10:11:00,2026-09-30T10:10:00,8300.0,2026-10-16,8357.25,0,0,0.0,0.0,0.0,0.0,,
2026-09-30T10:11:00,2026-09-30T10:10:00,8300.0,2026-10-19,8357.25,20,0,1350.0,0.0,0.6666666666666666,,,
2026-09-30T10:11:00,2026-09-30T10:10:00,8300.0,2026-10-20,8357.25,0,0,0.0,0.0,0.0,,,
2026-09-30T10:11:00,2026-09-30T10:10:00,8310.0,2026-10-16,8367.25,0,0,0.0,0.0,0.0,0.0,,
2026-09-30T10:11:00,2026-09-30T10:10:00,8320.0,2026-10-16,8377.25,0,0,0.0,0.0,0.0,,,
2026-09-30T10:11:00,2026-09-30T10:10:00,8325.0,2026-10-16,8382.25,0,0,0.0,0.0,0.0,,,
2026-09-30T10:11:00,2026-09-30T10:10:00,8330.0,2026-10-16,8387.25,0,0,0.0,0.0,0.0,0.0,,
2026-09-30T10:11:00,2026-09-30T10:10:00,8340.0,2026-10-16,8397.25,0,0,0.0,0.0,0.0,0.0,,
2026-09-30T10:11:00,2026-09-30T10:10:00,8350.0,2026-10-16,8407.25,0,0,0.0,0.0,0.0,0.0,,
2026-09-30T10:11:00,2026-09-30T10:10:00,8360.0,2026-10-16,8417.25,0,0,0.0,0.0,0.0,0.0,,
2026-09-30T10:11:00,2026-09-30T10:10:00,8370.0,2026-10-16,8427.25,0,0,0.0,0.0,,,,
2026-09-30T10:11:00,2026-09-30T10:10:00,8375.0,2026-10-16,8432.25,0,0,0.0,0.0,0.0,0.0,,
2026-09-30T10:11:00,2026-09-30T10:10:00,8380.0,2026-10-16,8437.25,0,0,0.0,0.0,0.0,,,
2026-09-30T10:11:00,2026-09-30T10:10:00,8390.0,2026-10-16,8447.25,0,0,0.0,0.0,0.0,,,
2026-09-30T10:11:00,2026-09-30T10:10:00,8400.0,2026-10-12,8457.25,0,0,0.0,0.0,0.0,,,
2026-09-30T10:11:00,2026-09-30T10:10:00,8400.0,2026-10-13,8457.25,0,0,0.0,0.0,0.0,,,
2026-09-30T10:11:00,2026-09-30T10:10:00,8400.0,2026-10-14,8457.25,1,0,35.0,0.0,0.08333333333333333,,,
2026-09-30T10:11:00,2026-09-30T10:10:00,8400.0,2026-10-15,8457.25,0,0,0.0,0.0,0.0,,,
2026-09-30T10:11:00,2026-09-30T10:10:00,8400.0,2026-10-16,8457.25,6,0,240.00000000000003,0.0,0.009244992295839754,0.0,,
2026-09-30T10:11:00,2026-09-30T10:10:00,8400.0,2026-10-19,8457.25,0,0,0.0,0.0,0.0,,,
2026-09-30T10:11:00,2026-09-30T10:10:00,8400.0,2026-10-20,8457.25,0,0,0.0,0.0,0.0,,,
2026-09-30T10:11:00,2026-09-30T10:10:00,8410.0,2026-10-16,8467.25,0,0,0.0,0.0,0.0,,,
2026-09-30T10:11:00,2026-09-30T10:10:00,8420.0,2026-10-16,8477.25,0,0,0.0,0.0,0.0,,,
2026-09-30T10:11:00,2026-09-30T10:10:00,8425.0,2026-10-16,8482.25,0,0,0.0,0.0,0.0,0.0,,
2026-09-30T10:11:00,2026-09-30T10:10:00,8430.0,2026-10-16,8487.25,0,0,0.0,0.0,,,,
2026-09-30T10:11:00,2026-09-30T10:10:00,8440.0,2026-10-16,8497.25,0,0,0.0,0.0,0.0,,,
2026-09-30T10:11:00,2026-09-30T10:10:00,8450.0,2026-10-16,8507.25,6,0,209.99999999999997,0.0,0.020689655172413793,0.0,,
2026-09-30T10:11:00,2026-09-30T10:10:00,8460.0,2026-10-16,8517.25,0,0,0.0,0.0,,,,
2026-09-30T10:11:00,2026-09-30T10:10:00,8470.0,2026-10-16,8527.25,0,0,0.0,0.0,0.0,,,
2026-09-30T10:11:00,2026-09-30T10:10:00,8475.0,2026-10-16,8532.25,0,0,0.0,0.0,0.0,,,
2026-09-30T10:11:00,2026-09-30T10:10:00,8480.0,2026-10-16,8537.25,0,0,0.0,0.0,,,,
2026-09-30T10:11:00,2026-09-30T10:10:00,8490.0,2026-10-16,8547.25,0,0,0.0,0.0,,,,
2026-09-30T10:11:00,2026-09-30T10:10:00,8500.0,2026-10-12,8557.25,0,0,0.0,0.0,0.0,,,
2026-09-30T10:11:00,2026-09-30T10:10:00,8500.0,2026-10-13,8557.25,0,0,0.0,0.0,,,,
2026-09-30T10:11:00,2026-09-30T10:10:00,8500.0,2026-10-14,8557.25,0,0,0.0,0.0,0.0,,,
2026-09-30T10:11:00,2026-09-30T10:10:00,8500.0,2026-10-15,8557.25,0,0,0.0,0.0,,,,
2026-09-30T10:11:00,2026-09-30T10:10:00,8500.0,2026-10-16,8557.25,0,0,0.0,0.0,0.0,0.0,,
2026-09-30T10:11:00,2026-09-30T10:10:00,8500.0,2026-10-19,8557.25,0,0,0.0,0.0,,,,
2026-09-30T10:11:00,2026-09-30T10:10:00,8500.0,2026-10-20,8557.25,0,0,0.0,0.0,,,,
2026-09-30T10:11:00,2026-09-30T10:10:00,8510.0,2026-10-16,8567.25,0,0,0.0,0.0,,,,
2026-09-30T10:11:00,2026-09-30T10:10:00,8520.0,2026-10-16,8577.25,0,0,0.0,0.0,0.0,,,
2026-09-30T10:11:00,2026-09-30T10:10:00,8525.0,2026-10-16,8582.25,0,0,0.0,0.0,,0.0,,
2026-09-30T10:11:00,2026-09-30T10:10:00,8530.0,2026-10-16,8587.25,0,0,0.0,0.0,0.0,,,
2026-09-30T10:11:00,2026-09-30T10:10:00,8540.0,2026-10-16,8597.25,0,0,0.0,0.0,0.0,,,
2026-09-30T10:11:00,2026-09-30T10:10:00,8550.0,2026-10-16,8607.25,0,0,0.0,0.0,0.0,0.0,,
2026-09-30T10:11:00,2026-09-30T10:10:00,8575.0,2026-10-16,8632.25,4,0,89.99999999999999,0.0,0.0016522098306484924,0.0,,
2026-09-30T10:11:00,2026-09-30T10:10:00,8600.0,2026-10-12,8657.25,0,0,0.0,0.0,0.0,,,
2026-09-30T10:11:00,2026-09-30T10:10:00,8600.0,2026-10-13,8657.25,0,0,0.0,0.0,0.0,,,
2026-09-30T10:11:00,2026-09-30T10:10:00,8600.0,2026-10-14,8657.25,1,0,20.0,0.0,1.0,,,
2026-09-30T10:11:00,2026-09-30T10:10:00,8600.0,2026-10-15,8657.25,0,0,0.0,0.0,0.0,0.0,,
2026-09-30T10:11:00,2026-09-30T10:10:00,8600.0,2026-10-16,8657.25,0,0,0.0,0.0,0.0,0.0,,
2026-09-30T10:11:00,2026-09-30T10:10:00,8600.0,2026-10-19,8657.25,0,0,0.0,0.0,0.0,,,
2026-09-30T10:11:00,2026-09-30T10:10:00,8600.0,2026-10-20,8657.25,0,0,0.0,0.0,0.0,,,
2026-09-30T10:11:00,2026-09-30T10:10:00,8625.0,2026-10-16,8682.25,0,0,0.0,0.0,0.0,0.0,,
2026-09-30T10:11:00,2026-09-30T10:10:00,8650.0,2026-10-16,8707.25,0,0,0.0,0.0,0.0,,,
2026-09-30T10:11:00,2026-09-30T10:10:00,8675.0,2026-10-16,8732.25,0,0,0.0,0.0,0.0,,,
2026-09-30T10:11:00,2026-09-30T10:10:00,8700.0,2026-10-16,8757.25,0,0,0.0,0.0,0.0,,,
2026-09-30T10:11:00,2026-09-30T10:10:00,8725.0,2026-10-16,8782.25,0,0,0.0,0.0,0.0,,,
2026-09-30T10:11:00,2026-09-30T10:10:00,8750.0,2026-10-16,8807.25,0,0,0.0,0.0,0.0,,,
2026-09-30T10:11:00,2026-09-30T10:10:00,8775.0,2026-10-16,8832.25,0,0,0.0,0.0,0.0,0.0,,
2026-09-30T10:11:00,2026-09-30T10:10:00,8800.0,2026-10-12,8857.25,0,0,0.0,0.0,0.0,,,
2026-09-30T10:11:00,2026-09-30T10:10:00,8800.0,2026-10-13,8857.25,0,0,0.0,0.0,0.0,,,
2026-09-30T10:11:00,2026-09-30T10:10:00,8800.0,2026-10-14,8857.25,0,0,0.0,0.0,0.0,,,
2026-09-30T10:11:00,2026-09-30T10:10:00,8800.0,2026-10-15,8857.25,0,0,0.0,0.0,0.0,,,
2026-09-30T10:11:00,2026-09-30T10:10:00,8800.0,2026-10-16,8857.25,0,0,0.0,0.0,0.0,0.0,,
2026-09-30T10:11:00,2026-09-30T10:10:00,8800.0,2026-10-19,8857.25,0,0,0.0,0.0,0.0,,,
2026-09-30T10:11:00,2026-09-30T10:10:00,8800.0,2026-10-20,8857.25,0,0,0.0,0.0,0.0,,,
2026-09-30T10:11:00,2026-09-30T10:10:00,8850.0,2026-10-16,8907.25,0,0,0.0,0.0,0.0,0.0,,
2026-09-30T10:11:00,2026-09-30T10:10:00,8900.0,2026-10-16,8957.25,0,0,0.0,0.0,0.0,0.0,,
2026-09-30T10:11:00,2026-09-30T10:10:00,9000.0,2026-10-12,9057.25,0,0,0.0,0.0,0.0,,,
2026-09-30T10:11:00,2026-09-30T10:10:00,9000.0,2026-10-13,9057.25,0,0,0.0,0.0,,,,
2026-09-30T10:11:00,2026-09-30T10:10:00,9000.0,2026-10-14,9057.25,0,0,0.0,0.0,0.0,,,
2026-09-30T10:11:00,2026-09-30T10:10:00,9000.0,2026-10-15,9057.25,0,0,0.0,0.0,0.0,,,
2026-09-30T10:11:00,2026-09-30T10:10:00,9000.0,2026-10-16,9057.25,0,0,0.0,0.0,0.0,0.0,,
2026-09-30T10:11:00,2026-09-30T10:10:00,9000.0,2026-10-19,9057.25,0,0,0.0,0.0,0.0,,,
2026-09-30T10:11:00,2026-09-30T10:10:00,9000.0,2026-10-20,9057.25,0,0,0.0,0.0,,,,
2026-09-30T10:11:00,2026-09-30T10:10:00,9100.0,2026-10-16,9157.25,0,0,0.0,0.0,0.0,,,
2026-09-30T10:11:00,2026-09-30T10:10:00,9200.0,2026-10-12,9257.25,0,0,0.0,0.0,0.0,,,
2026-09-30T10:11:00,2026-09-30T10:10:00,9200.0,2026-10-13,9257.25,0,0,0.0,0.0,0.0,,,
2026-09-30T10:11:00,2026-09-30T10:10:00,9200.0,2026-10-14,9257.25,0,0,0.0,0.0,,,,
2026-09-30T10:11:00,2026-09-30T10:10:00,9200.0,2026-10-15,9257.25,0,0,0.0,0.0,0.0,,,
2026-09-30T10:11:00,2026-09-30T10:10:00,9200.0,2026-10-16,9257.25,0,0,0.0,0.0,0.0,,,
2026-09-30T10:11:00,2026-09-30T10:10:00,9200.0,2026-10-19,9257.25,0,0,0.0,0.0,0.0,,,
2026-09-30T10:11:00,2026-09-30T10:10:00,9200.0,2026-10-20,9257.25,0,0,0.0,0.0,,,,
